question,question_concept,_split,answer,final_prompt,len_tk_mistral_7b_base
"If a person uses a computer at night to surf the internet, what feeling might they try to alleviate?",using computer,train-00000-of-00001,E,"Question:
If a person uses a computer at night to surf the internet, what feeling might they try to alleviate?

Which of the following is the best response to the question?

Choices:
A. eye strain
B. happiness
C. program created
D. lonely
E. stress

Reply with exactly one uppercase letter out of A, B, C, D or E.
",91
"People are always talking for a multitude of reasons, the most basic is that  is a way of doing what with one another?",talking,train-00000-of-00001,D,"Question:
People are always talking for a multitude of reasons, the most basic is that  is a way of doing what with one another?

Which of the following is the best response to the question?

Choices:
A. obtaining information
B. exchange of ideas
C. nose
D. sharing information
E. dry mouth

Reply with exactly one uppercase letter out of A, B, C, D or E.
",98
You will find many swamps in the in the southern U.S. along what geographic feature?,swamp,train-00000-of-00001,A,"Question:
You will find many swamps in the in the southern U.S. along what geographic feature?

Which of the following is the best response to the question?

Choices:
A. river delta
B. michigan
C. louisiana
D. wetlands
E. alligators

Reply with exactly one uppercase letter out of A, B, C, D or E.
",95
"Samantha was a person, but she wasn't comfortable with others.  She'd rather spend her time with what?",person,train-00000-of-00001,B,"Question:
Samantha was a person, but she wasn't comfortable with others.  She'd rather spend her time with what?

Which of the following is the best response to the question?

Choices:
A. headache
B. animal
C. many people
D. put together
E. own house

Reply with exactly one uppercase letter out of A, B, C, D or E.
",97
"There is a cave near the capital of Charleston, where is the cave at?",cave,train-00000-of-00001,A,"Question:
There is a cave near the capital of Charleston, where is the cave at?

Which of the following is the best response to the question?

Choices:
A. west virginia
B. rocky hills
C. kentucky
D. in a sea
E. desert

Reply with exactly one uppercase letter out of A, B, C, D or E.
",92
Johnny was looking for cookies that his mom had hid from him.  Where might he look for them?,cookie,train-00000-of-00001,E,"Question:
Johnny was looking for cookies that his mom had hid from him.  Where might he look for them?

Which of the following is the best response to the question?

Choices:
A. dessert
B. evercookie
C. evercookie
D. store
E. jar

Reply with exactly one uppercase letter out of A, B, C, D or E.
",91
"The gardener was famous for his rosebush, the roses were used all over America and up north where?",rosebush,train-00000-of-00001,C,"Question:
The gardener was famous for his rosebush, the roses were used all over America and up north where?

Which of the following is the best response to the question?

Choices:
A. park
B. maine
C. canada
D. california
E. indiana

Reply with exactly one uppercase letter out of A, B, C, D or E.
",94
"Dan is driving a car, though he's stopped at a light right now. What else can we assume that he's doing?",driving car,train-00000-of-00001,E,"Question:
Dan is driving a car, though he's stopped at a light right now. What else can we assume that he's doing?

Which of the following is the best response to the question?

Choices:
A. listening to the radio
B. car crash
C. moving
D. get sleepy
E. going someplace

Reply with exactly one uppercase letter out of A, B, C, D or E.
",102
"A european red fox roams in the wild, what side of the earth is it likely on?",fox,train-00000-of-00001,C,"Question:
A european red fox roams in the wild, what side of the earth is it likely on?

Which of the following is the best response to the question?

Choices:
A. england
B. undergrowth
C. northern hemisphere
D. nantucket
E. outer space

Reply with exactly one uppercase letter out of A, B, C, D or E.
",97
"During the date she explained her belief in fatalism, this contrasted with his strong belief in a person's what?",fatalism,train-00000-of-00001,A,"Question:
During the date she explained her belief in fatalism, this contrasted with his strong belief in a person's what?

Which of the following is the best response to the question?

Choices:
A. free will
B. fate
C. fatality
D. indeterminism
E. freedom

Reply with exactly one uppercase letter out of A, B, C, D or E.
",98
"If I wanted to eat something that is made from plants and needs to be washed, what would it be?",plants,validation-00000-of-00001,A,"Question:
If I wanted to eat something that is made from plants and needs to be washed, what would it be?

Which of the following is the best response to the question?

Choices:
A. roots
B. millions of cells
C. see work
D. leaves to gather light
E. flowers on

Reply with exactly one uppercase letter out of A, B, C, D or E.
",95
Dan outfitted his house to run on the oldest heat source on Earth. What is the oldest heat source on Earth?,heat source,train-00000-of-00001,B,"Question:
Dan outfitted his house to run on the oldest heat source on Earth. What is the oldest heat source on Earth?

Which of the following is the best response to the question?

Choices:
A. fire
B. solar energy
C. sun
D. house
E. coal or wood

Reply with exactly one uppercase letter out of A, B, C, D or E.
",94
If you've been in front of a computer all day and need to have a rest you can do what do relieve strain?,have rest,train-00000-of-00001,B,"Question:
If you've been in front of a computer all day and need to have a rest you can do what do relieve strain?

Which of the following is the best response to the question?

Choices:
A. sit down
B. closing eyes
C. relax
D. sleep
E. have dreams

Reply with exactly one uppercase letter out of A, B, C, D or E.
",96
"He needed to get ice to have a refreshing drink, the what was stuck on only hot mode?",ice,train-00000-of-00001,D,"Question:
He needed to get ice to have a refreshing drink, the what was stuck on only hot mode?

Which of the following is the best response to the question?

Choices:
A. refrigerator
B. cold weather
C. microwave
D. water cooler
E. mixed drinks

Reply with exactly one uppercase letter out of A, B, C, D or E.
",94
"She really wanted her husband to pick a place to have dinner, but he was so used to her choosing he just replied with what?",place,train-00000-of-00001,A,"Question:
She really wanted her husband to pick a place to have dinner, but he was so used to her choosing he just replied with what?

Which of the following is the best response to the question?

Choices:
A. wherever
B. medium
C. void
D. nowhere
E. being

Reply with exactly one uppercase letter out of A, B, C, D or E.
",93
"Tim flies airplanes, but not passenger planes.  He doesn't have to worry about passengers. All he has to do is what?",airplanes,train-00000-of-00001,E,"Question:
Tim flies airplanes, but not passenger planes.  He doesn't have to worry about passengers. All he has to do is what?

Which of the following is the best response to the question?

Choices:
A. arrive late
B. teach
C. catch on fire
D. taxi
E. carry freight

Reply with exactly one uppercase letter out of A, B, C, D or E.
",101
"If I want a horse from New England, what state should I look in?",horse,train-00000-of-00001,D,"Question:
If I want a horse from New England, what state should I look in?

Which of the following is the best response to the question?

Choices:
A. in kentucky
B. canada
C. engraving
D. new hampshire
E. new england

Reply with exactly one uppercase letter out of A, B, C, D or E.
",93
"The dumb kid tried to use his student ID at the door, this obviously did not get him into the what?",student,train-00000-of-00001,A,"Question:
The dumb kid tried to use his student ID at the door, this obviously did not get him into the what?

Which of the following is the best response to the question?

Choices:
A. bar
B. gentleman's lounge
C. kindergarten class
D. university
E. school

Reply with exactly one uppercase letter out of A, B, C, D or E.
",96
"Billy tried to defeat John, but John was just too good.  It seemed that billy could never achieve what?",defeat,train-00000-of-00001,E,"Question:
Billy tried to defeat John, but John was just too good.  It seemed that billy could never achieve what?

Which of the following is the best response to the question?

Choices:
A. winning
B. conquer
C. won
D. control
E. victory

Reply with exactly one uppercase letter out of A, B, C, D or E.
",92
What should you do when you need to raise your body temperature when it is chilly at night outdoors?,starting fire,train-00000-of-00001,A,"Question:
What should you do when you need to raise your body temperature when it is chilly at night outdoors?

Which of the following is the best response to the question?

Choices:
A. warmth
B. go to jail
C. sleepover
D. burns
E. damage

Reply with exactly one uppercase letter out of A, B, C, D or E.
",92
"If paramedics are trying to rescue someone who tries to hit them, what will they have to do with their hands?",rescue,train-00000-of-00001,A,"Question:
If paramedics are trying to rescue someone who tries to hit them, what will they have to do with their hands?

Which of the following is the best response to the question?

Choices:
A. bind
B. abandon
C. hurt
D. kidnap
E. endanger

Reply with exactly one uppercase letter out of A, B, C, D or E.
",93
"The child wasn't allowed in the kitchen but still wanted to help, what could it do to help in the dining room?",child,validation-00000-of-00001,A,"Question:
The child wasn't allowed in the kitchen but still wanted to help, what could it do to help in the dining room?

Which of the following is the best response to the question?

Choices:
A. set table
B. form opinions
C. make honey
D. become adult
E. gather flowers

Reply with exactly one uppercase letter out of A, B, C, D or E.
",97
"The scientist began to analyse the results of all the tests, he was hoping to do what ideas about the theory?",analyse,train-00000-of-00001,A,"Question:
The scientist began to analyse the results of all the tests, he was hoping to do what ideas about the theory?

Which of the following is the best response to the question?

Choices:
A. learn new
B. think about
C. ball stopped
D. come to conclusion
E. look at

Reply with exactly one uppercase letter out of A, B, C, D or E.
",96
If you need more than just a definition perhaps you should put down the dictionary and pick up a what?,dictionary,train-00000-of-00001,E,"Question:
If you need more than just a definition perhaps you should put down the dictionary and pick up a what?

Which of the following is the best response to the question?

Choices:
A. novel
B. see work
C. thesaurus
D. determine word's definition
E. encyclopedia

Reply with exactly one uppercase letter out of A, B, C, D or E.
",97
"Billy wants to learn how to socialize, but he doesn't know where to start.  He calls his best friend and asks for what?",socialize,train-00000-of-00001,D,"Question:
Billy wants to learn how to socialize, but he doesn't know where to start.  He calls his best friend and asks for what?

Which of the following is the best response to the question?

Choices:
A. have friends
B. meet new people
C. entertainment
D. input
E. friendship

Reply with exactly one uppercase letter out of A, B, C, D or E.
",100
What would a paper be if the typing on the paper was made using foreign characters?,typing,train-00000-of-00001,B,"Question:
What would a paper be if the typing on the paper was made using foreign characters?

Which of the following is the best response to the question?

Choices:
A. communication
B. indeterminate
C. carpal tunnel syndrome
D. communicating
E. japanese

Reply with exactly one uppercase letter out of A, B, C, D or E.
",92
Jennifer wanted to connect with other people.  But she was abrasive and clingy. Her attempts to get closer just did what to her connections?,connect,train-00000-of-00001,C,"Question:
Jennifer wanted to connect with other people.  But she was abrasive and clingy. Her attempts to get closer just did what to her connections?

Which of the following is the best response to the question?

Choices:
A. had to say
B. separate
C. sever
D. pull apart
E. sever

Reply with exactly one uppercase letter out of A, B, C, D or E.
",103
"Billy was was going on a long vacation, but before he did he got a bite to eat.  Where might he have eaten?",food,train-00000-of-00001,B,"Question:
Billy was was going on a long vacation, but before he did he got a bite to eat.  Where might he have eaten?

Which of the following is the best response to the question?

Choices:
A. space shuttle
B. friend's house
C. disneyland
D. supermarket
E. gas station

Reply with exactly one uppercase letter out of A, B, C, D or E.
",103
"The fleas made her pet scratch a bare spot below it's whiskers, she felt bad for her pet what?",fleas,train-00000-of-00001,A,"Question:
The fleas made her pet scratch a bare spot below it's whiskers, she felt bad for her pet what?

Which of the following is the best response to the question?

Choices:
A. cat
B. rug
C. dog
D. carpet
E. bird

Reply with exactly one uppercase letter out of A, B, C, D or E.
",91
"The interior designer didn't like the office just yet, so she tried putting a colorful rug under the computer what?",rug,train-00000-of-00001,C,"Question:
The interior designer didn't like the office just yet, so she tried putting a colorful rug under the computer what?

Which of the following is the best response to the question?

Choices:
A. table
B. sofa
C. desk
D. bedroom
E. living room

Reply with exactly one uppercase letter out of A, B, C, D or E.
",92
To locate a choker not located in a jewelry box or boutique where would you go?,choker,train-00000-of-00001,A,"Question:
To locate a choker not located in a jewelry box or boutique where would you go?

Which of the following is the best response to the question?

Choices:
A. jewelry store
B. neck
C. jewlery box
D. jewelry box
E. boutique

Reply with exactly one uppercase letter out of A, B, C, D or E.
",91
"He wasn't able to enjoy the party because he was too worried about his things and cleaning up, where was the party?",party,train-00000-of-00001,A,"Question:
He wasn't able to enjoy the party because he was too worried about his things and cleaning up, where was the party?

Which of the following is the best response to the question?

Choices:
A. home
B. fraternity house
C. boat
D. friend's house
E. blowing off steam

Reply with exactly one uppercase letter out of A, B, C, D or E.
",100
"Even though many in his neighborhood dropped out, he still had the ambition to what?",ambition,train-00000-of-00001,E,"Question:
Even though many in his neighborhood dropped out, he still had the ambition to what?

Which of the following is the best response to the question?

Choices:
A. board a train
B. in charge of project
C. begin work
D. run marathon
E. go to school

Reply with exactly one uppercase letter out of A, B, C, D or E.
",94
"He had no issue committing perjury, he had a what that he would get away with it?",committing perjury,validation-00000-of-00001,A,"Question:
He had no issue committing perjury, he had a what that he would get away with it?

Which of the following is the best response to the question?

Choices:
A. confidence
B. go to jail
C. telling lies
D. lying
E. manual

Reply with exactly one uppercase letter out of A, B, C, D or E.
",91
John spent an hour in the bath just relaxing.  He enjoyed the sensations of it. He liked doing what?,relaxing,train-00000-of-00001,E,"Question:
John spent an hour in the bath just relaxing.  He enjoyed the sensations of it. He liked doing what?

Which of the following is the best response to the question?

Choices:
A. invigorating
B. being clean
C. fall asleep
D. deep breathing
E. feeling good

Reply with exactly one uppercase letter out of A, B, C, D or E.
",97
"The baby heard his mom talk for months, what did he do as a result?",baby,train-00000-of-00001,E,"Question:
The baby heard his mom talk for months, what did he do as a result?

Which of the following is the best response to the question?

Choices:
A. learn to speak
B. talk nonsense
C. talk rubbish
D. boy or girl
E. begin to talk

Reply with exactly one uppercase letter out of A, B, C, D or E.
",93
"Joe was gentle when he was setting the cup on the table, because it didn't want to make any what?",setting cup on table,train-00000-of-00001,D,"Question:
Joe was gentle when he was setting the cup on the table, because it didn't want to make any what?

Which of the following is the best response to the question?

Choices:
A. distractions
B. water mark
C. put down
D. noise
E. picks up

Reply with exactly one uppercase letter out of A, B, C, D or E.
",96
"Sam was very orthodox.  This was in opposition to his roommate, who was very what?",orthodox,train-00000-of-00001,A,"Question:
Sam was very orthodox.  This was in opposition to his roommate, who was very what?

Which of the following is the best response to the question?

Choices:
A. liberal
B. heretical
C. recalcitrant
D. conservadox
E. catholic.

Reply with exactly one uppercase letter out of A, B, C, D or E.
",97
"Even when not in flight a bald eagle likes to have a lay of the land, because of this you'll see them perched up where?",bald eagle,train-00000-of-00001,D,"Question:
Even when not in flight a bald eagle likes to have a lay of the land, because of this you'll see them perched up where?

Which of the following is the best response to the question?

Choices:
A. colorado
B. natural habitat
C. everglades
D. high places
E. tree

Reply with exactly one uppercase letter out of A, B, C, D or E.
",102
Billy hated watchign the turtle move.  He couldn't stand the silly parts.  He was annoyed by all of the what?,watching film,train-00000-of-00001,D,"Question:
Billy hated watchign the turtle move.  He couldn't stand the silly parts.  He was annoyed by all of the what?

Which of the following is the best response to the question?

Choices:
A. ridiculous
B. enjoyment
C. relaxation
D. stupidity
E. like

Reply with exactly one uppercase letter out of A, B, C, D or E.
",100
From where would you normally take a cup when you're about to get a drink?,cup,validation-00000-of-00001,E,"Question:
From where would you normally take a cup when you're about to get a drink?

Which of the following is the best response to the question?

Choices:
A. dishwasher
B. water fountain
C. sand box
D. toilet
E. kitchen cabinet

Reply with exactly one uppercase letter out of A, B, C, D or E.
",92
"Skiing can be very risky, it can be the cause of a very serious what?",skiing,train-00000-of-00001,D,"Question:
Skiing can be very risky, it can be the cause of a very serious what?

Which of the following is the best response to the question?

Choices:
A. fall down
B. fall in
C. getting cold
D. accident
E. trip and fall

Reply with exactly one uppercase letter out of A, B, C, D or E.
",91
"The teacher explained that even though everybody is general each of the students was an individual, she wanted each student to feel what?",general,train-00000-of-00001,C,"Question:
The teacher explained that even though everybody is general each of the students was an individual, she wanted each student to feel what?

Which of the following is the best response to the question?

Choices:
A. specific
B. particular
C. special
D. advance forces to city
E. particular

Reply with exactly one uppercase letter out of A, B, C, D or E.
",94
"The peanuts were being sold at stalls by the ferris wheel, so where were they being sold?",peanuts,train-00000-of-00001,C,"Question:
The peanuts were being sold at stalls by the ferris wheel, so where were they being sold?

Which of the following is the best response to the question?

Choices:
A. barn
B. ballpark
C. carnival
D. jar
E. plane

Reply with exactly one uppercase letter out of A, B, C, D or E.
",93
Billy tried to find the hole but he could not.  He scoured the place many times searching.  What might he have scoured?,hole,train-00000-of-00001,D,"Question:
Billy tried to find the hole but he could not.  He scoured the place many times searching.  What might he have scoured?

Which of the following is the best response to the question?

Choices:
A. notebook paper
B. swiss cheese
C. doughnut
D. golf course
E. bagel

Reply with exactly one uppercase letter out of A, B, C, D or E.
",102
"If the vegetable plants needed watering, you might want to get the hose out of the what?",hose,train-00000-of-00001,C,"Question:
If the vegetable plants needed watering, you might want to get the hose out of the what?

Which of the following is the best response to the question?

Choices:
A. balcony
B. greenhouse
C. garden shed
D. hardware store
E. garage

Reply with exactly one uppercase letter out of A, B, C, D or E.
",92
"John and Grace  live where there are many people, but it's hard for them to move around because of all the what?",people,train-00000-of-00001,E,"Question:
John and Grace  live where there are many people, but it's hard for them to move around because of all the what?

Which of the following is the best response to the question?

Choices:
A. race track
B. populated areas
C. opera
D. commotion
E. roadblock

Reply with exactly one uppercase letter out of A, B, C, D or E.
",98
What does a parent tell their child to do after they've played with a lot of toys?,child,train-00000-of-00001,E,"Question:
What does a parent tell their child to do after they've played with a lot of toys?

Which of the following is the best response to the question?

Choices:
A. go to bed
B. become adult
C. read book
D. grow up
E. clean room

Reply with exactly one uppercase letter out of A, B, C, D or E.
",92
Where do people who use a puck for living go at the end of their work day?,puck,train-00000-of-00001,A,"Question:
Where do people who use a puck for living go at the end of their work day?

Which of the following is the best response to the question?

Choices:
A. locker room
B. desert
C. ice hockey game
D. sporting goods store
E. hockey rink

Reply with exactly one uppercase letter out of A, B, C, D or E.
",94
Sam was a short distance runner. He couldn't do long distances.  What might happen if he tried long distances?,runner,train-00000-of-00001,C,"Question:
Sam was a short distance runner. He couldn't do long distances.  What might happen if he tried long distances?

Which of the following is the best response to the question?

Choices:
A. gain ground
B. trip over
C. get tired
D. enter marathon
E. go to sleeping

Reply with exactly one uppercase letter out of A, B, C, D or E.
",98
"If person goes to a bar, spends a few hours hitting the bottle, then takes himself home, what might he get?",hitting bottle,train-00000-of-00001,B,"Question:
If person goes to a bar, spends a few hours hitting the bottle, then takes himself home, what might he get?

Which of the following is the best response to the question?

Choices:
A. full bladder
B. ticket
C. alcoholism
D. nausea
E. breaking

Reply with exactly one uppercase letter out of A, B, C, D or E.
",98
"If you're releasing energy with another person and you're both naked, what are you likely to be having?",releasing energy,train-00000-of-00001,A,"Question:
If you're releasing energy with another person and you're both naked, what are you likely to be having?

Which of the following is the best response to the question?

Choices:
A. sex
B. movement
C. exercising
D. swimming
E. sweat

Reply with exactly one uppercase letter out of A, B, C, D or E.
",91
Sam was alone in spite of the fact that he was at a family reunion and mingling with what?,alone,train-00000-of-00001,B,"Question:
Sam was alone in spite of the fact that he was at a family reunion and mingling with what?

Which of the following is the best response to the question?

Choices:
A. with someone
B. many people
C. together
D. party
E. in crowd

Reply with exactly one uppercase letter out of A, B, C, D or E.
",92
"If I am suffering from boredom, and I am also hungry, what should I do?",boredom,train-00000-of-00001,C,"Question:
If I am suffering from boredom, and I am also hungry, what should I do?

Which of the following is the best response to the question?

Choices:
A. take a nap because you're broke
B. do crossword puzzle
C. grocery shop
D. see art
E. play games

Reply with exactly one uppercase letter out of A, B, C, D or E.
",98
"They began moving car with their bare hands to save the child trapped underneath, nobody could explain where they got the what to do so?",moving car,train-00000-of-00001,A,"Question:
They began moving car with their bare hands to save the child trapped underneath, nobody could explain where they got the what to do so?

Which of the following is the best response to the question?

Choices:
A. strength
B. energy
C. force
D. drive
E. mood

Reply with exactly one uppercase letter out of A, B, C, D or E.
",93
Where can you learn about a ferret with special abilities far beyond normal ferrets?,ferret,train-00000-of-00001,A,"Question:
Where can you learn about a ferret with special abilities far beyond normal ferrets?

Which of the following is the best response to the question?

Choices:
A. comic book
B. out of doors
C. great britain
D. redwall
E. north carolina

Reply with exactly one uppercase letter out of A, B, C, D or E.
",92
"A sporting goods store is usually found in shopping squares and malls, but the privately owned shop was just right there in the small what?",sporting goods store,train-00000-of-00001,B,"Question:
A sporting goods store is usually found in shopping squares and malls, but the privately owned shop was just right there in the small what?

Which of the following is the best response to the question?

Choices:
A. village
B. town
C. buy fishing pole
D. jerseys
E. city

Reply with exactly one uppercase letter out of A, B, C, D or E.
",101
"The calm seas weren't going to stay that way long, their sails filled as it got what?",calm,train-00000-of-00001,D,"Question:
The calm seas weren't going to stay that way long, their sails filled as it got what?

Which of the following is the best response to the question?

Choices:
A. disturbed
B. stressed
C. give up
D. windy
E. flustered

Reply with exactly one uppercase letter out of A, B, C, D or E.
",93
Billy was searching for leaves to add to his collection.  Where might he have looked for them?,leaf,train-00000-of-00001,E,"Question:
Billy was searching for leaves to add to his collection.  Where might he have looked for them?

Which of the following is the best response to the question?

Choices:
A. compost pile
B. floral arrangement
C. trees
D. bathroom
E. forrest

Reply with exactly one uppercase letter out of A, B, C, D or E.
",92
"What could happen to you if someone threatens to charge you with obstructing justice, even if he or she does not do it?",obstructing justice,train-00000-of-00001,B,"Question:
What could happen to you if someone threatens to charge you with obstructing justice, even if he or she does not do it?

Which of the following is the best response to the question?

Choices:
A. get arrested
B. fear
C. getting arrested
D. going to jail
E. fined

Reply with exactly one uppercase letter out of A, B, C, D or E.
",99
"The producer told them to take out the scene with full nudity, this was because PG-13 only allowed for what kind of nudity?",full,train-00000-of-00001,E,"Question:
The producer told them to take out the scene with full nudity, this was because PG-13 only allowed for what kind of nudity?

Which of the following is the best response to the question?

Choices:
A. close fitting
B. tight
C. empty
D. incomplete
E. partial

Reply with exactly one uppercase letter out of A, B, C, D or E.
",100
"She had an interest in the man, what did she want to do with him?",interest,validation-00000-of-00001,D,"Question:
She had an interest in the man, what did she want to do with him?

Which of the following is the best response to the question?

Choices:
A. see particular program
B. see exhibits
C. see people play game
D. have conversation
E. watch film

Reply with exactly one uppercase letter out of A, B, C, D or E.
",92
"Like with owning a kitten, what is a common danger when participating in the sport of fencing?",fencing,train-00000-of-00001,A,"Question:
Like with owning a kitten, what is a common danger when participating in the sport of fencing?

Which of the following is the best response to the question?

Choices:
A. small cuts
B. puncture wound
C. competition
D. injury
E. panting

Reply with exactly one uppercase letter out of A, B, C, D or E.
",92
"If I am playing a xylophone with a large, amateur ensemble of young people, what am I a member of?",xylophone,train-00000-of-00001,C,"Question:
If I am playing a xylophone with a large, amateur ensemble of young people, what am I a member of?

Which of the following is the best response to the question?

Choices:
A. chef
B. abc book
C. high school band
D. orchestra
E. museum

Reply with exactly one uppercase letter out of A, B, C, D or E.
",96
Sarah loves giving assistance.  She doesn't ask for anything in returned.  What does Sarah probably care about most?,giving assistance,train-00000-of-00001,C,"Question:
Sarah loves giving assistance.  She doesn't ask for anything in returned.  What does Sarah probably care about most?

Which of the following is the best response to the question?

Choices:
A. her hair
B. better circumstances
C. people helped
D. learning new skills
E. happiness

Reply with exactly one uppercase letter out of A, B, C, D or E.
",98
What would you do with your plumbing to a plumber if it is broken?,plumbing,train-00000-of-00001,C,"Question:
What would you do with your plumbing to a plumber if it is broken?

Which of the following is the best response to the question?

Choices:
A. synagogue
B. water fountain
C. show
D. central
E. oil refineries

Reply with exactly one uppercase letter out of A, B, C, D or E.
",91
Sometimes the wealth of another country will cause the greed of the leadership to attempt to do what?,greed,train-00000-of-00001,C,"Question:
Sometimes the wealth of another country will cause the greed of the leadership to attempt to do what?

Which of the following is the best response to the question?

Choices:
A. make friends
B. fight unfairly
C. conquer opponent
D. lie
E. play poker

Reply with exactly one uppercase letter out of A, B, C, D or E.
",92
"Lizards need the sun's heat to regulate their body temperature, this is why you'll see them still on what?",lizard,train-00000-of-00001,E,"Question:
Lizards need the sun's heat to regulate their body temperature, this is why you'll see them still on what?

Which of the following is the best response to the question?

Choices:
A. bushes
B. dessert
C. books
D. heat lamps
E. rocks

Reply with exactly one uppercase letter out of A, B, C, D or E.
",98
Bailey was a real estate agent and good at his job.  He could easily do what to people?,real estate agent,train-00000-of-00001,E,"Question:
Bailey was a real estate agent and good at his job.  He could easily do what to people?

Which of the following is the best response to the question?

Choices:
A. deceive
B. exaggerate
C. incompetent
D. persuade
E. manipulate

Reply with exactly one uppercase letter out of A, B, C, D or E.
",95
James loved to surf but he wasn't good at it. He would always do what?,surf,validation-00000-of-00001,A,"Question:
James loved to surf but he wasn't good at it. He would always do what?

Which of the following is the best response to the question?

Choices:
A. wipe out
B. enjoy yourself
C. start fighting
D. get wet
E. drown

Reply with exactly one uppercase letter out of A, B, C, D or E.
",92
"Killing people had become a way of life for the gangster, but surely he would also what?",killing people,train-00000-of-00001,C,"Question:
Killing people had become a way of life for the gangster, but surely he would also what?

Which of the following is the best response to the question?

Choices:
A. feel remorse
B. hate
C. get killed
D. teach children
E. murder

Reply with exactly one uppercase letter out of A, B, C, D or E.
",91
Where would you put a folding chair if you do not plan to use it and you do not have any large doors in your house?,folding chair,train-00000-of-00001,D,"Question:
Where would you put a folding chair if you do not plan to use it and you do not have any large doors in your house?

Which of the following is the best response to the question?

Choices:
A. roof
B. school
C. beach
D. closet
E. garage

Reply with exactly one uppercase letter out of A, B, C, D or E.
",94
"I feel hunger, but I don't want to get any food because work has been slow this month, what don't I want to do?",hunger,train-00000-of-00001,E,"Question:
I feel hunger, but I don't want to get any food because work has been slow this month, what don't I want to do?

Which of the following is the best response to the question?

Choices:
A. drink
B. begin work
C. have lunch
D. eat quickly
E. spend money

Reply with exactly one uppercase letter out of A, B, C, D or E.
",101
"Jim was beginning work on his essay the day before it was due, what did Jim suffer from?",beginning work,train-00000-of-00001,E,"Question:
Jim was beginning work on his essay the day before it was due, what did Jim suffer from?

Which of the following is the best response to the question?

Choices:
A. getting tired
B. illiteracy
C. sitting down
D. excitement
E. procrastination

Reply with exactly one uppercase letter out of A, B, C, D or E.
",94
"The police busted down his door, he realized only then he was just the pawn in his partner's grander what?",pawn,train-00000-of-00001,A,"Question:
The police busted down his door, he realized only then he was just the pawn in his partner's grander what?

Which of the following is the best response to the question?

Choices:
A. scheme
B. chess game
C. chess set
D. business idea
E. playing chess

Reply with exactly one uppercase letter out of A, B, C, D or E.
",100
"John lives in Texas. If he takes the highway South and doesn't stop, where will he end up next?",highway,train-00000-of-00001,E,"Question:
John lives in Texas. If he takes the highway South and doesn't stop, where will he end up next?

Which of the following is the best response to the question?

Choices:
A. oklahoma
B. developed land
C. united states
D. desert
E. mexico

Reply with exactly one uppercase letter out of A, B, C, D or E.
",95
Sally went to a store and spent money.  Most of her purchases were fresh but some were frozen.  What did she do?,money,train-00000-of-00001,D,"Question:
Sally went to a store and spent money.  Most of her purchases were fresh but some were frozen.  What did she do?

Which of the following is the best response to the question?

Choices:
A. made a mistake
B. control people
C. get things
D. buy food
E. pay bills

Reply with exactly one uppercase letter out of A, B, C, D or E.
",100
"The college student much preferred reading during her free time, her roommates on the other hand preferred what?",reading,train-00000-of-00001,A,"Question:
The college student much preferred reading during her free time, her roommates on the other hand preferred what?

Which of the following is the best response to the question?

Choices:
A. watching tv
B. listening
C. sleeping
D. illiterate
E. illiteracy

Reply with exactly one uppercase letter out of A, B, C, D or E.
",92
"Fighting inflation is always a topic in economics, but the soon to be homeowner had to worry about the what?",fighting inflation,train-00000-of-00001,C,"Question:
Fighting inflation is always a topic in economics, but the soon to be homeowner had to worry about the what?

Which of the following is the best response to the question?

Choices:
A. lower interest
B. raising interest rates
C. higher interest rates
D. lowering prices
E. save money

Reply with exactly one uppercase letter out of A, B, C, D or E.
",99
Someone who gets nervous and doesn't know how to dance might do what when they attempt to start dancing?,dance,train-00000-of-00001,D,"Question:
Someone who gets nervous and doesn't know how to dance might do what when they attempt to start dancing?

Which of the following is the best response to the question?

Choices:
A. wallflower
B. stand down
C. sitting still
D. stand still
E. standing still

Reply with exactly one uppercase letter out of A, B, C, D or E.
",95
"They made their way down the motorway to watch some car drive in circles, where were they going?",motorway,train-00000-of-00001,D,"Question:
They made their way down the motorway to watch some car drive in circles, where were they going?

Which of the following is the best response to the question?

Choices:
A. indiana
B. new jersey
C. england
D. race track
E. patina

Reply with exactly one uppercase letter out of A, B, C, D or E.
",93
Dan wondered where those ball bearings came from.  Ball bearings are used in what sort of thing?,ball bearing,train-00000-of-00001,D,"Question:
Dan wondered where those ball bearings came from.  Ball bearings are used in what sort of thing?

Which of the following is the best response to the question?

Choices:
A. support axial loads
B. can
C. allow movement
D. machines
E. church

Reply with exactly one uppercase letter out of A, B, C, D or E.
",92
James tore the antenna off of his boat due to bad reception as he was crossing the channel from France.  Where was he going?,channel,validation-00000-of-00001,D,"Question:
James tore the antenna off of his boat due to bad reception as he was crossing the channel from France.  Where was he going?

Which of the following is the best response to the question?

Choices:
A. river
B. television
C. india
D. england
E. europe

Reply with exactly one uppercase letter out of A, B, C, D or E.
",98
"John put  salt on his salad.  Mary suggested that he should spritz what on it, instead?",salt,train-00000-of-00001,C,"Question:
John put  salt on his salad.  Mary suggested that he should spritz what on it, instead?

Which of the following is the best response to the question?

Choices:
A. peppers
B. black pepper
C. vinegar
D. cure meat
E. adding flavor

Reply with exactly one uppercase letter out of A, B, C, D or E.
",94
"Sean was a wreck.  He  loved to build houses, but in his current state, he couldn't do what?",wreck,validation-00000-of-00001,C,"Question:
Sean was a wreck.  He  loved to build houses, but in his current state, he couldn't do what?

Which of the following is the best response to the question?

Choices:
A. stand up
B. produce
C. construct
D. make
E. build

Reply with exactly one uppercase letter out of A, B, C, D or E.
",94
"After his mother saw his report card he knew he was going to be doing housework, what could have prevented this?",doing housework,train-00000-of-00001,E,"Question:
After his mother saw his report card he knew he was going to be doing housework, what could have prevented this?

Which of the following is the best response to the question?

Choices:
A. sneezing
B. fatigue
C. house clean
D. feeling satisfied
E. getting good grades

Reply with exactly one uppercase letter out of A, B, C, D or E.
",97
"The person was always using mouthwash, why were they doing that?",person,train-00000-of-00001,C,"Question:
The person was always using mouthwash, why were they doing that?

Which of the following is the best response to the question?

Choices:
A. headache
B. to quench thirst
C. white teeth
D. source of income
E. fair trial

Reply with exactly one uppercase letter out of A, B, C, D or E.
",91
"The person took a ibuprofen after experiencing a headache, what happened to him next?",person,train-00000-of-00001,A,"Question:
The person took a ibuprofen after experiencing a headache, what happened to him next?

Which of the following is the best response to the question?

Choices:
A. feel relieved
B. cross street
C. learn to swim
D. walk
E. act responsibly

Reply with exactly one uppercase letter out of A, B, C, D or E.
",92
"His favorite general store had most things, and if it didn't it was conveniently located with other shops in the what?",general store,train-00000-of-00001,A,"Question:
His favorite general store had most things, and if it didn't it was conveniently located with other shops in the what?

Which of the following is the best response to the question?

Choices:
A. shopping mall
B. barn
C. salt
D. old west
E. checkers

Reply with exactly one uppercase letter out of A, B, C, D or E.
",96
"His hatred drove him, he rose through the ranks and eventually led the soldiers to the end game of doing what?",hatred,train-00000-of-00001,E,"Question:
His hatred drove him, he rose through the ranks and eventually led the soldiers to the end game of doing what?

Which of the following is the best response to the question?

Choices:
A. judge
B. fight enemy
C. killing
D. advance into battle
E. conquer opponent

Reply with exactly one uppercase letter out of A, B, C, D or E.
",94
"When James flew to see his sister across the country, the first thing he looked for was a bar.   Where might Jame's sister have lived?",bar,train-00000-of-00001,C,"Question:
When James flew to see his sister across the country, the first thing he looked for was a bar.   Where might Jame's sister have lived?

Which of the following is the best response to the question?

Choices:
A. airport
B. salon
C. michigan
D. nightclub
E. public house

Reply with exactly one uppercase letter out of A, B, C, D or E.
",103
"There was a toll road outsied of Hoboke, where was it located?",toll road,train-00000-of-00001,D,"Question:
There was a toll road outsied of Hoboke, where was it located?

Which of the following is the best response to the question?

Choices:
A. massachusetts
B. connecticut
C. new england
D. new jersey
E. west united states

Reply with exactly one uppercase letter out of A, B, C, D or E.
",91
"She was famous for her needlepoint, this one was going to be round so she grabbed her round wooden what?",needlepoint,train-00000-of-00001,D,"Question:
She was famous for her needlepoint, this one was going to be round so she grabbed her round wooden what?

Which of the following is the best response to the question?

Choices:
A. livingroom
B. artscraft store
C. sewing
D. frame
E. artefact

Reply with exactly one uppercase letter out of A, B, C, D or E.
",95
"James thought that the desk was built with solidity, but when he rapped on it he could hear what?",solidity,train-00000-of-00001,C,"Question:
James thought that the desk was built with solidity, but when he rapped on it he could hear what?

Which of the following is the best response to the question?

Choices:
A. openness
B. instability
C. hollowness
D. strange sounds
E. weakness

Reply with exactly one uppercase letter out of A, B, C, D or E.
",96
What would happen to a person if he or she fell down and broke his or her leg?,person,train-00000-of-00001,E,"Question:
What would happen to a person if he or she fell down and broke his or her leg?

Which of the following is the best response to the question?

Choices:
A. get cast
B. try to learn
C. feel proud
D. catch cold
E. need assistance

Reply with exactly one uppercase letter out of A, B, C, D or E.
",91
Dan found a bunch of ball bearings behind a wall when he was doing renovations.  Where might that wall have been?,ball bearing,train-00000-of-00001,D,"Question:
Dan found a bunch of ball bearings behind a wall when he was doing renovations.  Where might that wall have been?

Which of the following is the best response to the question?

Choices:
A. high quality motor
B. skatepark
C. machines
D. church
E. can

Reply with exactly one uppercase letter out of A, B, C, D or E.
",96
"The delivery man was delivering a whole crate of shampoo, they went through a lot of it at the what?",shampoo,train-00000-of-00001,E,"Question:
The delivery man was delivering a whole crate of shampoo, they went through a lot of it at the what?

Which of the following is the best response to the question?

Choices:
A. supermarket
B. motel
C. at hotel
D. shampoo bottle
E. hair salon

Reply with exactly one uppercase letter out of A, B, C, D or E.
",98
"If I have to pass through a ticket booth to ride a roller coaster, where am I likely?",ticket booth,train-00000-of-00001,B,"Question:
If I have to pass through a ticket booth to ride a roller coaster, where am I likely?

Which of the following is the best response to the question?

Choices:
A. train station
B. amusement park
C. venue
D. bank
E. fairgrounds

Reply with exactly one uppercase letter out of A, B, C, D or E.
",93
John played a brass drum very well.  He loved classical music and decided that he wanted to join what?,bass drum,train-00000-of-00001,D,"Question:
John played a brass drum very well.  He loved classical music and decided that he wanted to join what?

Which of the following is the best response to the question?

Choices:
A. low notes
B. rock band
C. sing
D. orchestra
E. drum set

Reply with exactly one uppercase letter out of A, B, C, D or E.
",92
Food on what kind of transport is normally freeze dried or dehydrated?,food,train-00000-of-00001,C,"Question:
Food on what kind of transport is normally freeze dried or dehydrated?

Which of the following is the best response to the question?

Choices:
A. friend's house
B. bicycle
C. space shuttle
D. kitchen
E. disneyland

Reply with exactly one uppercase letter out of A, B, C, D or E.
",91
"He found it odd that while attending lecture the professor got preachy, and even weirder when his fellow students started to what?",attending lecture,train-00000-of-00001,A,"Question:
He found it odd that while attending lecture the professor got preachy, and even weirder when his fellow students started to what?

Which of the following is the best response to the question?

Choices:
A. applaud
B. laughed
C. learning
D. taking notes
E. fall asleep

Reply with exactly one uppercase letter out of A, B, C, D or E.
",97
Jan is a person who works in a zoo and is very well organized.  You might say that he is very what?,person,train-00000-of-00001,C,"Question:
Jan is a person who works in a zoo and is very well organized.  You might say that he is very what?

Which of the following is the best response to the question?

Choices:
A. many people
B. animal
C. put together
D. headache
E. nuisances

Reply with exactly one uppercase letter out of A, B, C, D or E.
",97
James put a divider between arithmetic and English.  This meant that he could continue using what?,divider,train-00000-of-00001,E,"Question:
James put a divider between arithmetic and English.  This meant that he could continue using what?

Which of the following is the best response to the question?

Choices:
A. office suite
B. his textbook
C. binder
D. math class
E. notebook

Reply with exactly one uppercase letter out of A, B, C, D or E.
",94
"He was selling all his collector items even the rare plate, he had bought a lot at the what for the weekend?",plate,train-00000-of-00001,D,"Question:
He was selling all his collector items even the rare plate, he had bought a lot at the what for the weekend?

Which of the following is the best response to the question?

Choices:
A. supermarket
B. kitchen cupboard
C. table
D. flea market
E. dishwasher

Reply with exactly one uppercase letter out of A, B, C, D or E.
",99
"If someone was determined to curb their inability to save for retirement, they might want to look into the what?",curb,train-00000-of-00001,E,"Question:
If someone was determined to curb their inability to save for retirement, they might want to look into the what?

Which of the following is the best response to the question?

Choices:
A. sidewalk
B. under the bed
C. street corner
D. city
E. stockmarket

Reply with exactly one uppercase letter out of A, B, C, D or E.
",94
"He was receiving workman's compensation, he had tripped over a metal rod while building where?",metal rod,train-00000-of-00001,B,"Question:
He was receiving workman's compensation, he had tripped over a metal rod while building where?

Which of the following is the best response to the question?

Choices:
A. factory
B. construction site
C. engine
D. insides of skyscraper's walls
E. shops

Reply with exactly one uppercase letter out of A, B, C, D or E.
",97
"John kept his right hand on the wall, knowing that it's the simplest way to keep from backtracking.  Where is John?",wall,train-00000-of-00001,C,"Question:
John kept his right hand on the wall, knowing that it's the simplest way to keep from backtracking.  Where is John?

Which of the following is the best response to the question?

Choices:
A. corner
B. art show
C. labyrinth
D. classroom
E. prison

Reply with exactly one uppercase letter out of A, B, C, D or E.
",99
John was cleaning up and found pics from his trip to California in something old.  What did he probablt find them in?,pictures,train-00000-of-00001,A,"Question:
John was cleaning up and found pics from his trip to California in something old.  What did he probablt find them in?

Which of the following is the best response to the question?

Choices:
A. suitcase
B. television
C. attic
D. fridge
E. newspaper

Reply with exactly one uppercase letter out of A, B, C, D or E.
",97
James went to Sarah's birthday party on the day after his father died.  He wanted her to be what?,birthday,train-00000-of-00001,C,"Question:
James went to Sarah's birthday party on the day after his father died.  He wanted her to be what?

Which of the following is the best response to the question?

Choices:
A. mourn
B. dead day
C. happy
D. new age
E. funeral

Reply with exactly one uppercase letter out of A, B, C, D or E.
",94
"He dreamed he was wide awake, but in fact he was in the middle of a very what?",awake,train-00000-of-00001,A,"Question:
He dreamed he was wide awake, but in fact he was in the middle of a very what?

Which of the following is the best response to the question?

Choices:
A. deep sleep
B. get to sleep
C. conscious
D. open eyes
E. field

Reply with exactly one uppercase letter out of A, B, C, D or E.
",91
James was an American horse. He thought his home was too hot.  Where might he have lived?,horse,train-00000-of-00001,A,"Question:
James was an American horse. He thought his home was too hot.  Where might he have lived?

Which of the following is the best response to the question?

Choices:
A. arizona
B. farm yard
C. south
D. michigan
E. western movie

Reply with exactly one uppercase letter out of A, B, C, D or E.
",93
"If one needed the bathroom they needed a key, to get it they had to also buy something from the what?",bathroom,validation-00000-of-00001,B,"Question:
If one needed the bathroom they needed a key, to get it they had to also buy something from the what?

Which of the following is the best response to the question?

Choices:
A. school
B. convenience store
C. rest area
D. mall
E. theater

Reply with exactly one uppercase letter out of A, B, C, D or E.
",92
"If a person wants to get coffee without leaving their car, where might they stop?",coffee,train-00000-of-00001,E,"Question:
If a person wants to get coffee without leaving their car, where might they stop?

Which of the following is the best response to the question?

Choices:
A. gas station
B. grocery store
C. friend's house
D. supermarket
E. fast food restaurant

Reply with exactly one uppercase letter out of A, B, C, D or E.
",91
"A student puked in the cafeteria, the janitor retrieved his bucket of sawdust from the what?",bucket,train-00000-of-00001,A,"Question:
A student puked in the cafeteria, the janitor retrieved his bucket of sawdust from the what?

Which of the following is the best response to the question?

Choices:
A. utility closet
B. well
C. garden shed
D. pantry
E. cupboard

Reply with exactly one uppercase letter out of A, B, C, D or E.
",96
Jim's grass didn't get any sunlight because he parked his car over it.  The grass began to do what?,grass,train-00000-of-00001,B,"Question:
Jim's grass didn't get any sunlight because he parked his car over it.  The grass began to do what?

Which of the following is the best response to the question?

Choices:
A. continue to grow
B. turn brown
C. changes color with seasons
D. dry
E. burn

Reply with exactly one uppercase letter out of A, B, C, D or E.
",99
"The small dog had died and, the family treasured him a lot, where did they decide to place it?",small dog,train-00000-of-00001,A,"Question:
The small dog had died and, the family treasured him a lot, where did they decide to place it?

Which of the following is the best response to the question?

Choices:
A. coffin
B. denmark
C. bucket
D. basket
E. new hampshire

Reply with exactly one uppercase letter out of A, B, C, D or E.
",95
"The construction manager was communicating to the concerned financiers of the building, what was he briefing them on?",communicating,train-00000-of-00001,B,"Question:
The construction manager was communicating to the concerned financiers of the building, what was he briefing them on?

Which of the following is the best response to the question?

Choices:
A. collaboration
B. progress
C. bulldozer
D. exchanging ideas
E. static

Reply with exactly one uppercase letter out of A, B, C, D or E.
",94
"I'm watching tv because there is nothing else to do, what do I expect to get from this?",watching tv,train-00000-of-00001,B,"Question:
I'm watching tv because there is nothing else to do, what do I expect to get from this?

Which of the following is the best response to the question?

Choices:
A. erections
B. entertainment
C. boredom
D. get fat
E. sadness

Reply with exactly one uppercase letter out of A, B, C, D or E.
",92
"The cloth's are not yet placed where they belong, where should we put them?",cloth,train-00000-of-00001,A,"Question:
The cloth's are not yet placed where they belong, where should we put them?

Which of the following is the best response to the question?

Choices:
A. linen closet
B. kitchen
C. on the space heater
D. fabric store
E. bedroom

Reply with exactly one uppercase letter out of A, B, C, D or E.
",91
"Stopping being married to one another was a costly task, the lawyers and their what were astronomical?",stopping being married to,train-00000-of-00001,D,"Question:
Stopping being married to one another was a costly task, the lawyers and their what were astronomical?

Which of the following is the best response to the question?

Choices:
A. free time
B. pleasure
C. get divorced
D. legal fees
E. being lonely

Reply with exactly one uppercase letter out of A, B, C, D or E.
",93
James crushed his paper coffee cup and then left it in its proper place.  Where might he have left it?,coffee cup,train-00000-of-00001,E,"Question:
James crushed his paper coffee cup and then left it in its proper place.  Where might he have left it?

Which of the following is the best response to the question?

Choices:
A. coffee
B. desk
C. starbucks
D. cupboard
E. trash

Reply with exactly one uppercase letter out of A, B, C, D or E.
",93
"When someone is talking and you missed something, what can you do to get them to repeat it?",talking,validation-00000-of-00001,B,"Question:
When someone is talking and you missed something, what can you do to get them to repeat it?

Which of the following is the best response to the question?

Choices:
A. walking
B. ask question
C. think
D. write question in crayon
E. sneeze

Reply with exactly one uppercase letter out of A, B, C, D or E.
",93
"Danny was studying statistics in class, and he something disturbing about driving.   It causes a significant number of what?",driving,train-00000-of-00001,A,"Question:
Danny was studying statistics in class, and he something disturbing about driving.   It causes a significant number of what?

Which of the following is the best response to the question?

Choices:
A. deaths
B. moving
C. car wrecks
D. using gas
E. may die

Reply with exactly one uppercase letter out of A, B, C, D or E.
",96
"From state to state gardeners appreciate the bee, it is a popular pollinator where?",bee,train-00000-of-00001,A,"Question:
From state to state gardeners appreciate the bee, it is a popular pollinator where?

Which of the following is the best response to the question?

Choices:
A. united states
B. apiary
C. michigan
D. trees
E. field of flowers

Reply with exactly one uppercase letter out of A, B, C, D or E.
",91
A battleship can be sunk by an unseen torpedo fired by a what?,battleship,train-00000-of-00001,B,"Question:
A battleship can be sunk by an unseen torpedo fired by a what?

Which of the following is the best response to the question?

Choices:
A. patrol boat
B. submarine
C. corvette
D. destroyer
E. frigate

Reply with exactly one uppercase letter out of A, B, C, D or E.
",91
"The police man was waving flares, what did he do with the impatient car?",policeman,train-00000-of-00001,E,"Question:
The police man was waving flares, what did he do with the impatient car?

Which of the following is the best response to the question?

Choices:
A. book robber
B. he had a word with the driver.
C. believe guilty
D. direct traffic
E. wave on

Reply with exactly one uppercase letter out of A, B, C, D or E.
",97
"She loved spending money at the thrift store on knickknacks, this resulted in a lot of what on every shelf in her house?",spending money,validation-00000-of-00001,B,"Question:
She loved spending money at the thrift store on knickknacks, this resulted in a lot of what on every shelf in her house?

Which of the following is the best response to the question?

Choices:
A. poverty
B. clutter
C. getting
D. satisfaction
E. more happiness

Reply with exactly one uppercase letter out of A, B, C, D or E.
",97
"The peanuts were sealed for freshness, so where were they placed?",peanuts,train-00000-of-00001,A,"Question:
The peanuts were sealed for freshness, so where were they placed?

Which of the following is the best response to the question?

Choices:
A. jar
B. peanut shells
C. carnival
D. ballpark
E. bought at grocery store

Reply with exactly one uppercase letter out of A, B, C, D or E.
",92
The projector displayed slides on the wall as the presenter talked to the audience.  Billy wished he didn't come to this event.  Where was he?,projector,train-00000-of-00001,C,"Question:
The projector displayed slides on the wall as the presenter talked to the audience.  Billy wished he didn't come to this event.  Where was he?

Which of the following is the best response to the question?

Choices:
A. movies
B. meeting
C. conference
D. theatre
E. show films

Reply with exactly one uppercase letter out of A, B, C, D or E.
",101
"Bobby had a toothache so he went to the closet dentist office, which was in a strange place.  Where might it be?",dentist office,train-00000-of-00001,B,"Question:
Bobby had a toothache so he went to the closet dentist office, which was in a strange place.  Where might it be?

Which of the following is the best response to the question?

Choices:
A. town
B. office building
C. patient
D. medical center
E. candy shop

Reply with exactly one uppercase letter out of A, B, C, D or E.
",98
James knew that he shouldn't have been buying beer for minors.  He didn't even get paid for it.  Why was this bad?,buying beer,validation-00000-of-00001,D,"Question:
James knew that he shouldn't have been buying beer for minors.  He didn't even get paid for it.  Why was this bad?

Which of the following is the best response to the question?

Choices:
A. lose money
B. fun
C. have no money
D. broken law
E. relaxation

Reply with exactly one uppercase letter out of A, B, C, D or E.
",103
"When you're expressing yourself in simple terms, what sort of reaction would be expected?",expressing yourself,train-00000-of-00001,E,"Question:
When you're expressing yourself in simple terms, what sort of reaction would be expected?

Which of the following is the best response to the question?

Choices:
A. creation of art
B. being slapped
C. laughter
D. embarrassment
E. people will understand

Reply with exactly one uppercase letter out of A, B, C, D or E.
",92
"While her husband golfed the wife preferred the tennis court, they were both happy with their membership where?",tennis court,train-00000-of-00001,C,"Question:
While her husband golfed the wife preferred the tennis court, they were both happy with their membership where?

Which of the following is the best response to the question?

Choices:
A. school
B. park
C. country club
D. wimbledon
E. health club

Reply with exactly one uppercase letter out of A, B, C, D or E.
",92
Most people make stupid assumptions that are based on their prejudices.  What might they do instead to achieve better outcomes?,most people,validation-00000-of-00001,B,"Question:
Most people make stupid assumptions that are based on their prejudices.  What might they do instead to achieve better outcomes?

Which of the following is the best response to the question?

Choices:
A. set table
B. think
C. read books
D. play games
E. lie

Reply with exactly one uppercase letter out of A, B, C, D or E.
",93
"the dog brought a stick back to the house, the man could tell it came from a small area nearby, where was it likely from?",stick,train-00000-of-00001,C,"Question:
the dog brought a stick back to the house, the man could tell it came from a small area nearby, where was it likely from?

Which of the following is the best response to the question?

Choices:
A. grass
B. forest
C. woods
D. yard
E. outside

Reply with exactly one uppercase letter out of A, B, C, D or E.
",94
"The knob of the kitchen drawer wouldn't stay tightened, so he went to buy a new screw where?",knob,train-00000-of-00001,E,"Question:
The knob of the kitchen drawer wouldn't stay tightened, so he went to buy a new screw where?

Which of the following is the best response to the question?

Choices:
A. control panel
B. television
C. opening mailbox
D. supermarket
E. hardware store

Reply with exactly one uppercase letter out of A, B, C, D or E.
",95
"Joe's cat smelled something delicious and jumped into this, causing him to panic and fear for its life. Where might it have jumped?",cat,validation-00000-of-00001,C,"Question:
Joe's cat smelled something delicious and jumped into this, causing him to panic and fear for its life. Where might it have jumped?

Which of the following is the best response to the question?

Choices:
A. meat loaf
B. bedroom
C. microwave
D. living room
E. floor

Reply with exactly one uppercase letter out of A, B, C, D or E.
",100
When he couldn't hear the sickness in her voice over the phone anymore he told the object of his love you what?,object,train-00000-of-00001,B,"Question:
When he couldn't hear the sickness in her voice over the phone anymore he told the object of his love you what?

Which of the following is the best response to the question?

Choices:
A. appear
B. sound well
C. become broken
D. belong to person
E. gain speed

Reply with exactly one uppercase letter out of A, B, C, D or E.
",97
"When people start learning about science and presented with hard science facts, many of them turn to what, despite what they may have learned growing up?",learning about science,train-00000-of-00001,B,"Question:
When people start learning about science and presented with hard science facts, many of them turn to what, despite what they may have learned growing up?

Which of the following is the best response to the question?

Choices:
A. experiment
B. atheism
C. arabic
D. scientific knowledge
E. new ideas

Reply with exactly one uppercase letter out of A, B, C, D or E.
",101
"If I take my heifer out East, where's a place we might end up?",heifer,train-00000-of-00001,A,"Question:
If I take my heifer out East, where's a place we might end up?

Which of the following is the best response to the question?

Choices:
A. new hampshire
B. dairy farm
C. farm field
D. texas
E. county fair

Reply with exactly one uppercase letter out of A, B, C, D or E.
",93
"A small dog is lost in Copenhagen, what is the dogs likely nationality?",small dog,train-00000-of-00001,A,"Question:
A small dog is lost in Copenhagen, what is the dogs likely nationality?

Which of the following is the best response to the question?

Choices:
A. denmark
B. new hampshire
C. backyard
D. danish
E. coffin

Reply with exactly one uppercase letter out of A, B, C, D or E.
",92
James was not good at socializing but he didn't care.  He just wanted to do what?,socialising,train-00000-of-00001,C,"Question:
James was not good at socializing but he didn't care.  He just wanted to do what?

Which of the following is the best response to the question?

Choices:
A. instagating
B. trouble
C. have fun
D. making friends
E. anxiety

Reply with exactly one uppercase letter out of A, B, C, D or E.
",93
Where would you find a parking area near if you're hoping to ride a rollercoaster?,parking area,train-00000-of-00001,B,"Question:
Where would you find a parking area near if you're hoping to ride a rollercoaster?

Which of the following is the best response to the question?

Choices:
A. city
B. amusement park
C. parkade
D. apartment complex
E. people

Reply with exactly one uppercase letter out of A, B, C, D or E.
",91
"The person was shocked when the FBI talked to her about some facebook posts, what did the person want?",person,train-00000-of-00001,E,"Question:
The person was shocked when the FBI talked to her about some facebook posts, what did the person want?

Which of the following is the best response to the question?

Choices:
A. money
B. food and water
C. freedom of information
D. compliments
E. freedom of expression

Reply with exactly one uppercase letter out of A, B, C, D or E.
",95
He fantasied about getting a what while driving to work and the pros and cons of the extra responsibilities and benefits?,driving to work,train-00000-of-00001,B,"Question:
He fantasied about getting a what while driving to work and the pros and cons of the extra responsibilities and benefits?

Which of the following is the best response to the question?

Choices:
A. new car
B. promotion
C. boredom
D. impatience
E. pressure

Reply with exactly one uppercase letter out of A, B, C, D or E.
",94
"Sometimes a human has an office job, being seated all day means they should big a quality and comfortable what?",human,train-00000-of-00001,A,"Question:
Sometimes a human has an office job, being seated all day means they should big a quality and comfortable what?

Which of the following is the best response to the question?

Choices:
A. chair
B. desk
C. workplace
D. internet cafe
E. submarine

Reply with exactly one uppercase letter out of A, B, C, D or E.
",92
"Lance was a hothead, but he was getting better.  He removed himself from the situation and spent some time cooling off.  He didn't need what?",cooling off,train-00000-of-00001,D,"Question:
Lance was a hothead, but he was getting better.  He removed himself from the situation and spent some time cooling off.  He didn't need what?

Which of the following is the best response to the question?

Choices:
A. expansion
B. relaxation
C. soap
D. revenge
E. loss of heat

Reply with exactly one uppercase letter out of A, B, C, D or E.
",103
"The kids were living big in the big city, the went to a nightclub on the lower east side of where?",nightclub,train-00000-of-00001,D,"Question:
The kids were living big in the big city, the went to a nightclub on the lower east side of where?

Which of the following is the best response to the question?

Choices:
A. drink and dance
B. building
C. toronto
D. manhattan
E. downtown area

Reply with exactly one uppercase letter out of A, B, C, D or E.
",95
Billy owned the finest clothing store in the midwest.  Where might Billy live?,clothing store,train-00000-of-00001,C,"Question:
Billy owned the finest clothing store in the midwest.  Where might Billy live?

Which of the following is the best response to the question?

Choices:
A. strip mall
B. heaven
C. ohio
D. city or town
E. shopping mall

Reply with exactly one uppercase letter out of A, B, C, D or E.
",91
What would be the result of going into a deep trance in order to purge the subconscious?,going into trance,train-00000-of-00001,B,"Question:
What would be the result of going into a deep trance in order to purge the subconscious?

Which of the following is the best response to the question?

Choices:
A. loss of control
B. memory loss
C. closed eyes
D. confusion
E. meditation epilepsy

Reply with exactly one uppercase letter out of A, B, C, D or E.
",94
There is a giant enemy crap.  It is too big to fit though doors.  So it is stuck where?,crab,train-00000-of-00001,E,"Question:
There is a giant enemy crap.  It is too big to fit though doors.  So it is stuck where?

Which of the following is the best response to the question?

Choices:
A. virginia
B. cape cod
C. make person sick
D. fish market
E. outside

Reply with exactly one uppercase letter out of A, B, C, D or E.
",97
Where is a good place for a safabed to be so it can also be used for seating?,sofabed,train-00000-of-00001,B,"Question:
Where is a good place for a safabed to be so it can also be used for seating?

Which of the following is the best response to the question?

Choices:
A. garage
B. sitting room
C. spare room
D. livingroom
E. dinning roam

Reply with exactly one uppercase letter out of A, B, C, D or E.
",94
"The family finished dinner, the child's chore was to load the dirty dishes where?",dirty dishes,validation-00000-of-00001,B,"Question:
The family finished dinner, the child's chore was to load the dirty dishes where?

Which of the following is the best response to the question?

Choices:
A. restaurant kitchen
B. dishwasher
C. son's room
D. cabinet
E. party

Reply with exactly one uppercase letter out of A, B, C, D or E.
",92
Joe bought a ficus.  He thought it would look good in what part of his home?,ficus,train-00000-of-00001,A,"Question:
Joe bought a ficus.  He thought it would look good in what part of his home?

Which of the following is the best response to the question?

Choices:
A. family room
B. tropical forest
C. flower garden
D. movie theater
E. hair salon

Reply with exactly one uppercase letter out of A, B, C, D or E.
",93
"The spout was producing hardly a dribble, so fearing germs he began to look for another what?",spout,train-00000-of-00001,C,"Question:
The spout was producing hardly a dribble, so fearing germs he began to look for another what?

Which of the following is the best response to the question?

Choices:
A. kettle
B. teapot
C. water fountain
D. garage
E. gasoline can

Reply with exactly one uppercase letter out of A, B, C, D or E.
",99
"The child was getting many gifts for his birthday, his father reminded him to do what after opening each one?",getting,validation-00000-of-00001,D,"Question:
The child was getting many gifts for his birthday, his father reminded him to do what after opening each one?

Which of the following is the best response to the question?

Choices:
A. show appreciation
B. asking for
C. exchanging
D. say thank
E. smile

Reply with exactly one uppercase letter out of A, B, C, D or E.
",92
"I needed my jeans washed when my electricity was cut off, where did I go?",jeans,train-00000-of-00001,E,"Question:
I needed my jeans washed when my electricity was cut off, where did I go?

Which of the following is the best response to the question?

Choices:
A. thrift store
B. clothing store
C. costume shop
D. shopping mall
E. laundromat

Reply with exactly one uppercase letter out of A, B, C, D or E.
",91
"A person needs to breathe to survive, but they also need what two things to thrive?",person,train-00000-of-00001,E,"Question:
A person needs to breathe to survive, but they also need what two things to thrive?

Which of the following is the best response to the question?

Choices:
A. freedom of expression
B. freedom of information
C. hugs
D. own house
E. food and water

Reply with exactly one uppercase letter out of A, B, C, D or E.
",93
"The goal was to hit the target, but a projectile ball can't hit anything if it isn't in what?",projectile ball,validation-00000-of-00001,A,"Question:
The goal was to hit the target, but a projectile ball can't hit anything if it isn't in what?

Which of the following is the best response to the question?

Choices:
A. motion
B. ocean
C. flintlock
D. arcade
E. tennis court

Reply with exactly one uppercase letter out of A, B, C, D or E.
",96
"After spending a hot summer day running after ball while playing baseball, what might happen to a person's body?",running after ball,train-00000-of-00001,C,"Question:
After spending a hot summer day running after ball while playing baseball, what might happen to a person's body?

Which of the following is the best response to the question?

Choices:
A. physical exertion
B. tiredness
C. sweating
D. injury
E. breathing heavily

Reply with exactly one uppercase letter out of A, B, C, D or E.
",95
"The man pleaded for peace between the two sides, but their what towards each other was too much to abide?",peace,train-00000-of-00001,A,"Question:
The man pleaded for peace between the two sides, but their what towards each other was too much to abide?

Which of the following is the best response to the question?

Choices:
A. hostility
B. turmoil
C. fights
D. fighting
E. love and understanding

Reply with exactly one uppercase letter out of A, B, C, D or E.
",95
"A person made coffee using hot water and coffee grounds, now where should he pour it?",water,train-00000-of-00001,E,"Question:
A person made coffee using hot water and coffee grounds, now where should he pour it?

Which of the following is the best response to the question?

Choices:
A. whirlpool bath
B. glass
C. surface of earth
D. soft drink
E. coffee cup

Reply with exactly one uppercase letter out of A, B, C, D or E.
",91
"After taking my final exams I got my grades back and had  a 4.0 gpa, how did I feel?",taking final exams,train-00000-of-00001,D,"Question:
After taking my final exams I got my grades back and had  a 4.0 gpa, how did I feel?

Which of the following is the best response to the question?

Choices:
A. graduation
B. headaches
C. fail again
D. success
E. failure

Reply with exactly one uppercase letter out of A, B, C, D or E.
",96
"The shrewd investor had a simple plan to fight inflation, and that was to make what?",fight inflation,train-00000-of-00001,E,"Question:
The shrewd investor had a simple plan to fight inflation, and that was to make what?

Which of the following is the best response to the question?

Choices:
A. print money
B. save money
C. lowers standard of living
D. pay less
E. more money

Reply with exactly one uppercase letter out of A, B, C, D or E.
",95
"The teacher told the class they would be taking a lot of notes this semester, he recommended buying a what just for this class?",notes,train-00000-of-00001,C,"Question:
The teacher told the class they would be taking a lot of notes this semester, he recommended buying a what just for this class?

Which of the following is the best response to the question?

Choices:
A. school
B. meeting
C. notebook
D. meeting
E. desk

Reply with exactly one uppercase letter out of A, B, C, D or E.
",93
"The sanctions against the school were a punishing blow, and they seemed to what the efforts the school had made to change?",punishing,train-00000-of-00001,A,"Question:
The sanctions against the school were a punishing blow, and they seemed to what the efforts the school had made to change?

Which of the following is the best response to the question?

Choices:
A. ignore
B. enforce
C. authoritarian
D. yell at
E. avoid

Reply with exactly one uppercase letter out of A, B, C, D or E.
",95
James doesn't like reading books before bed.  He has an active imagination and finds that late night reading gives him what?,reading book,train-00000-of-00001,A,"Question:
James doesn't like reading books before bed.  He has an active imagination and finds that late night reading gives him what?

Which of the following is the best response to the question?

Choices:
A. nightmares
B. enlightenment
C. cramps
D. drowsiness
E. entertainment

Reply with exactly one uppercase letter out of A, B, C, D or E.
",101
You can hear testimony of how spirituality changes lives when you do what?,hear testimony,train-00000-of-00001,A,"Question:
You can hear testimony of how spirituality changes lives when you do what?

Which of the following is the best response to the question?

Choices:
A. go to church
B. appear in court
C. watch soap operas
D. paying attention
E. go into court

Reply with exactly one uppercase letter out of A, B, C, D or E.
",91
"The sick boy began reading letter after letter, there had been a campaign of strangers all over sending him letters and it brought him feelings of what?",reading letter,train-00000-of-00001,B,"Question:
The sick boy began reading letter after letter, there had been a campaign of strangers all over sending him letters and it brought him feelings of what?

Which of the following is the best response to the question?

Choices:
A. strain
B. happiness
C. realization
D. get news
E. illness

Reply with exactly one uppercase letter out of A, B, C, D or E.
",96
James heard thunder while he was putting up the overhead lamps. It hit very close.   James worried that he might be killed while installing what?,thunder,train-00000-of-00001,A,"Question:
James heard thunder while he was putting up the overhead lamps. It hit very close.   James worried that he might be killed while installing what?

Which of the following is the best response to the question?

Choices:
A. lighting
B. silence
C. lightening
D. plumbing
E. lightning

Reply with exactly one uppercase letter out of A, B, C, D or E.
",100
"He was studying anatomy, he knew that the main artery in his neck provided blood to his what?",main artery,train-00000-of-00001,A,"Question:
He was studying anatomy, he knew that the main artery in his neck provided blood to his what?

Which of the following is the best response to the question?

Choices:
A. own brain
B. busy city
C. thruway
D. hand
E. neck

Reply with exactly one uppercase letter out of A, B, C, D or E.
",93
"Many people wanted to leave their country estates for row houses, what did they need to move to?",row house,validation-00000-of-00001,D,"Question:
Many people wanted to leave their country estates for row houses, what did they need to move to?

Which of the following is the best response to the question?

Choices:
A. living less expensively
B. england
C. prison
D. city
E. town

Reply with exactly one uppercase letter out of A, B, C, D or E.
",92
"The artists created an elaborate wood carving for the location, it was a spiritual experience for him working at a where?",wood,train-00000-of-00001,A,"Question:
The artists created an elaborate wood carving for the location, it was a spiritual experience for him working at a where?

Which of the following is the best response to the question?

Choices:
A. synagogue
B. carpet
C. street
D. tree
E. lumberyard

Reply with exactly one uppercase letter out of A, B, C, D or E.
",94
"If I have a soapy sponge and a place to use it further away, how should I use it at that moment?",sponge,train-00000-of-00001,E,"Question:
If I have a soapy sponge and a place to use it further away, how should I use it at that moment?

Which of the following is the best response to the question?

Choices:
A. wet surface
B. collect water
C. hold it
D. clean dishes
E. hold water

Reply with exactly one uppercase letter out of A, B, C, D or E.
",98
Sarah's forgot her purse. She couldn't be the clothes she wanted.    She would have to drive all the way back where?,purse,train-00000-of-00001,B,"Question:
Sarah's forgot her purse. She couldn't be the clothes she wanted.    She would have to drive all the way back where?

Which of the following is the best response to the question?

Choices:
A. house
B. home
C. handbag
D. restaurant
E. department store

Reply with exactly one uppercase letter out of A, B, C, D or E.
",100
"He felt pride when he saw his team walk out and when he sized op the opposing team, what was he about to do?",pride,train-00000-of-00001,D,"Question:
He felt pride when he saw his team walk out and when he sized op the opposing team, what was he about to do?

Which of the following is the best response to the question?

Choices:
A. pass class
B. paint house
C. improve yourself
D. compete against
E. hopscotch

Reply with exactly one uppercase letter out of A, B, C, D or E.
",101
"The teacher explained why he should play piano even though he wanted to play guitar, she said it was the best introduction to what?",play piano,train-00000-of-00001,B,"Question:
The teacher explained why he should play piano even though he wanted to play guitar, she said it was the best introduction to what?

Which of the following is the best response to the question?

Choices:
A. learn how
B. learn music
C. make music
D. take lessons
E. practice

Reply with exactly one uppercase letter out of A, B, C, D or E.
",96
"The drama had quite an affect on the humans, the highs and lows had them all what?",humans,train-00000-of-00001,E,"Question:
The drama had quite an affect on the humans, the highs and lows had them all what?

Which of the following is the best response to the question?

Choices:
A. give up
B. bald
C. very adaptable
D. male or female
E. emotional

Reply with exactly one uppercase letter out of A, B, C, D or E.
",92
The double edged razor was used to cut tape.  It was found in what box?,double edged razor,train-00000-of-00001,C,"Question:
The double edged razor was used to cut tape.  It was found in what box?

Which of the following is the best response to the question?

Choices:
A. drug store
B. medicine cabinet
C. first aid kit
D. shaving kit
E. shower

Reply with exactly one uppercase letter out of A, B, C, D or E.
",92
"The man loved to fish bass, to be happy all he needed was a boat, his equipment, and a what?",bass,train-00000-of-00001,B,"Question:
The man loved to fish bass, to be happy all he needed was a boat, his equipment, and a what?

Which of the following is the best response to the question?

Choices:
A. river
B. freshwater lake
C. sunshine
D. music store
E. live in ponds

Reply with exactly one uppercase letter out of A, B, C, D or E.
",97
"John doesn't like seeing new movies. He thinks that they're bad, and excessive.   What emotion might he experience where he sees one.",seeing new,train-00000-of-00001,E,"Question:
John doesn't like seeing new movies. He thinks that they're bad, and excessive.   What emotion might he experience where he sees one.

Which of the following is the best response to the question?

Choices:
A. curiosity
B. excitement
C. education
D. wonder
E. fear

Reply with exactly one uppercase letter out of A, B, C, D or E.
",97
Bobby noticed that the silverware was plastic.  This was a turn off for him because it was so cheap.  Where might he have been?,silverware,train-00000-of-00001,A,"Question:
Bobby noticed that the silverware was plastic.  This was a turn off for him because it was so cheap.  Where might he have been?

Which of the following is the best response to the question?

Choices:
A. restaurant
B. silver
C. cupboard
D. table
E. kitchen

Reply with exactly one uppercase letter out of A, B, C, D or E.
",98
Jimmy Olson wanted to visit the daily planet.  His subway stop was in what city?,subway stop,train-00000-of-00001,D,"Question:
Jimmy Olson wanted to visit the daily planet.  His subway stop was in what city?

Which of the following is the best response to the question?

Choices:
A. large city
B. new york city
C. urban area
D. metropolis
E. toronto

Reply with exactly one uppercase letter out of A, B, C, D or E.
",96
"A sedentary lifestyle of always sitting down is nearly as unhealthy as a bad diet, but still people sit on the couch all day and what?",sitting down,train-00000-of-00001,E,"Question:
A sedentary lifestyle of always sitting down is nearly as unhealthy as a bad diet, but still people sit on the couch all day and what?

Which of the following is the best response to the question?

Choices:
A. talk
B. relaxing
C. pee
D. gardening
E. watch tv

Reply with exactly one uppercase letter out of A, B, C, D or E.
",101
"He didn't understand the subject at first, but after studying it for a while, what did he gain?",studying,train-00000-of-00001,C,"Question:
He didn't understand the subject at first, but after studying it for a while, what did he gain?

Which of the following is the best response to the question?

Choices:
A. new perspective
B. increasing knowledge
C. understanding
D. more intelligence
E. inspiration

Reply with exactly one uppercase letter out of A, B, C, D or E.
",92
Jane bought a small dog half way through her trip while driving back home to Toronto from Mexico.   Where might she have bought the dog?,small dog,train-00000-of-00001,B,"Question:
Jane bought a small dog half way through her trip while driving back home to Toronto from Mexico.   Where might she have bought the dog?

Which of the following is the best response to the question?

Choices:
A. canada
B. illinois
C. basket
D. ball stopped
E. person's house

Reply with exactly one uppercase letter out of A, B, C, D or E.
",101
Billy is an archaeologist. He looks for information about ancient human civilization. What is something that he might enjoy finding?,human,train-00000-of-00001,E,"Question:
Billy is an archaeologist. He looks for information about ancient human civilization. What is something that he might enjoy finding?

Which of the following is the best response to the question?

Choices:
A. school
B. love
C. adventure
D. space shuttle
E. library

Reply with exactly one uppercase letter out of A, B, C, D or E.
",93
"The animals didn't have any sense of shame.  They just had sex by the water, and sometimes dipped in to do what?",animals,train-00000-of-00001,B,"Question:
The animals didn't have any sense of shame.  They just had sex by the water, and sometimes dipped in to do what?

Which of the following is the best response to the question?

Choices:
A. feel pain
B. bathe
C. die of cancer
D. copulate
E. attack

Reply with exactly one uppercase letter out of A, B, C, D or E.
",100
Paul wants carrots and doesn't need to drive anywhere. He gets them from where?,carrots,validation-00000-of-00001,A,"Question:
Paul wants carrots and doesn't need to drive anywhere. He gets them from where?

Which of the following is the best response to the question?

Choices:
A. refrigerator
B. store
C. farmer's market
D. supermarket
E. dryer

Reply with exactly one uppercase letter out of A, B, C, D or E.
",92
"The boy had a lot of might, but he had something else, and the villain learned how to exploit his what?",might,train-00000-of-00001,C,"Question:
The boy had a lot of might, but he had something else, and the villain learned how to exploit his what?

Which of the following is the best response to the question?

Choices:
A. definitely
B. weak
C. weakness
D. wont
E. will

Reply with exactly one uppercase letter out of A, B, C, D or E.
",93
"She had locked her key in her car again, but luckily she always kept a spare in her what?",key,train-00000-of-00001,E,"Question:
She had locked her key in her car again, but luckily she always kept a spare in her what?

Which of the following is the best response to the question?

Choices:
A. own home
B. front door
C. pocket
D. garden gnome
E. purse

Reply with exactly one uppercase letter out of A, B, C, D or E.
",94
"I was sick of driving the car as I had done so for 10 hours, how was I feeling?",driving car,train-00000-of-00001,D,"Question:
I was sick of driving the car as I had done so for 10 hours, how was I feeling?

Which of the following is the best response to the question?

Choices:
A. death
B. wreak
C. pollution
D. getting tired
E. happy

Reply with exactly one uppercase letter out of A, B, C, D or E.
",91
"A boss may like an employee's ambition, so the employee may get put what?",ambition,train-00000-of-00001,A,"Question:
A boss may like an employee's ambition, so the employee may get put what?

Which of the following is the best response to the question?

Choices:
A. in charge of project
B. conquer opponent
C. go to school
D. begin work
E. webisode

Reply with exactly one uppercase letter out of A, B, C, D or E.
",95
James's hammer bent while he was driving nails. He needed a new one.  Where might he go to find one?,hammer,train-00000-of-00001,D,"Question:
James's hammer bent while he was driving nails. He needed a new one.  Where might he go to find one?

Which of the following is the best response to the question?

Choices:
A. repair shop
B. carpenter's toolbox
C. tool box
D. hardware store
E. tool shop

Reply with exactly one uppercase letter out of A, B, C, D or E.
",103
John and James spent most of their time communicating with each other on their project.  The time required to communicate slowed their what?,communicating,train-00000-of-00001,C,"Question:
John and James spent most of their time communicating with each other on their project.  The time required to communicate slowed their what?

Which of the following is the best response to the question?

Choices:
A. static
B. train of thought.
C. progress
D. transfer of information
E. collaboration

Reply with exactly one uppercase letter out of A, B, C, D or E.
",98
"There was a toll road that meandered from Maine to New Hampshire, where was it?",toll road,validation-00000-of-00001,B,"Question:
There was a toll road that meandered from Maine to New Hampshire, where was it?

Which of the following is the best response to the question?

Choices:
A. massachusetts
B. new england
C. my house
D. new jersey
E. connecticut

Reply with exactly one uppercase letter out of A, B, C, D or E.
",93
"I went to eat in a restaurant, but I left because the person at the front wasn't what?",eat in restaurant,train-00000-of-00001,C,"Question:
I went to eat in a restaurant, but I left because the person at the front wasn't what?

Which of the following is the best response to the question?

Choices:
A. drinking wine
B. make reservations
C. polite
D. spit on me
E. prepared to pay

Reply with exactly one uppercase letter out of A, B, C, D or E.
",96
James bought a new set of tire chains and put them somewhere he could find them.  Where would he put them?,chain,validation-00000-of-00001,B,"Question:
James bought a new set of tire chains and put them somewhere he could find them.  Where would he put them?

Which of the following is the best response to the question?

Choices:
A. gear shift
B. garage
C. kitchen
D. jewelry store
E. hardware store

Reply with exactly one uppercase letter out of A, B, C, D or E.
",94
Colorful anemone look somewhat like what object you find on window sills?,anemone,validation-00000-of-00001,D,"Question:
Colorful anemone look somewhat like what object you find on window sills?

Which of the following is the best response to the question?

Choices:
A. intertidal zone
B. coral sea
C. under water
D. flower bed
E. florida keys

Reply with exactly one uppercase letter out of A, B, C, D or E.
",93
"The astronauts were trying to figure out how to get to the moon, where did they have to pas through first?",moon,train-00000-of-00001,D,"Question:
The astronauts were trying to figure out how to get to the moon, where did they have to pas through first?

Which of the following is the best response to the question?

Choices:
A. night sky
B. universe
C. atmosphere
D. outer space
E. air

Reply with exactly one uppercase letter out of A, B, C, D or E.
",94
What state has a county called columbia and is the furthest in the direction that the sun sets?,columbia,train-00000-of-00001,C,"Question:
What state has a county called columbia and is the furthest in the direction that the sun sets?

Which of the following is the best response to the question?

Choices:
A. tennessee
B. missouri
C. washington
D. canada
E. south carolina

Reply with exactly one uppercase letter out of A, B, C, D or E.
",96
"Making the cars made a lot of noise, everybody had to wear earplugs at the what?",noise,train-00000-of-00001,A,"Question:
Making the cars made a lot of noise, everybody had to wear earplugs at the what?

Which of the following is the best response to the question?

Choices:
A. factory
B. mall
C. classroom
D. carnival
E. big city

Reply with exactly one uppercase letter out of A, B, C, D or E.
",91
"I was invited to a party but I'm not a social person, so I decided to do what?",party,train-00000-of-00001,B,"Question:
I was invited to a party but I'm not a social person, so I decided to do what?

Which of the following is the best response to the question?

Choices:
A. meeting
B. stay home
C. medium
D. blowing off steam
E. studying

Reply with exactly one uppercase letter out of A, B, C, D or E.
",91
"If I am suffering from boredom, and I want to do something with a dictionary, what would help?",boredom,train-00000-of-00001,A,"Question:
If I am suffering from boredom, and I want to do something with a dictionary, what would help?

Which of the following is the best response to the question?

Choices:
A. do crossword puzzle
B. see art
C. give up
D. grocery shop
E. play chess

Reply with exactly one uppercase letter out of A, B, C, D or E.
",96
James and Lilly have strong feelings for each other.  To express those feelings they kiss. What else might they do?,kiss,train-00000-of-00001,D,"Question:
James and Lilly have strong feelings for each other.  To express those feelings they kiss. What else might they do?

Which of the following is the best response to the question?

Choices:
A. shake hands
B. fall in love
C. smile
D. embrace
E. falling in love

Reply with exactly one uppercase letter out of A, B, C, D or E.
",97
"The trainer told him to keep doing the same exercise, he said he had to keep doing it until he what?",exercise,train-00000-of-00001,A,"Question:
The trainer told him to keep doing the same exercise, he said he had to keep doing it until he what?

Which of the following is the best response to the question?

Choices:
A. get tired
B. lose weight
C. aerobic activity
D. fatigue
E. drink water

Reply with exactly one uppercase letter out of A, B, C, D or E.
",96
"When a person climbs a mountain and is breathing fresh air, which feeling are they likely to have?",breathing fresh air,train-00000-of-00001,A,"Question:
When a person climbs a mountain and is breathing fresh air, which feeling are they likely to have?

Which of the following is the best response to the question?

Choices:
A. exhilaration
B. clear head
C. feeling better
D. reviving
E. happiness

Reply with exactly one uppercase letter out of A, B, C, D or E.
",92
"If a child is given a warning at the dinner table, it is because they did what to get the mashed potatoes?",children,train-00000-of-00001,B,"Question:
If a child is given a warning at the dinner table, it is because they did what to get the mashed potatoes?

Which of the following is the best response to the question?

Choices:
A. cursed
B. reach over
C. play basketball
D. cut and paste
E. watch television

Reply with exactly one uppercase letter out of A, B, C, D or E.
",97
"He controlled all traffic taking off and landing from the control room, what military facility did he work at?",control room,train-00000-of-00001,C,"Question:
He controlled all traffic taking off and landing from the control room, what military facility did he work at?

Which of the following is the best response to the question?

Choices:
A. nuclear plant
B. recording studio
C. airbase
D. shopping mall
E. building

Reply with exactly one uppercase letter out of A, B, C, D or E.
",92
"James and Holly were getting a divorce. They didn't like it, but they needed it.  What might they be trying to avoid?",getting divorce,train-00000-of-00001,C,"Question:
James and Holly were getting a divorce. They didn't like it, but they needed it.  What might they be trying to avoid?

Which of the following is the best response to the question?

Choices:
A. being single
B. tears
C. children suffer
D. anger
E. no spouse

Reply with exactly one uppercase letter out of A, B, C, D or E.
",99
"The bald eagle can be a symbol, it elicits feeling of patriotism where?",bald eagle,train-00000-of-00001,D,"Question:
The bald eagle can be a symbol, it elicits feeling of patriotism where?

Which of the following is the best response to the question?

Choices:
A. forrest
B. grand canyon
C. canada
D. u.s
E. india

Reply with exactly one uppercase letter out of A, B, C, D or E.
",94
"The patient was recovering well but still had a long recovery ahead, while chatting with friends he explained all the what?",chatting with friends,train-00000-of-00001,B,"Question:
The patient was recovering well but still had a long recovery ahead, while chatting with friends he explained all the what?

Which of the following is the best response to the question?

Choices:
A. laughter
B. discomfort
C. glee
D. fun
E. inspiration

Reply with exactly one uppercase letter out of A, B, C, D or E.
",93
What should my family and I look into getting if we don't want an egg from the supermarket?,egg,train-00000-of-00001,B,"Question:
What should my family and I look into getting if we don't want an egg from the supermarket?

Which of the following is the best response to the question?

Choices:
A. farm
B. henhouse
C. chicken coop
D. plate
E. bird's nest

Reply with exactly one uppercase letter out of A, B, C, D or E.
",94
"Some times I have trouble expressing myself, but I use clothing, sometimes even ugly clothing as a form of this.",expressing yourself,train-00000-of-00001,D,"Question:
Some times I have trouble expressing myself, but I use clothing, sometimes even ugly clothing as a form of this.

Which of the following is the best response to the question?

Choices:
A. fun
B. fashion
C. pain
D. communication
E. embarrassment

Reply with exactly one uppercase letter out of A, B, C, D or E.
",91
Bill's noticed that one of his tires was flat when he got home from Toronto.   Where would he take his car next?,tires,train-00000-of-00001,C,"Question:
Bill's noticed that one of his tires was flat when he got home from Toronto.   Where would he take his car next?

Which of the following is the best response to the question?

Choices:
A. toronto
B. flammable
C. repair shop
D. car show
E. airport

Reply with exactly one uppercase letter out of A, B, C, D or E.
",98
"If student got a list of supplies from class like paper and pencils, their parent would have to go where?",pencils,validation-00000-of-00001,C,"Question:
If student got a list of supplies from class like paper and pencils, their parent would have to go where?

Which of the following is the best response to the question?

Choices:
A. classroom
B. parking garage
C. store
D. backpack
E. cabinet

Reply with exactly one uppercase letter out of A, B, C, D or E.
",91
"They were very careful transporting the holy artifact, the last thing they wanted to do was deliver it what?",holy,train-00000-of-00001,E,"Question:
They were very careful transporting the holy artifact, the last thing they wanted to do was deliver it what?

Which of the following is the best response to the question?

Choices:
A. profane
B. common
C. halibut
D. broken
E. damaged

Reply with exactly one uppercase letter out of A, B, C, D or E.
",92
Joe went to a place with a mix of carpet and hardwood floors in order to have a good time with his friends.  Where might he have gone?.,carpet,train-00000-of-00001,B,"Question:
Joe went to a place with a mix of carpet and hardwood floors in order to have a good time with his friends.  Where might he have gone?.

Which of the following is the best response to the question?

Choices:
A. bedroom
B. bowling alley
C. at hotel
D. restaurant
E. zoo

Reply with exactly one uppercase letter out of A, B, C, D or E.
",103
James picked glass walls because they let more light into the room. Why did they let light in?,glass,train-00000-of-00001,D,"Question:
James picked glass walls because they let more light into the room. Why did they let light in?

Which of the following is the best response to the question?

Choices:
A. inventive
B. half empty
C. recyclable
D. clear
E. very fragile

Reply with exactly one uppercase letter out of A, B, C, D or E.
",92
"The location was famous for it's color, but the tourist was interested in the column of the what?",column,train-00000-of-00001,E,"Question:
The location was famous for it's color, but the tourist was interested in the column of the what?

Which of the following is the best response to the question?

Choices:
A. statue
B. pantheon
C. roman architecture
D. spreadsheet
E. whitehouse

Reply with exactly one uppercase letter out of A, B, C, D or E.
",93
"James was printing on his printer and the paper got stuck.  Then when it was unjammed, he had to clear what?",printing on printer,train-00000-of-00001,E,"Question:
James was printing on his printer and the paper got stuck.  Then when it was unjammed, he had to clear what?

Which of the following is the best response to the question?

Choices:
A. ink
B. noise
C. use paper
D. hard copy
E. queue

Reply with exactly one uppercase letter out of A, B, C, D or E.
",96
Billy took his desk lamp with him wherever he went.  He needed the lighting and didn't trust the lights at what places?,lamp,train-00000-of-00001,C,"Question:
Billy took his desk lamp with him wherever he went.  He needed the lighting and didn't trust the lights at what places?

Which of the following is the best response to the question?

Choices:
A. office
B. corner
C. at hotel
D. shop
E. house

Reply with exactly one uppercase letter out of A, B, C, D or E.
",95
"They were kissing each other good bye, they had no worries because their relationship had a strong foundation of what?",kissing,validation-00000-of-00001,B,"Question:
They were kissing each other good bye, they had no worries because their relationship had a strong foundation of what?

Which of the following is the best response to the question?

Choices:
A. partner
B. trust
C. cooperation
D. bricks
E. herpes

Reply with exactly one uppercase letter out of A, B, C, D or E.
",92
"While sitting on the patio they saw a fox come out of the woods and run by, it was a common sight in their cabin's what?",fox,train-00000-of-00001,E,"Question:
While sitting on the patio they saw a fox come out of the woods and run by, it was a common sight in their cabin's what?

Which of the following is the best response to the question?

Choices:
A. swimming pool
B. natural habitat
C. storybook
D. hen house
E. back yard

Reply with exactly one uppercase letter out of A, B, C, D or E.
",103
A weasel has a thin body and short legs to easier burrow after prey in a what?,weasel,validation-00000-of-00001,E,"Question:
A weasel has a thin body and short legs to easier burrow after prey in a what?

Which of the following is the best response to the question?

Choices:
A. tree
B. mulberry bush
C. chicken coop
D. viking ship
E. rabbit warren

Reply with exactly one uppercase letter out of A, B, C, D or E.
",96
"They were a culture of peace, but they still had competitions where the men were always what?",peace,train-00000-of-00001,B,"Question:
They were a culture of peace, but they still had competitions where the men were always what?

Which of the following is the best response to the question?

Choices:
A. turmoil
B. fighting
C. physical altercation
D. war
E. hostility

Reply with exactly one uppercase letter out of A, B, C, D or E.
",92
Dan said that getting in line was the best choice because it would lead to what?,getting in line,train-00000-of-00001,B,"Question:
Dan said that getting in line was the best choice because it would lead to what?

Which of the following is the best response to the question?

Choices:
A. being ordered
B. less confusion
C. boredom
D. standing in line
E. have to wait for

Reply with exactly one uppercase letter out of A, B, C, D or E.
",91
"The big man was all size and no talent, but the coach taught him to defend the key and make it his home on the what?",key,train-00000-of-00001,C,"Question:
The big man was all size and no talent, but the coach taught him to defend the key and make it his home on the what?

Which of the following is the best response to the question?

Choices:
A. action
B. florida
C. basketball court
D. pocket
E. purse

Reply with exactly one uppercase letter out of A, B, C, D or E.
",98
"The concierge said to ask him any question that you needed answered, he said he can get you what?",question,train-00000-of-00001,E,"Question:
The concierge said to ask him any question that you needed answered, he said he can get you what?

Which of the following is the best response to the question?

Choices:
A. give clue
B. analyse
C. think
D. decipher
E. express information

Reply with exactly one uppercase letter out of A, B, C, D or E.
",93
"Billy's boss told him to get a book from a high shelf, so he took a stepladder from what?",stepladder,train-00000-of-00001,A,"Question:
Billy's boss told him to get a book from a high shelf, so he took a stepladder from what?

Which of the following is the best response to the question?

Choices:
A. store room
B. tool shed
C. hardware store
D. construction worker's vehicle
E. library

Reply with exactly one uppercase letter out of A, B, C, D or E.
",100
"The neolithic person was hungry, so what was their solution to the prblem?",person,train-00000-of-00001,B,"Question:
The neolithic person was hungry, so what was their solution to the prblem?

Which of the following is the best response to the question?

Choices:
A. thank god
B. hunt for food
C. feel humiliated
D. sleep
E. prepare to go

Reply with exactly one uppercase letter out of A, B, C, D or E.
",93
"The prisoners often grouped to play cards, it was one of the few ways to avoid being what in there?",play cards,train-00000-of-00001,C,"Question:
The prisoners often grouped to play cards, it was one of the few ways to avoid being what in there?

Which of the following is the best response to the question?

Choices:
A. afraid
B. have fun
C. bored
D. winning
E. good at

Reply with exactly one uppercase letter out of A, B, C, D or E.
",91
What could you do if you want to get free stuff that is worth money?,money,train-00000-of-00001,C,"Question:
What could you do if you want to get free stuff that is worth money?

Which of the following is the best response to the question?

Choices:
A. apply for job
B. win auction
C. stand in line
D. take care of proposals
E. buy christmas presents

Reply with exactly one uppercase letter out of A, B, C, D or E.
",93
"John was not happy with his marriage. He and his wife drifted apart.     All and all, recent turns could be described as what?",happy,validation-00000-of-00001,D,"Question:
John was not happy with his marriage. He and his wife drifted apart.     All and all, recent turns could be described as what?

Which of the following is the best response to the question?

Choices:
A. inappropriate
B. sadness
C. unsatisfied
D. unfortunate
E. disenchanted

Reply with exactly one uppercase letter out of A, B, C, D or E.
",103
"If someone is a drunkard, what kind of person is he or she not?",drunkard,train-00000-of-00001,A,"Question:
If someone is a drunkard, what kind of person is he or she not?

Which of the following is the best response to the question?

Choices:
A. teetotaller
B. pioneer
C. abstain
D. pioneer
E. temperance

Reply with exactly one uppercase letter out of A, B, C, D or E.
",91
"The children thought it was a good movie, they began to play they were in the movie and what they were the characters?",good movie,train-00000-of-00001,C,"Question:
The children thought it was a good movie, they began to play they were in the movie and what they were the characters?

Which of the following is the best response to the question?

Choices:
A. cry
B. go to movie
C. pretend
D. stand in line
E. wait in line

Reply with exactly one uppercase letter out of A, B, C, D or E.
",97
"He turned off his phone to avoid every single call, all anybody was going to hear from him today was his what?",call,train-00000-of-00001,C,"Question:
He turned off his phone to avoid every single call, all anybody was going to hear from him today was his what?

Which of the following is the best response to the question?

Choices:
A. office
B. answering machine
C. voice mail
D. telephonelines
E. message

Reply with exactly one uppercase letter out of A, B, C, D or E.
",95
"All the day traders did well on the floor that day, they celebrated at a steak house where?",steak house,train-00000-of-00001,C,"Question:
All the day traders did well on the floor that day, they celebrated at a steak house where?

Which of the following is the best response to the question?

Choices:
A. united states
B. town
C. new york
D. mexico
E. beach

Reply with exactly one uppercase letter out of A, B, C, D or E.
",91
She was hitting bottle to the point that doing what would seem like sobering up even though it wasn't?,hitting bottle,train-00000-of-00001,A,"Question:
She was hitting bottle to the point that doing what would seem like sobering up even though it wasn't?

Which of the following is the best response to the question?

Choices:
A. buying beer
B. table
C. alcoholism
D. aim
E. michigan

Reply with exactly one uppercase letter out of A, B, C, D or E.
",93
"A sloth climbs slow, but it can eventually reach all the way up where?",sloth,train-00000-of-00001,A,"Question:
A sloth climbs slow, but it can eventually reach all the way up where?

Which of the following is the best response to the question?

Choices:
A. forest canopy
B. universe
C. tropical rainforest
D. large trees
E. nature preserve

Reply with exactly one uppercase letter out of A, B, C, D or E.
",91
"The painter started to edge the room with tape, he always took extra care to make the lines clean and crisp when working with an what?",edge,validation-00000-of-00001,E,"Question:
The painter started to edge the room with tape, he always took extra care to make the lines clean and crisp when working with an what?

Which of the following is the best response to the question?

Choices:
A. triangle
B. middle
C. corner
D. center
E. interior

Reply with exactly one uppercase letter out of A, B, C, D or E.
",95
A person is trying to sleep but cannot.  He tosses and he turns without rest.  What might he need to do in order to sleep?,sleep,train-00000-of-00001,E,"Question:
A person is trying to sleep but cannot.  He tosses and he turns without rest.  What might he need to do in order to sleep?

Which of the following is the best response to the question?

Choices:
A. have bad
B. go to bed
C. pills
D. get in bed
E. get comfortable

Reply with exactly one uppercase letter out of A, B, C, D or E.
",103
Joe and Jill didn't want their children to be sedentary.  They might limit the time they children spend doing what?,children,validation-00000-of-00001,D,"Question:
Joe and Jill didn't want their children to be sedentary.  They might limit the time they children spend doing what?

Which of the following is the best response to the question?

Choices:
A. play sports
B. throw things
C. reading
D. watch tv
E. play with toys

Reply with exactly one uppercase letter out of A, B, C, D or E.
",100
The teachers needed to get their classrooms ready for the school year.  What is one thing they might do?,teachers,train-00000-of-00001,C,"Question:
The teachers needed to get their classrooms ready for the school year.  What is one thing they might do?

Which of the following is the best response to the question?

Choices:
A. talk too much
B. teach children
C. open boxes
D. answering questions
E. giving homework

Reply with exactly one uppercase letter out of A, B, C, D or E.
",95
"Jack saw little point to communicating beyond the basics.  To him, it was just a means to do what?",communicating,train-00000-of-00001,C,"Question:
Jack saw little point to communicating beyond the basics.  To him, it was just a means to do what?

Which of the following is the best response to the question?

Choices:
A. go swimming
B. making friends
C. exchange information
D. people to think
E. confusion

Reply with exactly one uppercase letter out of A, B, C, D or E.
",96
"Victoria is the name of many cities, you'd say the one where does it big?",victoria,train-00000-of-00001,D,"Question:
Victoria is the name of many cities, you'd say the one where does it big?

Which of the following is the best response to the question?

Choices:
A. seychelles
B. australia
C. british columbia
D. texas
E. australia

Reply with exactly one uppercase letter out of A, B, C, D or E.
",97
"The hot weather gave me a heatstroke, what did I need to do immediately to stay alive?",hot weather,train-00000-of-00001,A,"Question:
The hot weather gave me a heatstroke, what did I need to do immediately to stay alive?

Which of the following is the best response to the question?

Choices:
A. cool off
B. build a snowman
C. cut hair
D. eat ice cream
E. swim

Reply with exactly one uppercase letter out of A, B, C, D or E.
",93
"The bee had to be shipped down south to avoid the cold winter, where was it originally from?",bee,train-00000-of-00001,A,"Question:
The bee had to be shipped down south to avoid the cold winter, where was it originally from?

Which of the following is the best response to the question?

Choices:
A. michigan
B. united states
C. sky
D. china
E. apiary

Reply with exactly one uppercase letter out of A, B, C, D or E.
",92
"If spend time finding information on operating something, what do you hope to acheive?",finding information,train-00000-of-00001,A,"Question:
If spend time finding information on operating something, what do you hope to acheive?

Which of the following is the best response to the question?

Choices:
A. being able to use
B. know how to act
C. full capacity
D. solution to problem
E. gaining knowledge

Reply with exactly one uppercase letter out of A, B, C, D or E.
",94
"The cat pawed demurely at the couch and walked in front of the TV, where was the cat?",cat,train-00000-of-00001,A,"Question:
The cat pawed demurely at the couch and walked in front of the TV, where was the cat?

Which of the following is the best response to the question?

Choices:
A. family room
B. back yard
C. residential area
D. bathroom
E. comfortable position

Reply with exactly one uppercase letter out of A, B, C, D or E.
",94
"She like her job at the reception desk, but didn't like her long commute, what did she likely live far away from?",reception desk,train-00000-of-00001,C,"Question:
She like her job at the reception desk, but didn't like her long commute, what did she likely live far away from?

Which of the following is the best response to the question?

Choices:
A. motel
B. lunch restaurant
C. office park
D. lobby
E. building

Reply with exactly one uppercase letter out of A, B, C, D or E.
",97
"The bull was old, but it still had enough energy to have a lot of sex.  It wasn't what?",bull,train-00000-of-00001,E,"Question:
The bull was old, but it still had enough energy to have a lot of sex.  It wasn't what?

Which of the following is the best response to the question?

Choices:
A. charge rider
B. bullbleep
C. female
D. cow
E. feeble

Reply with exactly one uppercase letter out of A, B, C, D or E.
",96
We all need to have food to live but what is the cheapest way to get it?,have food,train-00000-of-00001,E,"Question:
We all need to have food to live but what is the cheapest way to get it?

Which of the following is the best response to the question?

Choices:
A. steal
B. purchase food from webvan.com
C. eat
D. work for
E. grow food

Reply with exactly one uppercase letter out of A, B, C, D or E.
",93
"When people meet other people in a convivial setting, what tends to happen?",people,train-00000-of-00001,D,"Question:
When people meet other people in a convivial setting, what tends to happen?

Which of the following is the best response to the question?

Choices:
A. expect miracles
B. think of life
C. talk to each other
D. form friendships
E. arguments

Reply with exactly one uppercase letter out of A, B, C, D or E.
",92
"Whether it's popped, grilled, or canned people like to what?",people,train-00000-of-00001,E,"Question:
Whether it's popped, grilled, or canned people like to what?

Which of the following is the best response to the question?

Choices:
A. expect to die
B. believe in god
C. stay in
D. watch movies
E. eat corn

Reply with exactly one uppercase letter out of A, B, C, D or E.
",91
"The astronaut wanted to find the United States from outer space, so where did he aim his spacecraft?",united states,train-00000-of-00001,E,"Question:
The astronaut wanted to find the United States from outer space, so where did he aim his spacecraft?

Which of the following is the best response to the question?

Choices:
A. history book
B. atlas
C. map
D. towards ocean
E. northern hemisphere

Reply with exactly one uppercase letter out of A, B, C, D or E.
",95
"Buying a house was his lifelong dream, but the lazy man did not enjoy having to maintain a what?",house,train-00000-of-00001,A,"Question:
Buying a house was his lifelong dream, but the lazy man did not enjoy having to maintain a what?

Which of the following is the best response to the question?

Choices:
A. yard
B. rooms
C. basement
D. kitchen
E. door knobs

Reply with exactly one uppercase letter out of A, B, C, D or E.
",92
The people changed their plans after watching the morning news.  What were they going to do?,people,train-00000-of-00001,B,"Question:
The people changed their plans after watching the morning news.  What were they going to do?

Which of the following is the best response to the question?

Choices:
A. drink coffee
B. go hiking
C. group objects
D. make babies
E. pay bills

Reply with exactly one uppercase letter out of A, B, C, D or E.
",91
The ball was hit over a boundary and struck an audience member.  What kind of game were they playing?,boundary,validation-00000-of-00001,A,"Question:
The ball was hit over a boundary and struck an audience member.  What kind of game were they playing?

Which of the following is the best response to the question?

Choices:
A. sporting event
B. sporting
C. basketball
D. society
E. ranch country

Reply with exactly one uppercase letter out of A, B, C, D or E.
",92
"If people need something on the other side of a body of water, what must they do?",people,train-00000-of-00001,B,"Question:
If people need something on the other side of a body of water, what must they do?

Which of the following is the best response to the question?

Choices:
A. flap their arms and fly
B. cross river
C. complete high school
D. die suddenly
E. talk to each other

Reply with exactly one uppercase letter out of A, B, C, D or E.
",97
"Billy loved grapes and other similar foods, so for his birthday his friends bought him one of these.  What did they buy him?",grape,train-00000-of-00001,A,"Question:
Billy loved grapes and other similar foods, so for his birthday his friends bought him one of these.  What did they buy him?

Which of the following is the best response to the question?

Choices:
A. fruit basket
B. field
C. winery
D. bowl of fruit
E. kitchen

Reply with exactly one uppercase letter out of A, B, C, D or E.
",99
"If you have two dogs, you'll quickly find that you have many more. This is because dogs are capable of what?",dogs,train-00000-of-00001,D,"Question:
If you have two dogs, you'll quickly find that you have many more. This is because dogs are capable of what?

Which of the following is the best response to the question?

Choices:
A. bark
B. need food
C. own people
D. reproduce
E. make playmates

Reply with exactly one uppercase letter out of A, B, C, D or E.
",96
"If you sale all seven of them you might come across an isle or two, but the one with the treasure is in just a single what?",isle,train-00000-of-00001,A,"Question:
If you sale all seven of them you might come across an isle or two, but the one with the treasure is in just a single what?

Which of the following is the best response to the question?

Choices:
A. sea
B. river
C. ocean
D. body of water
E. auditorium

Reply with exactly one uppercase letter out of A, B, C, D or E.
",100
"If one wants to breathe while they sleep, air needs to be inside of what?",air,train-00000-of-00001,E,"Question:
If one wants to breathe while they sleep, air needs to be inside of what?

Which of the following is the best response to the question?

Choices:
A. cupboard
B. surface of earth
C. space shuttle
D. supermarket balloon
E. house

Reply with exactly one uppercase letter out of A, B, C, D or E.
",91
The glass bottle ha a symbol on the bottom.  This symbol told customers what about the bottle?,glass,train-00000-of-00001,E,"Question:
The glass bottle ha a symbol on the bottom.  This symbol told customers what about the bottle?

Which of the following is the best response to the question?

Choices:
A. combustible
B. dirty
C. clear
D. very fragile
E. recyclable

Reply with exactly one uppercase letter out of A, B, C, D or E.
",91
If I was using a hairpin on a female customer where do I need to put it?,hairpin,train-00000-of-00001,A,"Question:
If I was using a hairpin on a female customer where do I need to put it?

Which of the following is the best response to the question?

Choices:
A. woman's hair
B. hair salon
C. bathroom cabinet drawer
D. forehead
E. barber shop

Reply with exactly one uppercase letter out of A, B, C, D or E.
",94
"There's an obvious prerequisite to being able to watch film, and that is to what?",watch film,train-00000-of-00001,C,"Question:
There's an obvious prerequisite to being able to watch film, and that is to what?

Which of the following is the best response to the question?

Choices:
A. open eyes
B. go to movies
C. have eyes
D. wear glasses
E. have netflix

Reply with exactly one uppercase letter out of A, B, C, D or E.
",95
"Sean was in a rush to get home, but the light turned yellow and he was forced to do what?",rush,validation-00000-of-00001,E,"Question:
Sean was in a rush to get home, but the light turned yellow and he was forced to do what?

Which of the following is the best response to the question?

Choices:
A. take time
B. dawdle
C. go slowly
D. ocean
E. slow down

Reply with exactly one uppercase letter out of A, B, C, D or E.
",95
"They were having a hard time see what areas of the wall need a second coat of paint, they needed another light source so the plugged in another what?",light source,train-00000-of-00001,C,"Question:
They were having a hard time see what areas of the wall need a second coat of paint, they needed another light source so the plugged in another what?

Which of the following is the best response to the question?

Choices:
A. candle
B. room
C. lamp
D. hallway
E. sky

Reply with exactly one uppercase letter out of A, B, C, D or E.
",98
What would a cat want if it is not hungry but it is bored?,cat,train-00000-of-00001,D,"Question:
What would a cat want if it is not hungry but it is bored?

Which of the following is the best response to the question?

Choices:
A. fried chicken
B. nothing to do with
C. tuna fish
D. stroked
E. milk to drink

Reply with exactly one uppercase letter out of A, B, C, D or E.
",91
"The curious child wanted to know more about the lizard, so he opened up volume L of the what?",lizard,train-00000-of-00001,A,"Question:
The curious child wanted to know more about the lizard, so he opened up volume L of the what?

Which of the following is the best response to the question?

Choices:
A. encyclopedia
B. dessert
C. spoons
D. new hampshire
E. south america

Reply with exactly one uppercase letter out of A, B, C, D or E.
",98
"The boss gave him the money to appease the clients, he had to what?",money,train-00000-of-00001,D,"Question:
The boss gave him the money to appease the clients, he had to what?

Which of the following is the best response to the question?

Choices:
A. buy a train ticket
B. create art
C. apply for job
D. take care of proposals
E. stand in line

Reply with exactly one uppercase letter out of A, B, C, D or E.
",94
"Sally wanted a stuffed animal for her birth day, so her father took her some place to pick one out. Where might they have gone?",stuffed animal,train-00000-of-00001,E,"Question:
Sally wanted a stuffed animal for her birth day, so her father took her some place to pick one out. Where might they have gone?

Which of the following is the best response to the question?

Choices:
A. children's room
B. kindergarten
C. hall
D. amusement park
E. toy store

Reply with exactly one uppercase letter out of A, B, C, D or E.
",103
"She was there for for just one location and one pair of jeans, but she spent hours looking at everything and anything in the what?",jeans,train-00000-of-00001,C,"Question:
She was there for for just one location and one pair of jeans, but she spent hours looking at everything and anything in the what?

Which of the following is the best response to the question?

Choices:
A. clothing store
B. shopping plaza
C. shopping mall
D. laundromat
E. thrift store

Reply with exactly one uppercase letter out of A, B, C, D or E.
",102
"The judge had ruled the murder case could be reopened, excavation soon began where?",excavation,train-00000-of-00001,E,"Question:
The judge had ruled the murder case could be reopened, excavation soon began where?

Which of the following is the best response to the question?

Choices:
A. dead
B. construction site
C. under ground
D. egypt
E. cemetary

Reply with exactly one uppercase letter out of A, B, C, D or E.
",91
"She always made sure her infant was sleeping the right way, the articles she read had made her paranoid about what happening?",sleeping,train-00000-of-00001,B,"Question:
She always made sure her infant was sleeping the right way, the articles she read had made her paranoid about what happening?

Which of the following is the best response to the question?

Choices:
A. nightmares
B. death
C. dreams
D. erections
E. vaccines

Reply with exactly one uppercase letter out of A, B, C, D or E.
",96
"The meat was ready to cook, it needed to go in where for at least four hours?",meat,train-00000-of-00001,A,"Question:
The meat was ready to cook, it needed to go in where for at least four hours?

Which of the following is the best response to the question?

Choices:
A. oven
B. ham sandwich
C. a pot
D. butcher shop
E. frying pan

Reply with exactly one uppercase letter out of A, B, C, D or E.
",91
"When someone points their transistor radio to the sky, what are they hoping to hear transmissions from?",radio,train-00000-of-00001,C,"Question:
When someone points their transistor radio to the sky, what are they hoping to hear transmissions from?

Which of the following is the best response to the question?

Choices:
A. every car and house
B. bedroom
C. space shuttle
D. shop
E. ufo

Reply with exactly one uppercase letter out of A, B, C, D or E.
",94
"Bill picks from an apple tree in southern Michigan, where is he most likely to be?",apple tree,train-00000-of-00001,A,"Question:
Bill picks from an apple tree in southern Michigan, where is he most likely to be?

Which of the following is the best response to the question?

Choices:
A. detroit
B. maryland
C. oregon
D. washington state
E. indiana

Reply with exactly one uppercase letter out of A, B, C, D or E.
",91
"George thought that it was possibile to go faster than light.  He insisted.  However, all known science said that this was what?",possible,train-00000-of-00001,B,"Question:
George thought that it was possibile to go faster than light.  He insisted.  However, all known science said that this was what?

Which of the following is the best response to the question?

Choices:
A. impossibility
B. impossibility
C. impossible
D. unlikely
E. cant do

Reply with exactly one uppercase letter out of A, B, C, D or E.
",101
"The twisted kidnapper laid out the deal, killing seemed to be the only way the victim could gain his what?",killing,train-00000-of-00001,E,"Question:
The twisted kidnapper laid out the deal, killing seemed to be the only way the victim could gain his what?

Which of the following is the best response to the question?

Choices:
A. sorrow
B. trust
C. bloody mess
D. pleasure
E. freedom

Reply with exactly one uppercase letter out of A, B, C, D or E.
",92
The company just came out with some new buying products! It lets you purchase as much as you want! So what does it help you do?,buying products,train-00000-of-00001,A,"Question:
The company just came out with some new buying products! It lets you purchase as much as you want! So what does it help you do?

Which of the following is the best response to the question?

Choices:
A. spending money
B. bankruptcy
C. pleasure
D. debt
E. shopping

Reply with exactly one uppercase letter out of A, B, C, D or E.
",97
"Eating is part of living, but your body doesn't use it all and the next day you will be doing what?",eating,validation-00000-of-00001,E,"Question:
Eating is part of living, but your body doesn't use it all and the next day you will be doing what?

Which of the following is the best response to the question?

Choices:
A. reduced
B. getting full
C. becoming full
D. chewing
E. defecating

Reply with exactly one uppercase letter out of A, B, C, D or E.
",97
"If a coup-de-etat happens with hopes of changing society, what is called for?",changing society,train-00000-of-00001,E,"Question:
If a coup-de-etat happens with hopes of changing society, what is called for?

Which of the following is the best response to the question?

Choices:
A. happiness for
B. new laws
C. protest
D. change in leadership
E. cultural revolution

Reply with exactly one uppercase letter out of A, B, C, D or E.
",91
"The receptionist lady loved to use a rubber stamp on her notes, she was the most pleasant person in the whole what?",rubber stamp,train-00000-of-00001,C,"Question:
The receptionist lady loved to use a rubber stamp on her notes, she was the most pleasant person in the whole what?

Which of the following is the best response to the question?

Choices:
A. art class
B. indiana
C. office
D. insane asylum
E. desk

Reply with exactly one uppercase letter out of A, B, C, D or E.
",96
"Amelia tried to aim for the small isle, but the water of the what was coming on fast?",isle,train-00000-of-00001,A,"Question:
Amelia tried to aim for the small isle, but the water of the what was coming on fast?

Which of the following is the best response to the question?

Choices:
A. ocean
B. sea
C. pool
D. auditorium
E. body of water

Reply with exactly one uppercase letter out of A, B, C, D or E.
",92
"It is a teachers job to help students commit to memory new skills, what is the teachers main job in the classroom to help students do?",commit to memory,train-00000-of-00001,E,"Question:
It is a teachers job to help students commit to memory new skills, what is the teachers main job in the classroom to help students do?

Which of the following is the best response to the question?

Choices:
A. make tape
B. memorize
C. never forget
D. concentrate
E. learn

Reply with exactly one uppercase letter out of A, B, C, D or E.
",97
If you about to go on stage and are dressed in costume you are likely about to be what?,go on stage,train-00000-of-00001,A,"Question:
If you about to go on stage and are dressed in costume you are likely about to be what?

Which of the following is the best response to the question?

Choices:
A. in play
B. going to bed
C. have talent
D. teach
E. climb stairs

Reply with exactly one uppercase letter out of A, B, C, D or E.
",91
"His hotel had a view of a famous mountain, he sampled chocolates, and did more during his visit where?",mountain,train-00000-of-00001,C,"Question:
His hotel had a view of a famous mountain, he sampled chocolates, and did more during his visit where?

Which of the following is the best response to the question?

Choices:
A. himalayas
B. pennsylvania
C. switzerland
D. picture
E. canada

Reply with exactly one uppercase letter out of A, B, C, D or E.
",98
"The child was pretending he was in space, regular items were parts of his spaceship thanks to his what?",pretending,train-00000-of-00001,B,"Question:
The child was pretending he was in space, regular items were parts of his spaceship thanks to his what?

Which of the following is the best response to the question?

Choices:
A. acting skills
B. imagining
C. creativity
D. making up story
E. alien intelligence

Reply with exactly one uppercase letter out of A, B, C, D or E.
",94
A person who fears A.I. has a main fear that man will lose the ability to what?,person,train-00000-of-00001,D,"Question:
A person who fears A.I. has a main fear that man will lose the ability to what?

Which of the following is the best response to the question?

Choices:
A. go on vacation
B. work
C. cross street
D. control computer
E. separate things

Reply with exactly one uppercase letter out of A, B, C, D or E.
",92
"The tourist entered Mammoth cave, what state were they in?",cave,validation-00000-of-00001,B,"Question:
The tourist entered Mammoth cave, what state were they in?

Which of the following is the best response to the question?

Choices:
A. west virginia
B. kentucky
C. rocky hills
D. scotland
E. canyon

Reply with exactly one uppercase letter out of A, B, C, D or E.
",91
"The old lady wanted to purchase a can of paint, the helpful employee got it for her off the what?",paint,train-00000-of-00001,C,"Question:
The old lady wanted to purchase a can of paint, the helpful employee got it for her off the what?

Which of the following is the best response to the question?

Choices:
A. wall
B. hardware store
C. shelf
D. paintbrush
E. windowsill

Reply with exactly one uppercase letter out of A, B, C, D or E.
",92
If you have a child who gets in trouble for being hyperactive you may need to teach them how to what down?,trouble,validation-00000-of-00001,B,"Question:
If you have a child who gets in trouble for being hyperactive you may need to teach them how to what down?

Which of the following is the best response to the question?

Choices:
A. park
B. calm
C. being good
D. good behavior
E. safe

Reply with exactly one uppercase letter out of A, B, C, D or E.
",92
"The man practiced his communicating skills before the large event, he was new to the city and planned on doing what?",communicating,train-00000-of-00001,C,"Question:
The man practiced his communicating skills before the large event, he was new to the city and planned on doing what?

Which of the following is the best response to the question?

Choices:
A. exchange information
B. people to think
C. making friends
D. talking with others
E. transfer of information

Reply with exactly one uppercase letter out of A, B, C, D or E.
",99
"Sarah didn't want to wait until she was an adult, but she had to in order to do what?",adult,train-00000-of-00001,A,"Question:
Sarah didn't want to wait until she was an adult, but she had to in order to do what?

Which of the following is the best response to the question?

Choices:
A. marry
B. dress himself
C. drive train
D. drive car
E. ball stopped

Reply with exactly one uppercase letter out of A, B, C, D or E.
",95
"The corner shop was the epicenter of activity, it's where everybody that knew everybody hung around in the small what?",corner shop,train-00000-of-00001,E,"Question:
The corner shop was the epicenter of activity, it's where everybody that knew everybody hung around in the small what?

Which of the following is the best response to the question?

Choices:
A. england
B. iowa
C. street corner
D. city
E. town

Reply with exactly one uppercase letter out of A, B, C, D or E.
",94
Where would you sit in a waiting room before getting an x-ray of your jaw?,waiting room,train-00000-of-00001,D,"Question:
Where would you sit in a waiting room before getting an x-ray of your jaw?

Which of the following is the best response to the question?

Choices:
A. waiting room
B. doctor's office
C. maternity ward
D. dentist's office
E. clinic

Reply with exactly one uppercase letter out of A, B, C, D or E.
",95
"He planted an apple tree outside of Concord, what is the state it was planted in?",apple tree,train-00000-of-00001,C,"Question:
He planted an apple tree outside of Concord, what is the state it was planted in?

Which of the following is the best response to the question?

Choices:
A. grapes
B. washington state
C. new hampshire
D. rhode island
E. idaho

Reply with exactly one uppercase letter out of A, B, C, D or E.
",94
"The extra was told to stop standing in the scene, stating the director's cameras what?",stop standing in,train-00000-of-00001,D,"Question:
The extra was told to stop standing in the scene, stating the director's cameras what?

Which of the following is the best response to the question?

Choices:
A. sit down
B. step out of
C. get off
D. have moved
E. move away from

Reply with exactly one uppercase letter out of A, B, C, D or E.
",92
Where would you put a fire extinguisher if you do not have any large doors in your house and your house only has one floor?,fire extinguisher,train-00000-of-00001,D,"Question:
Where would you put a fire extinguisher if you do not have any large doors in your house and your house only has one floor?

Which of the following is the best response to the question?

Choices:
A. garage
B. stairwell
C. house
D. kitchen
E. outside

Reply with exactly one uppercase letter out of A, B, C, D or E.
",96
"Horses are big animals that get a lot of exercise.  Because he this, they need to do what?",horse,train-00000-of-00001,D,"Question:
Horses are big animals that get a lot of exercise.  Because he this, they need to do what?

Which of the following is the best response to the question?

Choices:
A. run quickly
B. pull wagon
C. go away
D. drink water
E. eat carrots

Reply with exactly one uppercase letter out of A, B, C, D or E.
",97
"James had difficult beginning work, but once it did he didn't stop.  He worked best when he had what?",beginning work,train-00000-of-00001,E,"Question:
James had difficult beginning work, but once it did he didn't stop.  He worked best when he had what?

Which of the following is the best response to the question?

Choices:
A. panic
B. stress
C. anxiety
D. accomplishing
E. momentum

Reply with exactly one uppercase letter out of A, B, C, D or E.
",93
Sam felt that he only had the power to destroy.  He was scared when he learned that Jane was pregnant.  He was surprised that he could do what?,destroy,train-00000-of-00001,A,"Question:
Sam felt that he only had the power to destroy.  He was scared when he learned that Jane was pregnant.  He was surprised that he could do what?

Which of the following is the best response to the question?

Choices:
A. create
B. rebuild
C. repair
D. draw
E. construct

Reply with exactly one uppercase letter out of A, B, C, D or E.
",100
"Being tired makes humans realize they need what even in a car, or chair?",being tired,train-00000-of-00001,D,"Question:
Being tired makes humans realize they need what even in a car, or chair?

Which of the following is the best response to the question?

Choices:
A. snore
B. go to bed
C. read a book
D. have rest
E. go to sleep

Reply with exactly one uppercase letter out of A, B, C, D or E.
",91
"If you are prescribed an antibiotic by your doctor, where would you go to get it?",antibiotic,train-00000-of-00001,C,"Question:
If you are prescribed an antibiotic by your doctor, where would you go to get it?

Which of the following is the best response to the question?

Choices:
A. doctor
B. prescribed
C. pharmacy
D. medicine cabinet
E. capsule

Reply with exactly one uppercase letter out of A, B, C, D or E.
",91
Where could you find some plumbing that would not be of use to you if you are thirsty?,plumbing,train-00000-of-00001,A,"Question:
Where could you find some plumbing that would not be of use to you if you are thirsty?

Which of the following is the best response to the question?

Choices:
A. oil refineries
B. wall
C. show
D. own home
E. water fountain

Reply with exactly one uppercase letter out of A, B, C, D or E.
",95
"Billy wants to understand people better.  He's a very big-hearrted person,  He has a lot of what?",understanding better,train-00000-of-00001,C,"Question:
Billy wants to understand people better.  He's a very big-hearrted person,  He has a lot of what?

Which of the following is the best response to the question?

Choices:
A. peace
B. love
C. compassion
D. friendships
E. satisfaction

Reply with exactly one uppercase letter out of A, B, C, D or E.
",97
"She was in a kitchen of people who just moved in to town, where was she?",kitchen,train-00000-of-00001,D,"Question:
She was in a kitchen of people who just moved in to town, where was she?

Which of the following is the best response to the question?

Choices:
A. home
B. tree house
C. friend's house
D. neighbor's house
E. restaurant

Reply with exactly one uppercase letter out of A, B, C, D or E.
",91
Sammy was a union member.   He had to be.  It was the only way to advance in his profession.  What was his profession?,union,train-00000-of-00001,E,"Question:
Sammy was a union member.   He had to be.  It was the only way to advance in his profession.  What was his profession?

Which of the following is the best response to the question?

Choices:
A. workplace
B. science
C. algebra
D. province
E. construction business

Reply with exactly one uppercase letter out of A, B, C, D or E.
",98
