question,question_concept,_split,answer,final_prompt,len_tk_mistral_7b_base
If a train is behind schedule what is it likely to do?,train,train-00000-of-00001,A,"Question:
If a train is behind schedule what is it likely to do?

Which of the following is the best response to the question?

Choices:
A. arrive late
B. slow down
C. make up time
D. arrive early
E. arrive on time

Reply with exactly one uppercase letter out of A, B, C, D or E.
",86
Where is one likely to find a fan for their stove?,fan,validation-00000-of-00001,A,"Question:
Where is one likely to find a fan for their stove?

Which of the following is the best response to the question?

Choices:
A. appliance store
B. sports stadium
C. dress emporium
D. hot room
E. football stadium

Reply with exactly one uppercase letter out of A, B, C, D or E.
",86
"When someone is watching a film like Saw, what are they likely experiencing?",watching film,train-00000-of-00001,B,"Question:
When someone is watching a film like Saw, what are they likely experiencing?

Which of the following is the best response to the question?

Choices:
A. they want to close their eyes
B. fear
C. like
D. being entertained
E. insight

Reply with exactly one uppercase letter out of A, B, C, D or E.
",88
"Where might I ruin some papers if I place my coffee mug there, and it spills?",coffee mug,train-00000-of-00001,E,"Question:
Where might I ruin some papers if I place my coffee mug there, and it spills?

Which of the following is the best response to the question?

Choices:
A. table
B. cupboard
C. shelf
D. kitchen
E. desktop

Reply with exactly one uppercase letter out of A, B, C, D or E.
",87
You may drink from a cup in what small dwelling that are normally grouped together in one building?,cup,train-00000-of-00001,B,"Question:
You may drink from a cup in what small dwelling that are normally grouped together in one building?

Which of the following is the best response to the question?

Choices:
A. school
B. apartment
C. closet
D. table
E. restaurant

Reply with exactly one uppercase letter out of A, B, C, D or E.
",87
"The snake was a cottonmouth.  It was an American, from where?",snake,train-00000-of-00001,A,"Question:
The snake was a cottonmouth.  It was an American, from where?

Which of the following is the best response to the question?

Choices:
A. georgia
B. tree
C. nature
D. under the rocks
E. france

Reply with exactly one uppercase letter out of A, B, C, D or E.
",87
"The Andes pop up through many countries, alphabetically starting with where?",andes,train-00000-of-00001,E,"Question:
The Andes pop up through many countries, alphabetically starting with where?

Which of the following is the best response to the question?

Choices:
A. ecuador
B. peru
C. colombia
D. bolivia
E. argentina

Reply with exactly one uppercase letter out of A, B, C, D or E.
",90
What kind of place has a revolving door and has things to buy in it?,revolving door,validation-00000-of-00001,D,"Question:
What kind of place has a revolving door and has things to buy in it?

Which of the following is the best response to the question?

Choices:
A. new york
B. public place
C. bank
D. mall
E. supermarket door

Reply with exactly one uppercase letter out of A, B, C, D or E.
",89
"The wind was warm, what effect did it have on the person facing it?",wind,train-00000-of-00001,A,"Question:
The wind was warm, what effect did it have on the person facing it?

Which of the following is the best response to the question?

Choices:
A. dry hair
B. blowing hard
C. change direction
D. dry skin
E. cotton mouth

Reply with exactly one uppercase letter out of A, B, C, D or E.
",87
"The buildings were intended to not have residential kitchens in them, what were they designed for?",buildings,validation-00000-of-00001,D,"Question:
The buildings were intended to not have residential kitchens in them, what were they designed for?

Which of the following is the best response to the question?

Choices:
A. large city
B. small
C. eat cake
D. university
E. town

Reply with exactly one uppercase letter out of A, B, C, D or E.
",87
"When the woman put her belonging  in the drawstring bag, how did she want her things to stay?",drawstring bag,train-00000-of-00001,A,"Question:
When the woman put her belonging  in the drawstring bag, how did she want her things to stay?

Which of the following is the best response to the question?

Choices:
A. safe
B. department store
C. military
D. tied up
E. airport

Reply with exactly one uppercase letter out of A, B, C, D or E.
",90
Sam listened for instructions from the ground on the radio.  Where might have Sam been?,radio,train-00000-of-00001,C,"Question:
Sam listened for instructions from the ground on the radio.  Where might have Sam been?

Which of the following is the best response to the question?

Choices:
A. school
B. shop
C. space shuttle
D. train
E. bedroom

Reply with exactly one uppercase letter out of A, B, C, D or E.
",86
"An electronics store had things damaged from the rain, where should these things be stored?",electronics store,train-00000-of-00001,C,"Question:
An electronics store had things damaged from the rain, where should these things be stored?

Which of the following is the best response to the question?

Choices:
A. large city
B. strip mall
C. building
D. shopping mall
E. aquarium

Reply with exactly one uppercase letter out of A, B, C, D or E.
",90
Where are you likely to receive mouthwash in a little paper cup?,mouthwash,train-00000-of-00001,C,"Question:
Where are you likely to receive mouthwash in a little paper cup?

Which of the following is the best response to the question?

Choices:
A. bottle
B. drug store
C. dentist's office
D. doctor office
E. bathroom

Reply with exactly one uppercase letter out of A, B, C, D or E.
",87
"She knew what presents she was getting, none of them were what she wanted and so she felt what?",getting,train-00000-of-00001,E,"Question:
She knew what presents she was getting, none of them were what she wanted and so she felt what?

Which of the following is the best response to the question?

Choices:
A. excited
B. ownership
C. satisfaction
D. being happy
E. disappointment

Reply with exactly one uppercase letter out of A, B, C, D or E.
",88
"If you get something,  you'll what it?",getting,train-00000-of-00001,D,"Question:
If you get something,  you'll what it?

Which of the following is the best response to the question?

Choices:
A. being happy
B. in underpants drawer
C. wanting more
D. then have
E. headaches

Reply with exactly one uppercase letter out of A, B, C, D or E.
",86
"The science major was planning on digging in the earth one day, his favorite class was what?",science,train-00000-of-00001,D,"Question:
The science major was planning on digging in the earth one day, his favorite class was what?

Which of the following is the best response to the question?

Choices:
A. religion
B. faith
C. health
D. geography
E. history studies

Reply with exactly one uppercase letter out of A, B, C, D or E.
",87
If you are getting drunk you will need to drink what?,getting drunk,train-00000-of-00001,A,"Question:
If you are getting drunk you will need to drink what?

Which of the following is the best response to the question?

Choices:
A. booze
B. ethanol
C. sauce
D. consumption of alcohol
E. drinking alcohol

Reply with exactly one uppercase letter out of A, B, C, D or E.
",85
"The competition contestant had simply run out of steam, it seemed she was doing what?",run out of steam,train-00000-of-00001,B,"Question:
The competition contestant had simply run out of steam, it seemed she was doing what?

Which of the following is the best response to the question?

Choices:
A. dying
B. quitting
C. you'll sleep
D. rest
E. pause

Reply with exactly one uppercase letter out of A, B, C, D or E.
",88
What place has many coasts and is a place where you could find a sloth?,sloth,train-00000-of-00001,B,"Question:
What place has many coasts and is a place where you could find a sloth?

Which of the following is the best response to the question?

Choices:
A. commercial
B. costa rica
C. dictionary
D. civil service
E. paraguay

Reply with exactly one uppercase letter out of A, B, C, D or E.
",90
"If I want to find more information about things in general, what am I seeking?",finding information,train-00000-of-00001,A,"Question:
If I want to find more information about things in general, what am I seeking?

Which of the following is the best response to the question?

Choices:
A. increased knowledge
B. knowing more
C. wisdom
D. gaining knowledge
E. headaches

Reply with exactly one uppercase letter out of A, B, C, D or E.
",87
"If man and mammoth wanted to meet, they would probably have to do it during when?",mammoth,train-00000-of-00001,D,"Question:
If man and mammoth wanted to meet, they would probably have to do it during when?

Which of the following is the best response to the question?

Choices:
A. a baby shower
B. ancient history
C. storybook
D. stone age
E. forest

Reply with exactly one uppercase letter out of A, B, C, D or E.
",90
"If people are busy, what do they tend to do?",people,train-00000-of-00001,D,"Question:
If people are busy, what do they tend to do?

Which of the following is the best response to the question?

Choices:
A. make lists
B. trade places
C. talk to each other
D. hurry along
E. say ""hello"" to one another

Reply with exactly one uppercase letter out of A, B, C, D or E.
",90
"The person was looking up airline and hotel prices, what was he looking to do?",person,train-00000-of-00001,C,"Question:
The person was looking up airline and hotel prices, what was he looking to do?

Which of the following is the best response to the question?

Choices:
A. control computer
B. separate things
C. go on vacation
D. cross street
E. go out

Reply with exactly one uppercase letter out of A, B, C, D or E.
",90
Where is a tap show likely to make a lot of noise?,tap,train-00000-of-00001,E,"Question:
Where is a tap show likely to make a lot of noise?

Which of the following is the best response to the question?

Choices:
A. water fountain
B. soda fountain
C. ohio
D. bathtub
E. bathroom

Reply with exactly one uppercase letter out of A, B, C, D or E.
",89
"He was going to sleep at his summer home, he turned on an electric fan to air out his what?",electric fan,train-00000-of-00001,E,"Question:
He was going to sleep at his summer home, he turned on an electric fan to air out his what?

Which of the following is the best response to the question?

Choices:
A. home
B. office
C. closet
D. field
E. hot room

Reply with exactly one uppercase letter out of A, B, C, D or E.
",89
"The traveler needs a place to say, where are hotels located?",place to stay,train-00000-of-00001,C,"Question:
The traveler needs a place to say, where are hotels located?

Which of the following is the best response to the question?

Choices:
A. in a palace
B. mexico
C. every country
D. town
E. motel

Reply with exactly one uppercase letter out of A, B, C, D or E.
",85
If you turn off the music in a room with no other noise that room would be what?,music,validation-00000-of-00001,A,"Question:
If you turn off the music in a room with no other noise that room would be what?

Which of the following is the best response to the question?

Choices:
A. silent
B. opera
C. silence
D. television
E. elevator

Reply with exactly one uppercase letter out of A, B, C, D or E.
",85
Sam loves to create art.   Looking at other peoples work does what to him?,create art,train-00000-of-00001,C,"Question:
Sam loves to create art.   Looking at other peoples work does what to him?

Which of the following is the best response to the question?

Choices:
A. depresses
B. express yourself
C. inspires
D. enlightenment
E. creative

Reply with exactly one uppercase letter out of A, B, C, D or E.
",89
What would happen to someone when he or she is finished going somewhere?,going somewhere,train-00000-of-00001,D,"Question:
What would happen to someone when he or she is finished going somewhere?

Which of the following is the best response to the question?

Choices:
A. going back somewhere.
B. getting there
C. having to travel
D. being there
E. get excited

Reply with exactly one uppercase letter out of A, B, C, D or E.
",88
What is something that probably has a lot of testosterone and way too much alcohol?,alcohol,train-00000-of-00001,D,"Question:
What is something that probably has a lot of testosterone and way too much alcohol?

Which of the following is the best response to the question?

Choices:
A. beer
B. wine
C. restaurant
D. fraternity house
E. pub

Reply with exactly one uppercase letter out of A, B, C, D or E.
",87
The roses flowered in June.  Sarah loved smelling the what?,flower,train-00000-of-00001,A,"Question:
The roses flowered in June.  Sarah loved smelling the what?

Which of the following is the best response to the question?

Choices:
A. blossom
B. vase
C. park
D. cast shadow
E. open

Reply with exactly one uppercase letter out of A, B, C, D or E.
",86
"A person who is hungry and eating breakfast, what is their goal?",eating breakfast,train-00000-of-00001,A,"Question:
A person who is hungry and eating breakfast, what is their goal?

Which of the following is the best response to the question?

Choices:
A. being satisfied
B. heartburn
C. weight gain
D. overeating
E. gain energy

Reply with exactly one uppercase letter out of A, B, C, D or E.
",86
"When people are playing a game, what is their motivation to play?",people,validation-00000-of-00001,C,"Question:
When people are playing a game, what is their motivation to play?

Which of the following is the best response to the question?

Choices:
A. believe in god
B. dance
C. desire to win
D. destroy each other
E. run amok

Reply with exactly one uppercase letter out of A, B, C, D or E.
",88
If you're buying beer for a float trip what are you preparing to do?,buying beer,validation-00000-of-00001,B,"Question:
If you're buying beer for a float trip what are you preparing to do?

Which of the following is the best response to the question?

Choices:
A. get arrested
B. have fun
C. get sick
D. spend money
E. stupidity

Reply with exactly one uppercase letter out of A, B, C, D or E.
",88
Where would you expect to see a coach in Europe or South America?,coach,train-00000-of-00001,D,"Question:
Where would you expect to see a coach in Europe or South America?

Which of the following is the best response to the question?

Choices:
A. play football
B. sporting event
C. at a laundry mat.
D. soccer game
E. hockey game

Reply with exactly one uppercase letter out of A, B, C, D or E.
",89
"If people are told something controversial, what do they do next?",people,train-00000-of-00001,D,"Question:
If people are told something controversial, what do they do next?

Which of the following is the best response to the question?

Choices:
A. hope for peace
B. believe in god
C. start fighting
D. form opinions
E. worship idols

Reply with exactly one uppercase letter out of A, B, C, D or E.
",87
Where is someone not likely to find a needle?,needle,train-00000-of-00001,A,"Question:
Where is someone not likely to find a needle?

Which of the following is the best response to the question?

Choices:
A. haystack
B. spool of thread
C. hospital
D. box of needles
E. doctor's office

Reply with exactly one uppercase letter out of A, B, C, D or E.
",86
Where are there millions of marmoset sitting in trees?,marmoset,train-00000-of-00001,B,"Question:
Where are there millions of marmoset sitting in trees?

Which of the following is the best response to the question?

Choices:
A. france
B. latin america
C. columbia
D. underground
E. dictionary

Reply with exactly one uppercase letter out of A, B, C, D or E.
",85
What's one characteristic that separates a person from a stuffed dummy?,person,train-00000-of-00001,C,"Question:
What's one characteristic that separates a person from a stuffed dummy?

Which of the following is the best response to the question?

Choices:
A. absorb moisture
B. cross street
C. experience pain
D. deceive himself
E. dead

Reply with exactly one uppercase letter out of A, B, C, D or E.
",86
"You'd find a metal rod or two in welding, home improvement, and manufacturing whats?",metal rod,train-00000-of-00001,C,"Question:
You'd find a metal rod or two in welding, home improvement, and manufacturing whats?

Which of the following is the best response to the question?

Choices:
A. broken bone
B. construction site
C. shops
D. cars
E. engine

Reply with exactly one uppercase letter out of A, B, C, D or E.
",89
"The engineers were testing the automaton, where were they likely doing this?",automaton,train-00000-of-00001,E,"Question:
The engineers were testing the automaton, where were they likely doing this?

Which of the following is the best response to the question?

Choices:
A. car assembly plant
B. do chores
C. banking
D. museum
E. lab

Reply with exactly one uppercase letter out of A, B, C, D or E.
",85
"When you get an F, you fail. If you get A's you are?",fail,validation-00000-of-00001,D,"Question:
When you get an F, you fail. If you get A's you are?

Which of the following is the best response to the question?

Choices:
A. passed
B. completing
C. passed
D. passing
E. succeeding

Reply with exactly one uppercase letter out of A, B, C, D or E.
",85
"If one needed peas and shopped local, where might they go?",peas,train-00000-of-00001,D,"Question:
If one needed peas and shopped local, where might they go?

Which of the following is the best response to the question?

Choices:
A. supermarket
B. fridge
C. grocery store
D. farmer's market
E. freezer

Reply with exactly one uppercase letter out of A, B, C, D or E.
",87
What must elementary school students do when they are going into class?,student,train-00000-of-00001,C,"Question:
What must elementary school students do when they are going into class?

Which of the following is the best response to the question?

Choices:
A. think for himself
B. answer question
C. wait in line
D. speak a foreign language
E. cross road

Reply with exactly one uppercase letter out of A, B, C, D or E.
",88
"If you cut when waiting at the ticket office, what should your punishment be?",ticket office,train-00000-of-00001,E,"Question:
If you cut when waiting at the ticket office, what should your punishment be?

Which of the following is the best response to the question?

Choices:
A. auditorium
B. humans
C. opera house
D. death
E. end of line

Reply with exactly one uppercase letter out of A, B, C, D or E.
",87
Officers will carry a pistol to shoot deserters from what?,pistol,train-00000-of-00001,D,"Question:
Officers will carry a pistol to shoot deserters from what?

Which of the following is the best response to the question?

Choices:
A. police officer's belt
B. police station
C. traffic
D. war
E. pants

Reply with exactly one uppercase letter out of A, B, C, D or E.
",86
"At work I do lots of math, so I keep a calculator open and handy on my what?",calculator,train-00000-of-00001,E,"Question:
At work I do lots of math, so I keep a calculator open and handy on my what?

Which of the following is the best response to the question?

Choices:
A. wristwatch
B. office
C. purse
D. accounting department
E. desktop

Reply with exactly one uppercase letter out of A, B, C, D or E.
",90
What is it called when you spend time with friends and acquaintances?,friends,train-00000-of-00001,A,"Question:
What is it called when you spend time with friends and acquaintances?

Which of the following is the best response to the question?

Choices:
A. socialize
B. tell story
C. go somewhere
D. wedding
E. clean room

Reply with exactly one uppercase letter out of A, B, C, D or E.
",85
"If I am attending a self-help lecture, what am I hoping to accomplish?",attending lecture,train-00000-of-00001,D,"Question:
If I am attending a self-help lecture, what am I hoping to accomplish?

Which of the following is the best response to the question?

Choices:
A. go to sleep
B. gaining happiness
C. gaining knowledge
D. inspiration
E. gain knowledge

Reply with exactly one uppercase letter out of A, B, C, D or E.
",88
"There's a lot to reproducing, but it begins and end with new life by giving what?",reproducing,train-00000-of-00001,B,"Question:
There's a lot to reproducing, but it begins and end with new life by giving what?

Which of the following is the best response to the question?

Choices:
A. overpopulation
B. birth
C. presents
D. propagation
E. fun

Reply with exactly one uppercase letter out of A, B, C, D or E.
",90
"He admired the apple tree, he was relaxing in the smallest of the fifty where?",apple tree,train-00000-of-00001,C,"Question:
He admired the apple tree, he was relaxing in the smallest of the fifty where?

Which of the following is the best response to the question?

Choices:
A. meadow
B. idaho
C. rhode island
D. garden
E. park

Reply with exactly one uppercase letter out of A, B, C, D or E.
",88
What would you do with a sword you are holding if you do not need to use it?,sword,train-00000-of-00001,E,"Question:
What would you do with a sword you are holding if you do not need to use it?

Which of the following is the best response to the question?

Choices:
A. salon
B. stone
C. collection
D. museum
E. sheath

Reply with exactly one uppercase letter out of A, B, C, D or E.
",87
If you're going on vacation on a deserted island what are you hoping to achieve?,going on vacation,train-00000-of-00001,E,"Question:
If you're going on vacation on a deserted island what are you hoping to achieve?

Which of the following is the best response to the question?

Choices:
A. panic
B. having fun
C. relaxation
D. solitude
E. peace

Reply with exactly one uppercase letter out of A, B, C, D or E.
",87
"John was driving to work and running late, what did he experience as he walked through the door?",driving to work,train-00000-of-00001,C,"Question:
John was driving to work and running late, what did he experience as he walked through the door?

Which of the following is the best response to the question?

Choices:
A. impatience
B. sadness
C. anxiety
D. stress
E. boredom

Reply with exactly one uppercase letter out of A, B, C, D or E.
",89
"She had worked hard her whole life saving money, featuring her dream entrance hall she bought a new what?",entrance hall,train-00000-of-00001,C,"Question:
She had worked hard her whole life saving money, featuring her dream entrance hall she bought a new what?

Which of the following is the best response to the question?

Choices:
A. hat rack
B. school
C. large home
D. palace
E. gateway

Reply with exactly one uppercase letter out of A, B, C, D or E.
",90
Simon's instructions were not clear.  Claire found them to be what?,clear,train-00000-of-00001,C,"Question:
Simon's instructions were not clear.  Claire found them to be what?

Which of the following is the best response to the question?

Choices:
A. park
B. invisible
C. confusing
D. obscured
E. misunderstood

Reply with exactly one uppercase letter out of A, B, C, D or E.
",85
"They needed a machine to help with their studies, it was used often in the where?",machine,train-00000-of-00001,D,"Question:
They needed a machine to help with their studies, it was used often in the where?

Which of the following is the best response to the question?

Choices:
A. industrial area
B. restaurant
C. house
D. laboratory
E. office

Reply with exactly one uppercase letter out of A, B, C, D or E.
",85
Where could you find a magazine that does not need to be paid for to read?,magazine,train-00000-of-00001,C,"Question:
Where could you find a magazine that does not need to be paid for to read?

Which of the following is the best response to the question?

Choices:
A. train station
B. kitchen
C. waiting room
D. bookstore
E. bed

Reply with exactly one uppercase letter out of A, B, C, D or E.
",86
In what sort of region would you expect to find a large number of apartment buildings?,apartment building,train-00000-of-00001,B,"Question:
In what sort of region would you expect to find a large number of apartment buildings?

Which of the following is the best response to the question?

Choices:
A. suburbs
B. urban area
C. urban environment
D. indiana
E. housing unit

Reply with exactly one uppercase letter out of A, B, C, D or E.
",88
Where might people enjoy a swimming pool before bedtime while on vacation?,swimming pool,train-00000-of-00001,A,"Question:
Where might people enjoy a swimming pool before bedtime while on vacation?

Which of the following is the best response to the question?

Choices:
A. motel
B. california
C. fitness center
D. on the street
E. school

Reply with exactly one uppercase letter out of A, B, C, D or E.
",85
Where does someone go to step on a scale annually?,scale,train-00000-of-00001,A,"Question:
Where does someone go to step on a scale annually?

Which of the following is the best response to the question?

Choices:
A. doctor's office
B. music store
C. bathroom
D. post office
E. fish hatchery

Reply with exactly one uppercase letter out of A, B, C, D or E.
",85
What is the yellow color of the sun an example of?,yellow,train-00000-of-00001,B,"Question:
What is the yellow color of the sun an example of?

Which of the following is the best response to the question?

Choices:
A. english carrier
B. achromatic
C. courageous
D. bright
E. fearless

Reply with exactly one uppercase letter out of A, B, C, D or E.
",85
What is it called when two people in love have children?,love,validation-00000-of-00001,B,"Question:
What is it called when two people in love have children?

Which of the following is the best response to the question?

Choices:
A. take oath
B. procreate
C. matrimony
D. please parents
E. live life

Reply with exactly one uppercase letter out of A, B, C, D or E.
",85
"The eloquent performance was stunning, it left everybody what?",eloquent,train-00000-of-00001,C,"Question:
The eloquent performance was stunning, it left everybody what?

Which of the following is the best response to the question?

Choices:
A. stuttering
B. stumbling
C. speechless
D. muttering
E. astounded

Reply with exactly one uppercase letter out of A, B, C, D or E.
",88
"He opened up the advertisement after reading the subject line, what kind of ad was it?",advertisement,train-00000-of-00001,E,"Question:
He opened up the advertisement after reading the subject line, what kind of ad was it?

Which of the following is the best response to the question?

Choices:
A. magazine
B. mail
C. la ville
D. web page
E. email

Reply with exactly one uppercase letter out of A, B, C, D or E.
",87
What electronic device would be used when being bored?,being bored,train-00000-of-00001,C,"Question:
What electronic device would be used when being bored?

Which of the following is the best response to the question?

Choices:
A. surf net
B. go somewhere
C. use television
D. make patchwork quilt
E. hang out with friend

Reply with exactly one uppercase letter out of A, B, C, D or E.
",86
Piece of land in Canada where you can find marmot?,marmot,validation-00000-of-00001,C,"Question:
Piece of land in Canada where you can find marmot?

Which of the following is the best response to the question?

Choices:
A. north america
B. united states
C. vancouver island
D. american
E. cage

Reply with exactly one uppercase letter out of A, B, C, D or E.
",85
You can find a protected forest in just about any what?,forest,train-00000-of-00001,B,"Question:
You can find a protected forest in just about any what?

Which of the following is the best response to the question?

Choices:
A. temperate zone
B. national park
C. south africa
D. countryside
E. amazon basin

Reply with exactly one uppercase letter out of A, B, C, D or E.
",86
"When enjoying flowers in a recreation area run by local government, where are you?",flowers,train-00000-of-00001,E,"Question:
When enjoying flowers in a recreation area run by local government, where are you?

Which of the following is the best response to the question?

Choices:
A. countryside
B. surface of earth
C. anthology
D. observatory
E. state park

Reply with exactly one uppercase letter out of A, B, C, D or E.
",88
James went into his office at city hall.  What type of building is this?,office,train-00000-of-00001,B,"Question:
James went into his office at city hall.  What type of building is this?

Which of the following is the best response to the question?

Choices:
A. skyscraper
B. public building
C. tall building
D. work
E. a house

Reply with exactly one uppercase letter out of A, B, C, D or E.
",90
Where would you buy jeans in a place with a large number of indoor merchants?,jeans,train-00000-of-00001,A,"Question:
Where would you buy jeans in a place with a large number of indoor merchants?

Which of the following is the best response to the question?

Choices:
A. shopping mall
B. laundromat
C. hospital
D. clothing store
E. thrift store

Reply with exactly one uppercase letter out of A, B, C, D or E.
",90
"The poet needed to write about his distant past, where did he have to go to do so?",poet,train-00000-of-00001,D,"Question:
The poet needed to write about his distant past, where did he have to go to do so?

Which of the following is the best response to the question?

Choices:
A. garden
B. bathroom
C. classroom
D. home
E. university

Reply with exactly one uppercase letter out of A, B, C, D or E.
",86
Where will my kid put their coin in their room?,coin,train-00000-of-00001,A,"Question:
Where will my kid put their coin in their room?

Which of the following is the best response to the question?

Choices:
A. piggy bank
B. wishing well
C. parking meter
D. under pillow
E. change purse

Reply with exactly one uppercase letter out of A, B, C, D or E.
",85
"If for some reason you were to start killing people, what would you be likely to receive?",killing people,validation-00000-of-00001,B,"Question:
If for some reason you were to start killing people, what would you be likely to receive?

Which of the following is the best response to the question?

Choices:
A. feelings of guilt
B. prison sentence
C. terrible
D. encouragement
E. die

Reply with exactly one uppercase letter out of A, B, C, D or E.
",89
"The tree had thousands of animals living in it, where was it located?",tree,train-00000-of-00001,C,"Question:
The tree had thousands of animals living in it, where was it located?

Which of the following is the best response to the question?

Choices:
A. back yard
B. university
C. rainforest
D. backyard
E. sea

Reply with exactly one uppercase letter out of A, B, C, D or E.
",85
What happens to water in a leaky faucet?,water,train-00000-of-00001,C,"Question:
What happens to water in a leaky faucet?

Which of the following is the best response to the question?

Choices:
A. water spout
B. wet clothes
C. dribble
D. power turbine
E. thin soup

Reply with exactly one uppercase letter out of A, B, C, D or E.
",86
"The friends loved competing against one another, it was a good way to work their what?",competing,train-00000-of-00001,B,"Question:
The friends loved competing against one another, it was a good way to work their what?

Which of the following is the best response to the question?

Choices:
A. friendship
B. aggression
C. defeat
D. winning or losing
E. sweat

Reply with exactly one uppercase letter out of A, B, C, D or E.
",87
Sitting to close while watching TV can cause what sort of pain?,watching tv,train-00000-of-00001,D,"Question:
Sitting to close while watching TV can cause what sort of pain?

Which of the following is the best response to the question?

Choices:
A. brain problems
B. laziness
C. get fat
D. headache
E. laughter

Reply with exactly one uppercase letter out of A, B, C, D or E.
",85
How can a person end up stopping standing in  puddle?,stopping standing in,train-00000-of-00001,E,"Question:
How can a person end up stopping standing in  puddle?

Which of the following is the best response to the question?

Choices:
A. move away from
B. laying in
C. sweating
D. movement
E. walking out of

Reply with exactly one uppercase letter out of A, B, C, D or E.
",86
What is it called when you are killing people because they are bad?,killing people,train-00000-of-00001,E,"Question:
What is it called when you are killing people because they are bad?

Which of the following is the best response to the question?

Choices:
A. war
B. get arrested
C. joy
D. going to prison
E. vengeance

Reply with exactly one uppercase letter out of A, B, C, D or E.
",85
"While the statistician thought the anomaly was important, what did the contrarian demographer think?",important,train-00000-of-00001,B,"Question:
While the statistician thought the anomaly was important, what did the contrarian demographer think?

Which of the following is the best response to the question?

Choices:
A. trivial
B. negligible
C. slight
D. unimportant
E. petty

Reply with exactly one uppercase letter out of A, B, C, D or E.
",90
"She wanted to donate her old clothes to charity, she began folding and stacking the clothing into a what?",old clothes,train-00000-of-00001,A,"Question:
She wanted to donate her old clothes to charity, she began folding and stacking the clothing into a what?

Which of the following is the best response to the question?

Choices:
A. box
B. basement
C. trash
D. bag
E. trunk

Reply with exactly one uppercase letter out of A, B, C, D or E.
",90
"The bookshop specializes in course texts, where is it located?",bookshop,train-00000-of-00001,D,"Question:
The bookshop specializes in course texts, where is it located?

Which of the following is the best response to the question?

Choices:
A. mall
B. sea shore
C. shopping center
D. student union
E. department store

Reply with exactly one uppercase letter out of A, B, C, D or E.
",85
"The kids had been having fun all day, there was now a what?",having fun,train-00000-of-00001,B,"Question:
The kids had been having fun all day, there was now a what?

Which of the following is the best response to the question?

Choices:
A. wild ride
B. need for rest
C. a massive bear
D. playing marbles
E. constructing

Reply with exactly one uppercase letter out of A, B, C, D or E.
",89
What kind of wine list can I expect to see in Paris?,wine list,train-00000-of-00001,B,"Question:
What kind of wine list can I expect to see in Paris?

Which of the following is the best response to the question?

Choices:
A. restaurant
B. french
C. boston
D. canadian
E. resturant

Reply with exactly one uppercase letter out of A, B, C, D or E.
",85
What divider is found in a house that has couches and chairs in it?,divider,train-00000-of-00001,A,"Question:
What divider is found in a house that has couches and chairs in it?

Which of the following is the best response to the question?

Choices:
A. living room
B. street
C. binder
D. notebook
E. office suite

Reply with exactly one uppercase letter out of A, B, C, D or E.
",86
"It was my turn to stand watch, so where did I go for my shift?",watch,train-00000-of-00001,D,"Question:
It was my turn to stand watch, so where did I go for my shift?

Which of the following is the best response to the question?

Choices:
A. department store
B. bathroom cabinet
C. bedroom drawer
D. guard tower
E. jewellers

Reply with exactly one uppercase letter out of A, B, C, D or E.
",88
"She found out who her father was, discovering truth had led her to feel what?",discovering truth,train-00000-of-00001,E,"Question:
She found out who her father was, discovering truth had led her to feel what?

Which of the following is the best response to the question?

Choices:
A. conclusion
B. pain
C. very sad
D. relief
E. happiness

Reply with exactly one uppercase letter out of A, B, C, D or E.
",85
The matter in side a can of soda is in what state?,can of soda,train-00000-of-00001,D,"Question:
The matter in side a can of soda is in what state?

Which of the following is the best response to the question?

Choices:
A. vending machine
B. pop
C. store
D. liquid
E. picnic cooler

Reply with exactly one uppercase letter out of A, B, C, D or E.
",85
"The teen really enjoyed listening to music, it was his way of having what?",listening to music,train-00000-of-00001,C,"Question:
The teen really enjoyed listening to music, it was his way of having what?

Which of the following is the best response to the question?

Choices:
A. relaxing
B. tinnitus
C. fun
D. pleasurable
E. deafness

Reply with exactly one uppercase letter out of A, B, C, D or E.
",89
"He remembered his family road trips fondly, sitting in the back seat of the what and staring out the window?",window,train-00000-of-00001,E,"Question:
He remembered his family road trips fondly, sitting in the back seat of the what and staring out the window?

Which of the following is the best response to the question?

Choices:
A. building
B. ocean
C. computer screen
D. bus
E. car

Reply with exactly one uppercase letter out of A, B, C, D or E.
",90
"The artist used a stylus on a pad to draw digitally, he kept a very steady what?",stylus,train-00000-of-00001,E,"Question:
The artist used a stylus on a pad to draw digitally, he kept a very steady what?

Which of the following is the best response to the question?

Choices:
A. foot
B. record player
C. palm pilot
D. ink
E. hand

Reply with exactly one uppercase letter out of A, B, C, D or E.
",90
"Billy couldn't pick a side against a friend, so he stood where?",side,train-00000-of-00001,B,"Question:
Billy couldn't pick a side against a friend, so he stood where?

Which of the following is the best response to the question?

Choices:
A. angle
B. in between
C. front back
D. toeside
E. center

Reply with exactly one uppercase letter out of A, B, C, D or E.
",86
Where could you get something that is made out of wool but cannot be worn?,wool,train-00000-of-00001,C,"Question:
Where could you get something that is made out of wool but cannot be worn?

Which of the following is the best response to the question?

Choices:
A. clothing store
B. sweater
C. fabric store
D. jewelry
E. clothing factory

Reply with exactly one uppercase letter out of A, B, C, D or E.
",86
Rumors of roving bands of monsters killing people could lead to what?,killing people,train-00000-of-00001,C,"Question:
Rumors of roving bands of monsters killing people could lead to what?

Which of the following is the best response to the question?

Choices:
A. panic
B. getting in trouble
C. mass hysteria
D. go to prison
E. murder

Reply with exactly one uppercase letter out of A, B, C, D or E.
",90
What is a place that sells suntan lotion but not food or medicine?,suntan lotion,train-00000-of-00001,B,"Question:
What is a place that sells suntan lotion but not food or medicine?

Which of the following is the best response to the question?

Choices:
A. mini mall
B. shop
C. grocery store
D. pharmacy
E. drugstore

Reply with exactly one uppercase letter out of A, B, C, D or E.
",89
"Driving to work late is never pleasant, but you still shouldn't what?",driving to work,train-00000-of-00001,C,"Question:
Driving to work late is never pleasant, but you still shouldn't what?

Which of the following is the best response to the question?

Choices:
A. listen to radio
B. sing
C. speed
D. anger
E. statue

Reply with exactly one uppercase letter out of A, B, C, D or E.
",85
Why does someone want to get warm when they are cold?,get warm,train-00000-of-00001,B,"Question:
Why does someone want to get warm when they are cold?

Which of the following is the best response to the question?

Choices:
A. to do somersaults
B. feel comfortable
C. you're cold
D. were cold
E. more comfortable

Reply with exactly one uppercase letter out of A, B, C, D or E.
",89
"The dog seemed antsy and restless, it turned out it had what?",dog,train-00000-of-00001,D,"Question:
The dog seemed antsy and restless, it turned out it had what?

Which of the following is the best response to the question?

Choices:
A. treats
B. guard house
C. punishment
D. fleas
E. abandoned

Reply with exactly one uppercase letter out of A, B, C, D or E.
",85
Which larger group contains snare drum players and is usually done at a sports game?,snare drum,train-00000-of-00001,C,"Question:
Which larger group contains snare drum players and is usually done at a sports game?

Which of the following is the best response to the question?

Choices:
A. high school band
B. drum kit
C. marching band
D. musical band
E. orchestra

Reply with exactly one uppercase letter out of A, B, C, D or E.
",90
If you have rotten food when eating breakfast in bed what will you be doing?,eating breakfast in bed,train-00000-of-00001,C,"Question:
If you have rotten food when eating breakfast in bed what will you be doing?

Which of the following is the best response to the question?

Choices:
A. mess
B. joy
C. vomiting
D. contentment
E. pleasure

Reply with exactly one uppercase letter out of A, B, C, D or E.
",85
"The jury deliberated for hours, the choice of passing sentence required them to make a what?",passing sentence,train-00000-of-00001,E,"Question:
The jury deliberated for hours, the choice of passing sentence required them to make a what?

Which of the following is the best response to the question?

Choices:
A. court house
B. go to jail
C. death
D. appeals
E. judgement

Reply with exactly one uppercase letter out of A, B, C, D or E.
",90
"All the children were having fun, the game of tag was a great choice of what?",having fun,train-00000-of-00001,E,"Question:
All the children were having fun, the game of tag was a great choice of what?

Which of the following is the best response to the question?

Choices:
A. effort
B. exercise
C. relaxing
D. playing around
E. activity

Reply with exactly one uppercase letter out of A, B, C, D or E.
",85
Where would you get maps if you do not have them and want to keep them?,maps,train-00000-of-00001,C,"Question:
Where would you get maps if you do not have them and want to keep them?

Which of the following is the best response to the question?

Choices:
A. guide drivers
B. library
C. bookstore
D. cabinet
E. drawer

Reply with exactly one uppercase letter out of A, B, C, D or E.
",85
If someone has a delicious lunch what are they likely to claim?,having lunch,train-00000-of-00001,E,"Question:
If someone has a delicious lunch what are they likely to claim?

Which of the following is the best response to the question?

Choices:
A. become tired
B. get sleepy
C. feel full
D. getting fear
E. feeling satisfied

Reply with exactly one uppercase letter out of A, B, C, D or E.
",85
What can cause someone to want to go somewhere else because it's so smelly?,go somewhere,train-00000-of-00001,E,"Question:
What can cause someone to want to go somewhere else because it's so smelly?

Which of the following is the best response to the question?

Choices:
A. rose bush
B. go back
C. die
D. arrive there
E. fart

Reply with exactly one uppercase letter out of A, B, C, D or E.
",88
The writer wasn't known for them but he loved to what about nature?,writer,train-00000-of-00001,A,"Question:
The writer wasn't known for them but he loved to what about nature?

Which of the following is the best response to the question?

Choices:
A. write poems
B. advertising company
C. see work
D. write letter
E. write novels

Reply with exactly one uppercase letter out of A, B, C, D or E.
",87
John was an idealist.  He gave away internet ready computers because he wanted to do what?,computers,train-00000-of-00001,A,"Question:
John was an idealist.  He gave away internet ready computers because he wanted to do what?

Which of the following is the best response to the question?

Choices:
A. help people
B. working
C. networked
D. cost money
E. crash

Reply with exactly one uppercase letter out of A, B, C, D or E.
",89
"The people wanted to take the scenic route, they chose the highway that cut through the what?",highway,train-00000-of-00001,A,"Question:
The people wanted to take the scenic route, they chose the highway that cut through the what?

Which of the following is the best response to the question?

Choices:
A. countryside
B. united states
C. beach
D. atlas
E. developed land

Reply with exactly one uppercase letter out of A, B, C, D or E.
",89
When drinking booze what can you do to stay busy?,booze,validation-00000-of-00001,D,"Question:
When drinking booze what can you do to stay busy?

Which of the following is the best response to the question?

Choices:
A. reach tentative agreement
B. stay in bed
C. stop bicycle
D. examine thing
E. suicide

Reply with exactly one uppercase letter out of A, B, C, D or E.
",87
"Art, playing music, and other hobbies are great ways of expressing yourself that can be great what?",expressing yourself,train-00000-of-00001,C,"Question:
Art, playing music, and other hobbies are great ways of expressing yourself that can be great what?

Which of the following is the best response to the question?

Choices:
A. fight
B. communication
C. fun
D. understood
E. suffering

Reply with exactly one uppercase letter out of A, B, C, D or E.
",89
"A person had run all day and felt tired, what did they need?",person,train-00000-of-00001,B,"Question:
A person had run all day and felt tired, what did they need?

Which of the following is the best response to the question?

Choices:
A. water
B. time to rest
C. intellectual stimulation
D. look beautiful
E. compliments

Reply with exactly one uppercase letter out of A, B, C, D or E.
",87
If you have plenty to eat when you have lunch you'll do what?,have lunch,train-00000-of-00001,D,"Question:
If you have plenty to eat when you have lunch you'll do what?

Which of the following is the best response to the question?

Choices:
A. eath
B. pouring coffee
C. feel empty
D. get full
E. getting in line

Reply with exactly one uppercase letter out of A, B, C, D or E.
",89
If someone is sharp and they highly qualify for a job some might say their qualifications are what?,sharp,train-00000-of-00001,B,"Question:
If someone is sharp and they highly qualify for a job some might say their qualifications are what?

Which of the following is the best response to the question?

Choices:
A. very blunt
B. above board
C. dull
D. dim
E. complimentary

Reply with exactly one uppercase letter out of A, B, C, D or E.
",90
"If a lizard is fed by people every day, what has happened to it?",lizard,validation-00000-of-00001,E,"Question:
If a lizard is fed by people every day, what has happened to it?

Which of the following is the best response to the question?

Choices:
A. documentary
B. costa rica
C. garden
D. encouragement
E. captivity

Reply with exactly one uppercase letter out of A, B, C, D or E.
",88
"The people danced to the music, what was the music like for them?",music,train-00000-of-00001,E,"Question:
The people danced to the music, what was the music like for them?

Which of the following is the best response to the question?

Choices:
A. soothing
B. vocal or instrumental
C. loud
D. universal
E. enjoyable

Reply with exactly one uppercase letter out of A, B, C, D or E.
",85
"The jelly needed to be preserved, where should we put it?",jelly,train-00000-of-00001,A,"Question:
The jelly needed to be preserved, where should we put it?

Which of the following is the best response to the question?

Choices:
A. jar
B. donuts
C. sugar
D. peanut butter
E. refrigerator

Reply with exactly one uppercase letter out of A, B, C, D or E.
",85
Where would you find an armoire when you retire at the end of the day?,armoire,train-00000-of-00001,A,"Question:
Where would you find an armoire when you retire at the end of the day?

Which of the following is the best response to the question?

Choices:
A. bedroom
B. clothes
C. living room
D. furniture store
E. bathroom

Reply with exactly one uppercase letter out of A, B, C, D or E.
",85
"The graveyard was zoned by the pastor, where was it located?",graveyard,train-00000-of-00001,A,"Question:
The graveyard was zoned by the pastor, where was it located?

Which of the following is the best response to the question?

Choices:
A. church property
B. every town
C. church grounds
D. cattle yard.
E. arlington

Reply with exactly one uppercase letter out of A, B, C, D or E.
",88
Where would someone visit a monument to a deceased loved one?,monument,train-00000-of-00001,D,"Question:
Where would someone visit a monument to a deceased loved one?

Which of the following is the best response to the question?

Choices:
A. sit chat
B. municipal park
C. public gardens
D. cemetary
E. state park

Reply with exactly one uppercase letter out of A, B, C, D or E.
",85
"Even though they were never told or forced to obey, the people still fashionably claimed they what?",obey,train-00000-of-00001,A,"Question:
Even though they were never told or forced to obey, the people still fashionably claimed they what?

Which of the following is the best response to the question?

Choices:
A. resist
B. respect
C. violate
D. defy
E. rebel

Reply with exactly one uppercase letter out of A, B, C, D or E.
",88
We live in a small town and when we want to have a nice meal out we go where?,eating place,train-00000-of-00001,D,"Question:
We live in a small town and when we want to have a nice meal out we go where?

Which of the following is the best response to the question?

Choices:
A. restaurant
B. dining room
C. mars
D. big city
E. shopping area

Reply with exactly one uppercase letter out of A, B, C, D or E.
",89
Older stars collect in groups called what on the outer regions of a galaxy?,star,train-00000-of-00001,C,"Question:
Older stars collect in groups called what on the outer regions of a galaxy?

Which of the following is the best response to the question?

Choices:
A. night sky
B. black hole
C. globular cluster
D. press conference
E. heavens

Reply with exactly one uppercase letter out of A, B, C, D or E.
",88
"Jill walks to the second floor and sits in her cubicle, where is she?",second floor,train-00000-of-00001,A,"Question:
Jill walks to the second floor and sits in her cubicle, where is she?

Which of the following is the best response to the question?

Choices:
A. office building
B. house
C. hotel
D. school
E. a chair

Reply with exactly one uppercase letter out of A, B, C, D or E.
",86
What device with a lens would be used to see distant stars and planets?,lens,train-00000-of-00001,E,"Question:
What device with a lens would be used to see distant stars and planets?

Which of the following is the best response to the question?

Choices:
A. camera
B. glasses
C. microscope
D. kaleidoscope
E. telescope

Reply with exactly one uppercase letter out of A, B, C, D or E.
",86
"After the magic show they returned to their hotel, there was lots to see where?",hotel,train-00000-of-00001,C,"Question:
After the magic show they returned to their hotel, there was lots to see where?

Which of the following is the best response to the question?

Choices:
A. touristic area
B. different country
C. las vegas
D. resort
E. city

Reply with exactly one uppercase letter out of A, B, C, D or E.
",88
"The diamonds were difficult for the prospectors to find, but why is that?",diamonds,train-00000-of-00001,B,"Question:
The diamonds were difficult for the prospectors to find, but why is that?

Which of the following is the best response to the question?

Choices:
A. more expensive than sand
B. rare
C. pretty
D. clear
E. dessert

Reply with exactly one uppercase letter out of A, B, C, D or E.
",87
Why would someone be unable to talk to other people after getting drunk?,getting drunk,train-00000-of-00001,A,"Question:
Why would someone be unable to talk to other people after getting drunk?

Which of the following is the best response to the question?

Choices:
A. pass out
B. slurred speach
C. forgetfulness
D. death
E. stumbling

Reply with exactly one uppercase letter out of A, B, C, D or E.
",87
A person with mental illness who stops their medication may have symptoms do what?,mental illness,train-00000-of-00001,E,"Question:
A person with mental illness who stops their medication may have symptoms do what?

Which of the following is the best response to the question?

Choices:
A. effectively treated
B. cause hallucination
C. managed
D. ameliorated
E. recur

Reply with exactly one uppercase letter out of A, B, C, D or E.
",88
A projector displayed people on the huge screen while the audience laughed.  What might they be watching?,projector,train-00000-of-00001,A,"Question:
A projector displayed people on the huge screen while the audience laughed.  What might they be watching?

Which of the following is the best response to the question?

Choices:
A. movies
B. theatre
C. cabaret
D. conference
E. meeting

Reply with exactly one uppercase letter out of A, B, C, D or E.
",88
What is a prisoner sentenced to do?,prisoner,validation-00000-of-00001,E,"Question:
What is a prisoner sentenced to do?

Which of the following is the best response to the question?

Choices:
A. scape jail
B. dream of freedom
C. become a hairdresser
D. attempt to escape
E. do time

Reply with exactly one uppercase letter out of A, B, C, D or E.
",87
"The student didn't have a dictionary at the dorm, so the student went where?",dictionary,train-00000-of-00001,A,"Question:
The student didn't have a dictionary at the dorm, so the student went where?

Which of the following is the best response to the question?

Choices:
A. library
B. classroom
C. shelf
D. table
E. encyclopedia

Reply with exactly one uppercase letter out of A, B, C, D or E.
",87
"If a person want a changing society, what is a likely motive?",changing society,train-00000-of-00001,D,"Question:
If a person want a changing society, what is a likely motive?

Which of the following is the best response to the question?

Choices:
A. new laws
B. confusion and chaos
C. cultural revolution
D. happiness for
E. train

Reply with exactly one uppercase letter out of A, B, C, D or E.
",86
"The squirrel was rather plump, it had found a home that leaves out what?",squirrel,train-00000-of-00001,D,"Question:
The squirrel was rather plump, it had found a home that leaves out what?

Which of the following is the best response to the question?

Choices:
A. food
B. chipmunk
C. rodent
D. nuts
E. rabbit

Reply with exactly one uppercase letter out of A, B, C, D or E.
",89
What is the most common but not long lasting side effect of having a bath?,having bath,train-00000-of-00001,D,"Question:
What is the most common but not long lasting side effect of having a bath?

Which of the following is the best response to the question?

Choices:
A. use of water
B. drowning
C. rash
D. wet skin
E. dry skin

Reply with exactly one uppercase letter out of A, B, C, D or E.
",88
Where would you find a metal rod in most people's preferred method of transportation?,metal rod,train-00000-of-00001,D,"Question:
Where would you find a metal rod in most people's preferred method of transportation?

Which of the following is the best response to the question?

Choices:
A. airplane
B. construction site
C. shops
D. engine
E. broken bone

Reply with exactly one uppercase letter out of A, B, C, D or E.
",86
"The guy was going to bed instead of going to work, what does he suffer from?",going to bed,train-00000-of-00001,C,"Question:
The guy was going to bed instead of going to work, what does he suffer from?

Which of the following is the best response to the question?

Choices:
A. money
B. making love
C. laziness
D. dreaming of
E. falling asleep

Reply with exactly one uppercase letter out of A, B, C, D or E.
",90
"Climbing is quite a talent, it requires the use of very particular whats?",climbing,train-00000-of-00001,E,"Question:
Climbing is quite a talent, it requires the use of very particular whats?

Which of the following is the best response to the question?

Choices:
A. strength
B. skill
C. experience
D. dexterity
E. muscles

Reply with exactly one uppercase letter out of A, B, C, D or E.
",87
"The piece of paper was worth a lot of money, it was an old Apple Inc what?",paper,validation-00000-of-00001,C,"Question:
The piece of paper was worth a lot of money, it was an old Apple Inc what?

Which of the following is the best response to the question?

Choices:
A. notebook
B. copy machine
C. stock certificate
D. ream
E. thumb drive

Reply with exactly one uppercase letter out of A, B, C, D or E.
",89
Where might one find a bench of people sitting before they are taken away?,bench,train-00000-of-00001,B,"Question:
Where might one find a bench of people sitting before they are taken away?

Which of the following is the best response to the question?

Choices:
A. car stand
B. bus stop
C. state park
D. bus depot
E. rest area

Reply with exactly one uppercase letter out of A, B, C, D or E.
",87
"If I wanted to work a crossword puzzle, where might I find one?",puzzle,train-00000-of-00001,B,"Question:
If I wanted to work a crossword puzzle, where might I find one?

Which of the following is the best response to the question?

Choices:
A. playground
B. newspaper
C. kindergarten class
D. toy store
E. toy shop

Reply with exactly one uppercase letter out of A, B, C, D or E.
",88
In the modern days we give what kind of classification to buildings to protect them from being town down?,modern,train-00000-of-00001,D,"Question:
In the modern days we give what kind of classification to buildings to protect them from being town down?

Which of the following is the best response to the question?

Choices:
A. classical
B. old fashioned
C. vintage
D. historical
E. antique

Reply with exactly one uppercase letter out of A, B, C, D or E.
",89
If you're afraid of spiders what should you avoid owning?,spiders,train-00000-of-00001,E,"Question:
If you're afraid of spiders what should you avoid owning?

Which of the following is the best response to the question?

Choices:
A. meadow
B. cupboard
C. shed
D. mail box
E. cellar

Reply with exactly one uppercase letter out of A, B, C, D or E.
",85
What do people do at a night club on the floor?,people,train-00000-of-00001,B,"Question:
What do people do at a night club on the floor?

Which of the following is the best response to the question?

Choices:
A. own cars
B. dance together
C. talk to each other
D. speak words
E. kissing one another

Reply with exactly one uppercase letter out of A, B, C, D or E.
",87
"If there is a bird at my window, what is it likely sitting on?",bird,train-00000-of-00001,D,"Question:
If there is a bird at my window, what is it likely sitting on?

Which of the following is the best response to the question?

Choices:
A. cage
B. forest
C. a ledge
D. windowsill
E. countryside

Reply with exactly one uppercase letter out of A, B, C, D or E.
",85
"The girl who was often ignored had a boy flirting with her, what did she feel?",flirting,train-00000-of-00001,D,"Question:
The girl who was often ignored had a boy flirting with her, what did she feel?

Which of the following is the best response to the question?

Choices:
A. faint
B. problems
C. anger
D. happiness
E. jealousy

Reply with exactly one uppercase letter out of A, B, C, D or E.
",87
"If a person celebrates by drinking too much, what is a likely consequence?",celebrating,train-00000-of-00001,C,"Question:
If a person celebrates by drinking too much, what is a likely consequence?

Which of the following is the best response to the question?

Choices:
A. drinking
B. becoming tired
C. hangovers
D. big head
E. being happy

Reply with exactly one uppercase letter out of A, B, C, D or E.
",87
Where you have finished a conversation with a person what do you say?,person,train-00000-of-00001,C,"Question:
Where you have finished a conversation with a person what do you say?

Which of the following is the best response to the question?

Choices:
A. open letter
B. thank god
C. say goodbye
D. bless you
E. listen to radio

Reply with exactly one uppercase letter out of A, B, C, D or E.
",87
Where could there be people making noise if no one is supervising the people?,noise,train-00000-of-00001,C,"Question:
Where could there be people making noise if no one is supervising the people?

Which of the following is the best response to the question?

Choices:
A. big city
B. transmission
C. classroom
D. bowling alley
E. in the front yard

Reply with exactly one uppercase letter out of A, B, C, D or E.
",89
"If want to drink something politely, what vessel should I use?",drink,train-00000-of-00001,A,"Question:
If want to drink something politely, what vessel should I use?

Which of the following is the best response to the question?

Choices:
A. use glass
B. open mouth
C. eat first
D. buy alcohol
E. coffee mug

Reply with exactly one uppercase letter out of A, B, C, D or E.
",86
Where would you get a bag after someone fills it with clothes?,bag,train-00000-of-00001,C,"Question:
Where would you get a bag after someone fills it with clothes?

Which of the following is the best response to the question?

Choices:
A. shopping cart
B. cashier
C. shopping mall
D. supermarket
E. bookstore

Reply with exactly one uppercase letter out of A, B, C, D or E.
",86
"Though she made the cut years ago, its figurative scars would never what?",cut,train-00000-of-00001,D,"Question:
Though she made the cut years ago, its figurative scars would never what?

Which of the following is the best response to the question?

Choices:
A. joining
B. put together
C. stitch
D. heal
E. paste

Reply with exactly one uppercase letter out of A, B, C, D or E.
",87
Bill suffered from boredom. He'd stare off and do what?,boredom,train-00000-of-00001,E,"Question:
Bill suffered from boredom. He'd stare off and do what?

Which of the following is the best response to the question?

Choices:
A. work
B. see visions.
C. fiddle
D. play games
E. dream

Reply with exactly one uppercase letter out of A, B, C, D or E.
",86
What can be the consequence of having many drinks when celebrating?,celebrating,train-00000-of-00001,B,"Question:
What can be the consequence of having many drinks when celebrating?

Which of the following is the best response to the question?

Choices:
A. eating food
B. getting drunk
C. having sex
D. drink too much
E. eat cake

Reply with exactly one uppercase letter out of A, B, C, D or E.
",85
In what sort of container should you keep your ficus?,ficus,train-00000-of-00001,C,"Question:
In what sort of container should you keep your ficus?

Which of the following is the best response to the question?

Choices:
A. refigerator
B. screened porch
C. clay pot
D. shady places
E. arboretum

Reply with exactly one uppercase letter out of A, B, C, D or E.
",89
"If one is drinking with the intention of getting drunk, what might your body experience?",drinking,train-00000-of-00001,E,"Question:
If one is drinking with the intention of getting drunk, what might your body experience?

Which of the following is the best response to the question?

Choices:
A. hangover
B. getting drunk
C. swallow
D. euphoria
E. loss of control

Reply with exactly one uppercase letter out of A, B, C, D or E.
",90
"If I am creating art and have completed it to satisfaction, what is my feeling?",creating art,train-00000-of-00001,A,"Question:
If I am creating art and have completed it to satisfaction, what is my feeling?

Which of the following is the best response to the question?

Choices:
A. enlightenment
B. tired
C. frustration
D. relax
E. controversy

Reply with exactly one uppercase letter out of A, B, C, D or E.
",86
"He needed to provide, so he was always working, what did he want to accomplish?",working,train-00000-of-00001,E,"Question:
He needed to provide, so he was always working, what did he want to accomplish?

Which of the following is the best response to the question?

Choices:
A. frustration
B. prosperity
C. creation
D. opening a bank account
E. earning money

Reply with exactly one uppercase letter out of A, B, C, D or E.
",89
"The beaver swam through the country he symbolized, where was he likely to be?",beaver,train-00000-of-00001,B,"Question:
The beaver swam through the country he symbolized, where was he likely to be?

Which of the following is the best response to the question?

Choices:
A. japan
B. ontario
C. washington
D. woodlands
E. books

Reply with exactly one uppercase letter out of A, B, C, D or E.
",89
Knitting with a group of friends is a great way to do what?,knitting,train-00000-of-00001,D,"Question:
Knitting with a group of friends is a great way to do what?

Which of the following is the best response to the question?

Choices:
A. relaxation
B. carpal tunnel syndrome
C. talk
D. have fun
E. bleeding

Reply with exactly one uppercase letter out of A, B, C, D or E.
",86
What is likely to happen to someone who hurts someone else without regret?,hurting else,train-00000-of-00001,E,"Question:
What is likely to happen to someone who hurts someone else without regret?

Which of the following is the best response to the question?

Choices:
A. feel happy
B. feel remorse
C. will resent
D. punishment
E. bad karma

Reply with exactly one uppercase letter out of A, B, C, D or E.
",87
"A marmoset can be found many places, but they are usually found where?",marmoset,train-00000-of-00001,B,"Question:
A marmoset can be found many places, but they are usually found where?

Which of the following is the best response to the question?

Choices:
A. rainforest
B. in wild
C. national park
D. zoo
E. american west

Reply with exactly one uppercase letter out of A, B, C, D or E.
",90
One way to please parents is to be able to do this to a house?,please parents,train-00000-of-00001,A,"Question:
One way to please parents is to be able to do this to a house?

Which of the following is the best response to the question?

Choices:
A. buy
B. graffiti it
C. liked by
D. respect
E. success

Reply with exactly one uppercase letter out of A, B, C, D or E.
",86
"All the artist had to do was paint the lips, what would his end result be on the canvas?",lips,train-00000-of-00001,A,"Question:
All the artist had to do was paint the lips, what would his end result be on the canvas?

Which of the following is the best response to the question?

Choices:
A. human face
B. motion
C. faces
D. body
E. clown

Reply with exactly one uppercase letter out of A, B, C, D or E.
",89
Where might astronauts who miss a landing end up?,astronauts,train-00000-of-00001,E,"Question:
Where might astronauts who miss a landing end up?

Which of the following is the best response to the question?

Choices:
A. spaceship
B. suface of moon
C. space shuttle
D. at the
E. orbit

Reply with exactly one uppercase letter out of A, B, C, D or E.
",86
What preposition do you use if you want to combine two words?,preposition,train-00000-of-00001,D,"Question:
What preposition do you use if you want to combine two words?

Which of the following is the best response to the question?

Choices:
A. article
B. adjective
C. interjection
D. conjunction
E. pronoun

Reply with exactly one uppercase letter out of A, B, C, D or E.
",85
Why would someone not know where he or she left something after getting drunk?,getting drunk,train-00000-of-00001,E,"Question:
Why would someone not know where he or she left something after getting drunk?

Which of the following is the best response to the question?

Choices:
A. stumbling
B. hangover
C. confusion
D. pass out
E. forgetfulness

Reply with exactly one uppercase letter out of A, B, C, D or E.
",85
What does a person sometimes do after they finish secondary education?,person,train-00000-of-00001,A,"Question:
What does a person sometimes do after they finish secondary education?

Which of the following is the best response to the question?

Choices:
A. enter college
B. feel lonely
C. cross street
D. pass exams
E. graduate from high school

Reply with exactly one uppercase letter out of A, B, C, D or E.
",86
Chatting with friends can be bad for your health if you join them outside while they what?,chatting with friends,train-00000-of-00001,B,"Question:
Chatting with friends can be bad for your health if you join them outside while they what?

Which of the following is the best response to the question?

Choices:
A. laughing
B. smoke
C. laugh loud
D. tell story
E. lie

Reply with exactly one uppercase letter out of A, B, C, D or E.
",87
"He looked at the field of pumps, all slowing churning oil out of the what?",oil,validation-00000-of-00001,D,"Question:
He looked at the field of pumps, all slowing churning oil out of the what?

Which of the following is the best response to the question?

Choices:
A. manual
B. street
C. restaurant
D. ground
E. service station

Reply with exactly one uppercase letter out of A, B, C, D or E.
",88
Where are you when you put your birth control pill to the test?,birth control pill,train-00000-of-00001,B,"Question:
Where are you when you put your birth control pill to the test?

Which of the following is the best response to the question?

Choices:
A. drug store
B. bedroom
C. chemist's shop
D. medicine cabinet
E. womans purse

Reply with exactly one uppercase letter out of A, B, C, D or E.
",89
What is likely to be the feeling of someone who hurts someone else?,hurting else,train-00000-of-00001,A,"Question:
What is likely to be the feeling of someone who hurts someone else?

Which of the following is the best response to the question?

Choices:
A. feel remorse
B. will resent
C. anger
D. sadness
E. bad karma

Reply with exactly one uppercase letter out of A, B, C, D or E.
",87
What can you see when you use television but is not needed to use television?,use television,train-00000-of-00001,B,"Question:
What can you see when you use television but is not needed to use television?

Which of the following is the best response to the question?

Choices:
A. plug in
B. kill
C. find remote control
D. remote
E. open eyes

Reply with exactly one uppercase letter out of A, B, C, D or E.
",86
There is often a final exam at the end of each quarter of what?,quarter,train-00000-of-00001,C,"Question:
There is often a final exam at the end of each quarter of what?

Which of the following is the best response to the question?

Choices:
A. quarterlight
B. hour
C. school year
D. semester
E. hundredweight

Reply with exactly one uppercase letter out of A, B, C, D or E.
",85
"While he wanted to believe, what mindset prevented him from accepting it?",believe,train-00000-of-00001,B,"Question:
While he wanted to believe, what mindset prevented him from accepting it?

Which of the following is the best response to the question?

Choices:
A. deny
B. skepticism
C. doubt
D. disbelief
E. paranoid

Reply with exactly one uppercase letter out of A, B, C, D or E.
",87
"Everybody raised a drink and cheered, they were doing what?",drink,train-00000-of-00001,E,"Question:
Everybody raised a drink and cheered, they were doing what?

Which of the following is the best response to the question?

Choices:
A. were thirsty
B. toasting
C. getting drunk
D. refreshment
E. celebrating

Reply with exactly one uppercase letter out of A, B, C, D or E.
",87
"The people were confused by the words being spoken, why would this be?",words,train-00000-of-00001,B,"Question:
The people were confused by the words being spoken, why would this be?

Which of the following is the best response to the question?

Choices:
A. hurt people
B. mean many things
C. hurtful
D. hurt feelings
E. unclear

Reply with exactly one uppercase letter out of A, B, C, D or E.
",87
"A person writes a check to a clerk, where does the clerk put them?",check,train-00000-of-00001,A,"Question:
A person writes a check to a clerk, where does the clerk put them?

Which of the following is the best response to the question?

Choices:
A. cash register
B. desk drawer
C. pay envelope
D. throw away
E. box

Reply with exactly one uppercase letter out of A, B, C, D or E.
",88
"I took my seat, the curtains drew back and I enjoyed the what?",seat,validation-00000-of-00001,E,"Question:
I took my seat, the curtains drew back and I enjoyed the what?

Which of the following is the best response to the question?

Choices:
A. airplane
B. movie
C. auditorium
D. theatre
E. show

Reply with exactly one uppercase letter out of A, B, C, D or E.
",85
If he did not pass course this semester he would have to what?,pass course,train-00000-of-00001,D,"Question:
If he did not pass course this semester he would have to what?

Which of the following is the best response to the question?

Choices:
A. learn
B. fail
C. get certificate
D. go back to
E. feel proud

Reply with exactly one uppercase letter out of A, B, C, D or E.
",85
The kids didn't clean up after they had done what?,kids,validation-00000-of-00001,D,"Question:
The kids didn't clean up after they had done what?

Which of the following is the best response to the question?

Choices:
A. learn things
B. play games
C. disneyland
D. play with toys
E. talking

Reply with exactly one uppercase letter out of A, B, C, D or E.
",85
"He picked up his pace to a run, he wanted to do what?",run,validation-00000-of-00001,E,"Question:
He picked up his pace to a run, he wanted to do what?

Which of the following is the best response to the question?

Choices:
A. learn to walk
B. frightened
C. get away from
D. exercise
E. go faster

Reply with exactly one uppercase letter out of A, B, C, D or E.
",86
"The artificial intelligence was constantly analysing the data, it was programmed to always be what?",analysing,train-00000-of-00001,A,"Question:
The artificial intelligence was constantly analysing the data, it was programmed to always be what?

Which of the following is the best response to the question?

Choices:
A. learning more about
B. healing
C. better knowledge
D. enlightened
E. change

Reply with exactly one uppercase letter out of A, B, C, D or E.
",90
"When young people are bored and want to recreate, what do they do?",people,train-00000-of-00001,D,"Question:
When young people are bored and want to recreate, what do they do?

Which of the following is the best response to the question?

Choices:
A. play ball
B. choose life
C. talk to each other
D. play outside
E. write programs

Reply with exactly one uppercase letter out of A, B, C, D or E.
",89
"Sarah drank from a water fountain, like many before her.  Where might she be?",fountain,train-00000-of-00001,C,"Question:
Sarah drank from a water fountain, like many before her.  Where might she be?

Which of the following is the best response to the question?

Choices:
A. city
B. garden
C. public place
D. home
E. rome

Reply with exactly one uppercase letter out of A, B, C, D or E.
",90
"A frigid family wanted to buy a heater, so where did they have it installed?",heater,train-00000-of-00001,C,"Question:
A frigid family wanted to buy a heater, so where did they have it installed?

Which of the following is the best response to the question?

Choices:
A. automobile
B. city hall
C. house
D. public building
E. office

Reply with exactly one uppercase letter out of A, B, C, D or E.
",89
"The mother was punishing her children, she raised her voice to do what to them?",punishing,train-00000-of-00001,E,"Question:
The mother was punishing her children, she raised her voice to do what to them?

Which of the following is the best response to the question?

Choices:
A. court system
B. authoritarian
C. ignore
D. avoid
E. yell at

Reply with exactly one uppercase letter out of A, B, C, D or E.
",88
WHere do you typically buy prescription suntan lotion?,suntan lotion,train-00000-of-00001,C,"Question:
WHere do you typically buy prescription suntan lotion?

Which of the following is the best response to the question?

Choices:
A. beach bag
B. grocery store
C. pharmacy
D. shop
E. tanning salon

Reply with exactly one uppercase letter out of A, B, C, D or E.
",85
How can you see an extreme closeup of a potato?,potato,train-00000-of-00001,B,"Question:
How can you see an extreme closeup of a potato?

Which of the following is the best response to the question?

Choices:
A. grocery store
B. optical device
C. pantry
D. garden patch
E. vegetable stew

Reply with exactly one uppercase letter out of A, B, C, D or E.
",86
"When a man is watching tv and a nude women comes on, they tend to get?",watching tv,train-00000-of-00001,B,"Question:
When a man is watching tv and a nude women comes on, they tend to get?

Which of the following is the best response to the question?

Choices:
A. sad
B. erections
C. entertainment
D. boredom
E. get fat

Reply with exactly one uppercase letter out of A, B, C, D or E.
",88
What to kids do for boredom on a ramp?,boredom,validation-00000-of-00001,E,"Question:
What to kids do for boredom on a ramp?

Which of the following is the best response to the question?

Choices:
A. watch film
B. fire game
C. hang out at bar
D. go skiing
E. skateboard

Reply with exactly one uppercase letter out of A, B, C, D or E.
",86
Where is a bunch of grapes likely to be carried in?,grape,train-00000-of-00001,D,"Question:
Where is a bunch of grapes likely to be carried in?

Which of the following is the best response to the question?

Choices:
A. fruit cocktail
B. wine press
C. a box
D. picnic basket
E. kitchen

Reply with exactly one uppercase letter out of A, B, C, D or E.
",85
"Humans enjoy sitting while expressing themselves artistically, so what did they invent?",humans,train-00000-of-00001,B,"Question:
Humans enjoy sitting while expressing themselves artistically, so what did they invent?

Which of the following is the best response to the question?

Choices:
A. sit down
B. play piano
C. excrete
D. eat meat
E. catch fish

Reply with exactly one uppercase letter out of A, B, C, D or E.
",89
"If one is contemplating during meditation, what does one strive for?",contemplating,train-00000-of-00001,D,"Question:
If one is contemplating during meditation, what does one strive for?

Which of the following is the best response to the question?

Choices:
A. deep thoughts
B. action
C. new discovery
D. clear thought
E. sense of fulfillment

Reply with exactly one uppercase letter out of A, B, C, D or E.
",87
Where is the most likely place for more than one stadium?,stadium,train-00000-of-00001,B,"Question:
Where is the most likely place for more than one stadium?

Which of the following is the best response to the question?

Choices:
A. college town
B. large city
C. conducting olympic games
D. greece
E. rome

Reply with exactly one uppercase letter out of A, B, C, D or E.
",86
"The loquacious man needed to listen, what should he do?",listen,train-00000-of-00001,A,"Question:
The loquacious man needed to listen, what should he do?

Which of the following is the best response to the question?

Choices:
A. stop talking
B. pay attention
C. able to hear
D. shut up
E. concentrate

Reply with exactly one uppercase letter out of A, B, C, D or E.
",85
What did the friendly man do when meeting knew people to show he was happy?,meeting people,train-00000-of-00001,E,"Question:
What did the friendly man do when meeting knew people to show he was happy?

Which of the following is the best response to the question?

Choices:
A. say hello
B. start a conversation
C. introducing yourself
D. shake hands
E. smiling

Reply with exactly one uppercase letter out of A, B, C, D or E.
",88
How might someone feel if they were committing perjury?,committing perjury,train-00000-of-00001,B,"Question:
How might someone feel if they were committing perjury?

Which of the following is the best response to the question?

Choices:
A. embarrassment indictment
B. tension
C. going to jail
D. penalty
E. mistrial

Reply with exactly one uppercase letter out of A, B, C, D or E.
",86
"He was good at traditional science but excelled at social science, his favorite subject was what?",science,train-00000-of-00001,B,"Question:
He was good at traditional science but excelled at social science, his favorite subject was what?

Which of the following is the best response to the question?

Choices:
A. geography
B. history studies
C. math
D. religion
E. dancing

Reply with exactly one uppercase letter out of A, B, C, D or E.
",87
"She had trouble remembering her happy wedding day, but when she did, what did she experience?",remembering,train-00000-of-00001,E,"Question:
She had trouble remembering her happy wedding day, but when she did, what did she experience?

Which of the following is the best response to the question?

Choices:
A. hunger
B. knowing
C. depression
D. knowledge
E. pleasure

Reply with exactly one uppercase letter out of A, B, C, D or E.
",85
Mary was singing because she wasn't happen and she wanted to do what?,singing,train-00000-of-00001,D,"Question:
Mary was singing because she wasn't happen and she wanted to do what?

Which of the following is the best response to the question?

Choices:
A. being heard
B. sore throats
C. hoarse voice
D. change in mood
E. sad

Reply with exactly one uppercase letter out of A, B, C, D or E.
",90
"If I want to behave with proper aplomb, what manners should I avoid?",proper,validation-00000-of-00001,A,"Question:
If I want to behave with proper aplomb, what manners should I avoid?

Which of the following is the best response to the question?

Choices:
A. inappropriate
B. incomplete
C. impolite
D. none
E. incorrect

Reply with exactly one uppercase letter out of A, B, C, D or E.
",89
What part of the life-cycle can love never conquer?,love,train-00000-of-00001,E,"Question:
What part of the life-cycle can love never conquer?

Which of the following is the best response to the question?

Choices:
A. having sex
B. pain and suffering
C. do stupid things
D. replacements
E. deaths

Reply with exactly one uppercase letter out of A, B, C, D or E.
",86
"Billy found it easy to divide 9, because 9 was a what of 3?",divide,train-00000-of-00001,B,"Question:
Billy found it easy to divide 9, because 9 was a what of 3?

Which of the following is the best response to the question?

Choices:
A. multiply
B. multiple
C. unite
D. multiplication
E. multiple

Reply with exactly one uppercase letter out of A, B, C, D or E.
",89
"If I am looking for specialized medical consultation, where do I tend to travel?",hospital,train-00000-of-00001,D,"Question:
If I am looking for specialized medical consultation, where do I tend to travel?

Which of the following is the best response to the question?

Choices:
A. vermont
B. every state
C. detroit
D. major city
E. urban area

Reply with exactly one uppercase letter out of A, B, C, D or E.
",87
What might be the result if one is convicted of obstructing justice?,obstructing justice,train-00000-of-00001,E,"Question:
What might be the result if one is convicted of obstructing justice?

Which of the following is the best response to the question?

Choices:
A. injustice
B. fear
C. bad
D. criminal charges
E. going to jail

Reply with exactly one uppercase letter out of A, B, C, D or E.
",86
The man spent the weekend with his girlfriend. What is he likely to have done?,person,train-00000-of-00001,B,"Question:
The man spent the weekend with his girlfriend. What is he likely to have done?

Which of the following is the best response to the question?

Choices:
A. accomplish goals
B. get laid
C. popularity
D. headache
E. successful

Reply with exactly one uppercase letter out of A, B, C, D or E.
",86
Why might some graduates choose not to be attending school later in life?,attending school,train-00000-of-00001,E,"Question:
Why might some graduates choose not to be attending school later in life?

Which of the following is the best response to the question?

Choices:
A. detention
B. stupidity
C. overwhelmed
D. dropping out
E. much work

Reply with exactly one uppercase letter out of A, B, C, D or E.
",85
"The balloon was purchased along with other weekly household essentials, where was it purchased?",balloon,train-00000-of-00001,D,"Question:
The balloon was purchased along with other weekly household essentials, where was it purchased?

Which of the following is the best response to the question?

Choices:
A. birthday party
B. child's hand
C. clown
D. grocery store
E. sky

Reply with exactly one uppercase letter out of A, B, C, D or E.
",90
If you were sitting on a curb in Cincinnati where would you be?,curb,train-00000-of-00001,A,"Question:
If you were sitting on a curb in Cincinnati where would you be?

Which of the following is the best response to the question?

Choices:
A. ohio
B. city
C. bus stop
D. street corner
E. grade

Reply with exactly one uppercase letter out of A, B, C, D or E.
",87
What do you get when procreating goes awry?,procreating,train-00000-of-00001,C,"Question:
What do you get when procreating goes awry?

Which of the following is the best response to the question?

Choices:
A. population increase
B. added responsibilities
C. quintuplets
D. multiples
E. large family

Reply with exactly one uppercase letter out of A, B, C, D or E.
",86
Where might  jellyfish stay warm?,jellyfish,train-00000-of-00001,E,"Question:
Where might  jellyfish stay warm?

Which of the following is the best response to the question?

Choices:
A. atlantic ocean
B. bikini bottom
C. japanese restaurant
D. store
E. pacific ocean

Reply with exactly one uppercase letter out of A, B, C, D or E.
",86
What might people do to protect their legs from getting dirty on the farm?,people,train-00000-of-00001,A,"Question:
What might people do to protect their legs from getting dirty on the farm?

Which of the following is the best response to the question?

Choices:
A. wear jeans
B. milk cow
C. believe in god
D. avoid mud
E. plant flowers

Reply with exactly one uppercase letter out of A, B, C, D or E.
",87
Where could you find millions of jellyfish?,jellyfish,train-00000-of-00001,A,"Question:
Where could you find millions of jellyfish?

Which of the following is the best response to the question?

Choices:
A. north sea
B. smack
C. sponge bob's house
D. store
E. sea water

Reply with exactly one uppercase letter out of A, B, C, D or E.
",85
"Although the sun did rise, what did the pessimist warn everyone it would do?",rise,validation-00000-of-00001,B,"Question:
Although the sun did rise, what did the pessimist warn everyone it would do?

Which of the following is the best response to the question?

Choices:
A. lay
B. go down
C. fall
D. below
E. sundown

Reply with exactly one uppercase letter out of A, B, C, D or E.
",89
"Even though he was committing murder in self defense at the time, he still had what about having had done it?",committing murder,train-00000-of-00001,E,"Question:
Even though he was committing murder in self defense at the time, he still had what about having had done it?

Which of the following is the best response to the question?

Choices:
A. killing
B. dread
C. dying
D. fear
E. regret

Reply with exactly one uppercase letter out of A, B, C, D or E.
",90
"A single person is going to a party of other singles, what do they want to do?",going to party,train-00000-of-00001,C,"Question:
A single person is going to a party of other singles, what do they want to do?

Which of the following is the best response to the question?

Choices:
A. visit friends
B. race cars
C. meeting people
D. having fun
E. drinking alcohol

Reply with exactly one uppercase letter out of A, B, C, D or E.
",90
"The glass ceiling was a what, that wasn't enough to defeat her opponent?",ceiling,train-00000-of-00001,E,"Question:
The glass ceiling was a what, that wasn't enough to defeat her opponent?

Which of the following is the best response to the question?

Choices:
A. building
B. leak
C. loft
D. sag
E. metaphor

Reply with exactly one uppercase letter out of A, B, C, D or E.
",85
"Two friends lived in different countries, how did they frequently communicate?",friends,train-00000-of-00001,C,"Question:
Two friends lived in different countries, how did they frequently communicate?

Which of the following is the best response to the question?

Choices:
A. wedding
B. fraternity house
C. internet cafe
D. smoke signals
E. movie

Reply with exactly one uppercase letter out of A, B, C, D or E.
",85
"Every Monday morning he would meet friend, they would have coffee and a good what?",meet friend,train-00000-of-00001,C,"Question:
Every Monday morning he would meet friend, they would have coffee and a good what?

Which of the following is the best response to the question?

Choices:
A. say'hi
B. have sex
C. conversation
D. handshake
E. train

Reply with exactly one uppercase letter out of A, B, C, D or E.
",87
If you keep telling many people about being a vegetarian what do you risk becoming?,telling many people about,train-00000-of-00001,A,"Question:
If you keep telling many people about being a vegetarian what do you risk becoming?

Which of the following is the best response to the question?

Choices:
A. annoyance
B. accomplish
C. intoxicated
D. emotional distress
E. notoriety

Reply with exactly one uppercase letter out of A, B, C, D or E.
",89
For a stressed out mother a baby is cutest when it is able to what?,babies,train-00000-of-00001,C,"Question:
For a stressed out mother a baby is cutest when it is able to what?

Which of the following is the best response to the question?

Choices:
A. like spinach
B. laugh
C. sleep soundly
D. giggle
E. clap hands

Reply with exactly one uppercase letter out of A, B, C, D or E.
",90
"The teen was required to go to school, which made him a what?",go to school,train-00000-of-00001,A,"Question:
The teen was required to go to school, which made him a what?

Which of the following is the best response to the question?

Choices:
A. student
B. register
C. old enough
D. put on shoes
E. grouchy

Reply with exactly one uppercase letter out of A, B, C, D or E.
",87
When birds are looking for a mate they're going to be doing what?,birds,train-00000-of-00001,E,"Question:
When birds are looking for a mate they're going to be doing what?

Which of the following is the best response to the question?

Choices:
A. pretty smart
B. small
C. very colorful
D. pick up prostitutes
E. singing

Reply with exactly one uppercase letter out of A, B, C, D or E.
",88
"The work was done and it was a success, it was now time to what?",success,train-00000-of-00001,E,"Question:
The work was done and it was a success, it was now time to what?

Which of the following is the best response to the question?

Choices:
A. reproduce
B. jump around
C. have party
D. hear crowd go mad
E. celebrate

Reply with exactly one uppercase letter out of A, B, C, D or E.
",88
"Her voice lent her to the alto section, what group did she join?",alto,validation-00000-of-00001,C,"Question:
Her voice lent her to the alto section, what group did she join?

Which of the following is the best response to the question?

Choices:
A. symphony
B. concerto
C. choir
D. theater troupe
E. marching band

Reply with exactly one uppercase letter out of A, B, C, D or E.
",89
"If you were looking for where a committee meets, where would you start?",committee,train-00000-of-00001,E,"Question:
If you were looking for where a committee meets, where would you start?

Which of the following is the best response to the question?

Choices:
A. office building
B. city hall
C. city council meeting
D. manual
E. boardroom

Reply with exactly one uppercase letter out of A, B, C, D or E.
",86
"If a person were going to bed, what would be their goal?",going to bed,validation-00000-of-00001,D,"Question:
If a person were going to bed, what would be their goal?

Which of the following is the best response to the question?

Choices:
A. lazy
B. insomnia
C. rest
D. falling asleep
E. dreaming of

Reply with exactly one uppercase letter out of A, B, C, D or E.
",85
"If two men are competing, why don't they like each other?",competing,train-00000-of-00001,A,"Question:
If two men are competing, why don't they like each other?

Which of the following is the best response to the question?

Choices:
A. rivalry
B. winning or losing
C. accomplishment
D. achievements
E. death

Reply with exactly one uppercase letter out of A, B, C, D or E.
",85
"Tired of his sickness, what did the man seek as he visited various doctors?",sickness,train-00000-of-00001,E,"Question:
Tired of his sickness, what did the man seek as he visited various doctors?

Which of the following is the best response to the question?

Choices:
A. being well
B. wounds
C. cause person to hoarse
D. healthy
E. healthiness

Reply with exactly one uppercase letter out of A, B, C, D or E.
",90
What do I cook on the stove when I want to make tacos?,cook,train-00000-of-00001,A,"Question:
What do I cook on the stove when I want to make tacos?

Which of the following is the best response to the question?

Choices:
A. brown meat
B. mexico
C. open can
D. bake bread
E. warm food

Reply with exactly one uppercase letter out of A, B, C, D or E.
",88
"If I recieve a letter from a friend over seas, why might I read it?",reading letter,train-00000-of-00001,B,"Question:
If I recieve a letter from a friend over seas, why might I read it?

Which of the following is the best response to the question?

Choices:
A. pudding
B. get news
C. strain
D. answer
E. though

Reply with exactly one uppercase letter out of A, B, C, D or E.
",87
When an inventory gets to see idea become reality they will gather their friends together to what?,see idea become reality,train-00000-of-00001,E,"Question:
When an inventory gets to see idea become reality they will gather their friends together to what?

Which of the following is the best response to the question?

Choices:
A. pride
B. gratification
C. gamble
D. feeling of accomplishment
E. celebrate

Reply with exactly one uppercase letter out of A, B, C, D or E.
",89
"The man enjoyed sitting quietly by himself, he felt it helped him come up with his best what about things?",sitting quietly,train-00000-of-00001,C,"Question:
The man enjoyed sitting quietly by himself, he felt it helped him come up with his best what about things?

Which of the following is the best response to the question?

Choices:
A. anxiety
B. happiness
C. insights
D. inspiration
E. wisdom

Reply with exactly one uppercase letter out of A, B, C, D or E.
",88
Where would you stand in a line and not need a coat if it is cold outside?,line,train-00000-of-00001,C,"Question:
Where would you stand in a line and not need a coat if it is cold outside?

Which of the following is the best response to the question?

Choices:
A. good book
B. bus stop
C. post office
D. triangle
E. graph

Reply with exactly one uppercase letter out of A, B, C, D or E.
",87
"If you're releasing energy through running, what will you likely find on your skin?",releasing energy,train-00000-of-00001,A,"Question:
If you're releasing energy through running, what will you likely find on your skin?

Which of the following is the best response to the question?

Choices:
A. sweat
B. movement
C. exercising
D. sex
E. moist

Reply with exactly one uppercase letter out of A, B, C, D or E.
",85
Sam's children are rambunctious.  What might they do?,children,train-00000-of-00001,E,"Question:
Sam's children are rambunctious.  What might they do?

Which of the following is the best response to the question?

Choices:
A. break things
B. play sports
C. play with toys
D. play ball
E. throw things

Reply with exactly one uppercase letter out of A, B, C, D or E.
",88
"The demand from people was high, how can chaos be avoided?",people,train-00000-of-00001,C,"Question:
The demand from people was high, how can chaos be avoided?

Which of the following is the best response to the question?

Choices:
A. bank money
B. call police
C. wait in line
D. believe in god
E. suffer pain

Reply with exactly one uppercase letter out of A, B, C, D or E.
",86
If you're lighting a candle to see what are you in?,candle,train-00000-of-00001,A,"Question:
If you're lighting a candle to see what are you in?

Which of the following is the best response to the question?

Choices:
A. dimly lit room
B. synagogue
C. sunlight
D. birthday cake
E. bedroom

Reply with exactly one uppercase letter out of A, B, C, D or E.
",86
Where is a well used toy car likely to be found?,toy car,validation-00000-of-00001,A,"Question:
Where is a well used toy car likely to be found?

Which of the following is the best response to the question?

Choices:
A. child's room
B. boy's bedroom
C. own home
D. toy store
E. house

Reply with exactly one uppercase letter out of A, B, C, D or E.
",86
"The person was looking for the bus arrival time, what did he do with the station schedule?",person,train-00000-of-00001,A,"Question:
The person was looking for the bus arrival time, what did he do with the station schedule?

Which of the following is the best response to the question?

Choices:
A. read text
B. cross street
C. enjoy learning
D. throw away
E. play dumb

Reply with exactly one uppercase letter out of A, B, C, D or E.
",90
What does committing murder lead to in teh family of the murdered?,committing murder,train-00000-of-00001,D,"Question:
What does committing murder lead to in teh family of the murdered?

Which of the following is the best response to the question?

Choices:
A. bankruptcy
B. fear
C. guilty conscience
D. great sorrow
E. find god

Reply with exactly one uppercase letter out of A, B, C, D or E.
",86
"The turkey needed to be kept from spoiling, what is useful in this situation?",turkey,train-00000-of-00001,B,"Question:
The turkey needed to be kept from spoiling, what is useful in this situation?

Which of the following is the best response to the question?

Choices:
A. refrigerator
B. fridge
C. freezer
D. oven
E. bought at store

Reply with exactly one uppercase letter out of A, B, C, D or E.
",89
"They were hoping to attract visitors, so they installed lights, where were they installed?",lights,train-00000-of-00001,A,"Question:
They were hoping to attract visitors, so they installed lights, where were they installed?

Which of the following is the best response to the question?

Choices:
A. carnival
B. plane
C. yatch
D. turned at night
E. building

Reply with exactly one uppercase letter out of A, B, C, D or E.
",88
If you have cleaned off dust here it may be difficult to do your homework where?,dust,train-00000-of-00001,A,"Question:
If you have cleaned off dust here it may be difficult to do your homework where?

Which of the following is the best response to the question?

Choices:
A. desktop
B. closet
C. most buildings
D. surface of earth
E. stove

Reply with exactly one uppercase letter out of A, B, C, D or E.
",86
What would a person working in an office need after a system crash?,person,train-00000-of-00001,E,"Question:
What would a person working in an office need after a system crash?

Which of the following is the best response to the question?

Choices:
A. peaceful sleep
B. compliments
C. freedom from want
D. understand themselves
E. new computer

Reply with exactly one uppercase letter out of A, B, C, D or E.
",86
"When a person has lost all hope, what do they tend to do?",people,train-00000-of-00001,B,"Question:
When a person has lost all hope, what do they tend to do?

Which of the following is the best response to the question?

Choices:
A. buy a car
B. expect miracles
C. pay bills
D. think of life
E. form friendships

Reply with exactly one uppercase letter out of A, B, C, D or E.
",90
"All the adults were sitting quietly in the other room watching TV, they were hoping the baby would what?",sitting quietly,train-00000-of-00001,B,"Question:
All the adults were sitting quietly in the other room watching TV, they were hoping the baby would what?

Which of the following is the best response to the question?

Choices:
A. meditate
B. fall asleep
C. join them
D. reading
E. think

Reply with exactly one uppercase letter out of A, B, C, D or E.
",90
If a soldier is directed by someone with a higher status what do they have to do?,soldiers,train-00000-of-00001,E,"Question:
If a soldier is directed by someone with a higher status what do they have to do?

Which of the following is the best response to the question?

Choices:
A. die in battle
B. coming home
C. shoot enemy
D. storm buildings
E. follow orders

Reply with exactly one uppercase letter out of A, B, C, D or E.
",90
Why is it difficult to tell what the weather might do sometimes?,weather,train-00000-of-00001,B,"Question:
Why is it difficult to tell what the weather might do sometimes?

Which of the following is the best response to the question?

Choices:
A. clear
B. unpredictable
C. important to farmers
D. hot or cold
E. mild

Reply with exactly one uppercase letter out of A, B, C, D or E.
",85
"There were so many guests for Thanksgiving, where did the host put the extra table?",table,train-00000-of-00001,E,"Question:
There were so many guests for Thanksgiving, where did the host put the extra table?

Which of the following is the best response to the question?

Choices:
A. hall
B. kitchen
C. neighbor's house
D. card room
E. livingroom

Reply with exactly one uppercase letter out of A, B, C, D or E.
",90
If people have no contact with others they will experience what emotion?,people,train-00000-of-00001,A,"Question:
If people have no contact with others they will experience what emotion?

Which of the following is the best response to the question?

Choices:
A. feel lonely
B. togetherness
C. feed themselves
D. compete with each other
E. talk to each other

Reply with exactly one uppercase letter out of A, B, C, D or E.
",88
"Bob stands in the grass surrounded by trees and nature, where is Bob?",grass,validation-00000-of-00001,C,"Question:
Bob stands in the grass surrounded by trees and nature, where is Bob?

Which of the following is the best response to the question?

Choices:
A. rest area
B. desert
C. state park
D. fairgrounds
E. soccer game

Reply with exactly one uppercase letter out of A, B, C, D or E.
",87
Where would you buy a brand new mandolin with a storage box?,mandolin,train-00000-of-00001,C,"Question:
Where would you buy a brand new mandolin with a storage box?

Which of the following is the best response to the question?

Choices:
A. spain
B. grocery store
C. musical instrument store
D. music store
E. instrument case

Reply with exactly one uppercase letter out of A, B, C, D or E.
",86
Too much jogging for elderly people can lead to what?,jogging,train-00000-of-00001,C,"Question:
Too much jogging for elderly people can lead to what?

Which of the following is the best response to the question?

Choices:
A. exhaustion
B. shortness of breath
C. heart attacks
D. blisters
E. diabetes

Reply with exactly one uppercase letter out of A, B, C, D or E.
",85
"The place was special to them, you couldn't find it on just any what?",place,train-00000-of-00001,A,"Question:
The place was special to them, you couldn't find it on just any what?

Which of the following is the best response to the question?

Choices:
A. map
B. device
C. area
D. almost anywhere
E. location

Reply with exactly one uppercase letter out of A, B, C, D or E.
",85
How do you communicate with a friend when you are apart?,friend,train-00000-of-00001,C,"Question:
How do you communicate with a friend when you are apart?

Which of the following is the best response to the question?

Choices:
A. promise to help
B. offer to help
C. write letter
D. keep secret
E. cover up for

Reply with exactly one uppercase letter out of A, B, C, D or E.
",86
"If shark is stuffed and preserved,where might it be displayed?",shark,train-00000-of-00001,D,"Question:
If shark is stuffed and preserved,where might it be displayed?

Which of the following is the best response to the question?

Choices:
A. deep ocean
B. pope's office
C. pool hall
D. maritime museum
E. great outdoors

Reply with exactly one uppercase letter out of A, B, C, D or E.
",90
Where can you spend the night on the ground floor when you're away from home?,ground floor,train-00000-of-00001,C,"Question:
Where can you spend the night on the ground floor when you're away from home?

Which of the following is the best response to the question?

Choices:
A. brownstone
B. highrise building
C. hotel
D. subway
E. office building

Reply with exactly one uppercase letter out of A, B, C, D or E.
",89
"When two people are doing the same thing, what do they tend to do?",people,train-00000-of-00001,B,"Question:
When two people are doing the same thing, what do they tend to do?

Which of the following is the best response to the question?

Choices:
A. read stories
B. compete
C. help
D. solve problems
E. give orders

Reply with exactly one uppercase letter out of A, B, C, D or E.
",85
"If you want harmony, what is something you should try to do with the world?",something you,validation-00000-of-00001,D,"Question:
If you want harmony, what is something you should try to do with the world?

Which of the following is the best response to the question?

Choices:
A. take time
B. make noise
C. make war
D. make peace
E. make haste

Reply with exactly one uppercase letter out of A, B, C, D or E.
",89
What would you use if you wanted to make some columns of numbers?,column,train-00000-of-00001,C,"Question:
What would you use if you wanted to make some columns of numbers?

Which of the following is the best response to the question?

Choices:
A. roman architecture
B. whitehouse
C. spreadsheet
D. bridge
E. pantheon

Reply with exactly one uppercase letter out of A, B, C, D or E.
",85
What might make a person stop driving to work and instead take the bus?,driving to work,train-00000-of-00001,C,"Question:
What might make a person stop driving to work and instead take the bus?

Which of the following is the best response to the question?

Choices:
A. car crash
B. getting there
C. transportation cost
D. stress
E. road rage

Reply with exactly one uppercase letter out of A, B, C, D or E.
",85
Where is a good place to get an old fashioned cup of coffee?,cup of coffee,train-00000-of-00001,D,"Question:
Where is a good place to get an old fashioned cup of coffee?

Which of the following is the best response to the question?

Choices:
A. electrical circuit
B. coffee shop
C. canteen
D. diner
E. mexico

Reply with exactly one uppercase letter out of A, B, C, D or E.
",86
"When a company wants to let people know about upcoming deals and offers, what do they do?",company,train-00000-of-00001,E,"Question:
When a company wants to let people know about upcoming deals and offers, what do they do?

Which of the following is the best response to the question?

Choices:
A. branch out
B. call
C. own factory
D. pay employees
E. mail clients

Reply with exactly one uppercase letter out of A, B, C, D or E.
",89
Sally brought the ball when she visited Scott so that they could do what with it?,ball,train-00000-of-00001,B,"Question:
Sally brought the ball when she visited Scott so that they could do what with it?

Which of the following is the best response to the question?

Choices:
A. bounces
B. play with
C. toy
D. charming
E. earball

Reply with exactly one uppercase letter out of A, B, C, D or E.
",88
"Since we aren't immortal, people should what?",people,train-00000-of-00001,A,"Question:
Since we aren't immortal, people should what?

Which of the following is the best response to the question?

Choices:
A. expect to die
B. pay bills
C. buy pets
D. stay in
E. eat corn

Reply with exactly one uppercase letter out of A, B, C, D or E.
",85
"The man put flooring in above his garagge, what was he looking to make?",flooring,train-00000-of-00001,A,"Question:
The man put flooring in above his garagge, what was he looking to make?

Which of the following is the best response to the question?

Choices:
A. loft
B. bedroom
C. house
D. kitchen
E. home depot

Reply with exactly one uppercase letter out of A, B, C, D or E.
",88
What could happen after discovering truth that you did not want to know?,discovering truth,train-00000-of-00001,A,"Question:
What could happen after discovering truth that you did not want to know?

Which of the following is the best response to the question?

Choices:
A. pain
B. relief
C. grey hair
D. understanding
E. enlightenment

Reply with exactly one uppercase letter out of A, B, C, D or E.
",85
What do you need to do so that other people can use television?,use television,train-00000-of-00001,D,"Question:
What do you need to do so that other people can use television?

Which of the following is the best response to the question?

Choices:
A. turn on electricity
B. open eyes
C. kill
D. plug in
E. watch television

Reply with exactly one uppercase letter out of A, B, C, D or E.
",85
On a hot day what can you do to enjoy something cool and sweet?,hot day,validation-00000-of-00001,E,"Question:
On a hot day what can you do to enjoy something cool and sweet?

Which of the following is the best response to the question?

Choices:
A. dive
B. cool off
C. fresh cake
D. go for swim
E. eat ice cream

Reply with exactly one uppercase letter out of A, B, C, D or E.
",87
What is a good way for children to learn about dining etiquette?,children,train-00000-of-00001,E,"Question:
What is a good way for children to learn about dining etiquette?

Which of the following is the best response to the question?

Choices:
A. wrong house
B. read a book
C. watch television
D. sun themselves
E. set table

Reply with exactly one uppercase letter out of A, B, C, D or E.
",87
What falls out of the sky but is generally well received?,sky,train-00000-of-00001,A,"Question:
What falls out of the sky but is generally well received?

Which of the following is the best response to the question?

Choices:
A. rain water
B. cloud over
C. becomes purple in evening
D. spoons
E. appear blue

Reply with exactly one uppercase letter out of A, B, C, D or E.
",85
"The man needed to buy flooring, where was he looking for it?",flooring,train-00000-of-00001,D,"Question:
The man needed to buy flooring, where was he looking for it?

Which of the following is the best response to the question?

Choices:
A. walmart
B. loft
C. house
D. home depot
E. kitchen

Reply with exactly one uppercase letter out of A, B, C, D or E.
",85
"While laid up in the hospital she tried remembering good times, like that massage on vacation that brought great what?",remembering,train-00000-of-00001,D,"Question:
While laid up in the hospital she tried remembering good times, like that massage on vacation that brought great what?

Which of the following is the best response to the question?

Choices:
A. dream
B. knowing
C. depression
D. pleasure
E. nostalgia

Reply with exactly one uppercase letter out of A, B, C, D or E.
",90
What could have an iron in some areas of it but not in other areas?,iron,train-00000-of-00001,C,"Question:
What could have an iron in some areas of it but not in other areas?

Which of the following is the best response to the question?

Choices:
A. hematite
B. linen closet
C. house
D. laundry room
E. chemistry lab

Reply with exactly one uppercase letter out of A, B, C, D or E.
",88
"People always talked childlike to him, even though his disability was physical and didn't affect his what?",disability,train-00000-of-00001,E,"Question:
People always talked childlike to him, even though his disability was physical and didn't affect his what?

Which of the following is the best response to the question?

Choices:
A. strength
B. brain
C. potential
D. qualification
E. competence

Reply with exactly one uppercase letter out of A, B, C, D or E.
",90
A modern farmer needs many skills common for who in order to manage finances and increase sales?,farmer,train-00000-of-00001,B,"Question:
A modern farmer needs many skills common for who in order to manage finances and increase sales?

Which of the following is the best response to the question?

Choices:
A. harvesting
B. business man
C. city dweller
D. farm land
E. industrial

Reply with exactly one uppercase letter out of A, B, C, D or E.
",90
What is a person dressed as a clown hoping to accomplish?,person,train-00000-of-00001,B,"Question:
What is a person dressed as a clown hoping to accomplish?

Which of the following is the best response to the question?

Choices:
A. own house
B. make others happy
C. compliments
D. low crime
E. good lover

Reply with exactly one uppercase letter out of A, B, C, D or E.
",85
Sam found a giant hole in the plain.  What might this hole be called?,plain,train-00000-of-00001,B,"Question:
Sam found a giant hole in the plain.  What might this hole be called?

Which of the following is the best response to the question?

Choices:
A. hill
B. gorge
C. sandplain
D. cliff
E. mountain

Reply with exactly one uppercase letter out of A, B, C, D or E.
",85
You can find a clothing store often at what outdoor collection of merchants?,clothing store,train-00000-of-00001,D,"Question:
You can find a clothing store often at what outdoor collection of merchants?

Which of the following is the best response to the question?

Choices:
A. ohio
B. buying clothing
C. park
D. strip mall
E. city or town

Reply with exactly one uppercase letter out of A, B, C, D or E.
",87
"He was hiking for miles, what did he suffer from?",hiking,train-00000-of-00001,B,"Question:
He was hiking for miles, what did he suffer from?

Which of the following is the best response to the question?

Choices:
A. sweating
B. cramps
C. physical exertion
D. smile
E. deliriousness

Reply with exactly one uppercase letter out of A, B, C, D or E.
",87
A city like Detroit ended up with a lot of abandoned buildings when large amounts of people moved where?,city,train-00000-of-00001,D,"Question:
A city like Detroit ended up with a lot of abandoned buildings when large amounts of people moved where?

Which of the following is the best response to the question?

Choices:
A. forest
B. countryside
C. wilderness
D. suburbs
E. on vacation

Reply with exactly one uppercase letter out of A, B, C, D or E.
",89
"This ice in my mouth is cold, what should i do with it?",cold,train-00000-of-00001,E,"Question:
This ice in my mouth is cold, what should i do with it?

Which of the following is the best response to the question?

Choices:
A. light fire
B. stay in bed
C. opposite of hot
D. scream
E. spit

Reply with exactly one uppercase letter out of A, B, C, D or E.
",87
What would you likely see a group of horses doing together?,horses,train-00000-of-00001,E,"Question:
What would you likely see a group of horses doing together?

Which of the following is the best response to the question?

Choices:
A. graze in fields
B. brown
C. put in stall
D. big but gentle
E. running in herd

Reply with exactly one uppercase letter out of A, B, C, D or E.
",89
What could happen if you are going fishing in a river and fall down?,going fishing,train-00000-of-00001,D,"Question:
What could happen if you are going fishing in a river and fall down?

Which of the following is the best response to the question?

Choices:
A. have fun
B. catching fish
C. bear attack
D. wet clothes
E. disappointment at not catching

Reply with exactly one uppercase letter out of A, B, C, D or E.
",88
What does a farmer need to do to make  a maze on his farm in the fall?,farmer,validation-00000-of-00001,D,"Question:
What does a farmer need to do to make  a maze on his farm in the fall?

Which of the following is the best response to the question?

Choices:
A. seed plants
B. plant seeds
C. garden
D. grow corn
E. produce food

Reply with exactly one uppercase letter out of A, B, C, D or E.
",90
What is likely to be the goal of telling many people about a new organization?,telling many people about,train-00000-of-00001,B,"Question:
What is likely to be the goal of telling many people about a new organization?

Which of the following is the best response to the question?

Choices:
A. accomplish
B. learn about
C. money
D. notoriety
E. religion

Reply with exactly one uppercase letter out of A, B, C, D or E.
",85
If you are looking to gain the most profits you could focus on cutting down what?,gain,train-00000-of-00001,C,"Question:
If you are looking to gain the most profits you could focus on cutting down what?

Which of the following is the best response to the question?

Choices:
A. meetings
B. lose weight
C. waste
D. loosing
E. lost

Reply with exactly one uppercase letter out of A, B, C, D or E.
",85
"Bill was awaking, what was happening to him physiologically?",awaking,train-00000-of-00001,E,"Question:
Bill was awaking, what was happening to him physiologically?

Which of the following is the best response to the question?

Choices:
A. tiredness
B. grogginess
C. discomfort
D. getting out of bed
E. eyes opening

Reply with exactly one uppercase letter out of A, B, C, D or E.
",88
"I have some liquid food that I want to store, where would I put it?",food,train-00000-of-00001,A,"Question:
I have some liquid food that I want to store, where would I put it?

Which of the following is the best response to the question?

Choices:
A. jar
B. supermarket
C. oven
D. plate
E. pantry

Reply with exactly one uppercase letter out of A, B, C, D or E.
",85
What happens when you are drinking alcohol too much?,drinking alcohol,train-00000-of-00001,A,"Question:
What happens when you are drinking alcohol too much?

Which of the following is the best response to the question?

Choices:
A. vomiting
B. defecation
C. intoxication
D. frequent urination
E. nausea

Reply with exactly one uppercase letter out of A, B, C, D or E.
",85
What handle did the man grab to when he wanted a snack?,handle,train-00000-of-00001,A,"Question:
What handle did the man grab to when he wanted a snack?

Which of the following is the best response to the question?

Choices:
A. fridge
B. hardware store
C. frying pan
D. water fountain
E. drawer

Reply with exactly one uppercase letter out of A, B, C, D or E.
",87
What is a good container for a potato?,potato,train-00000-of-00001,A,"Question:
What is a good container for a potato?

Which of the following is the best response to the question?

Choices:
A. kitchen cabinet
B. pantry
C. own kitchen
D. a flower vase.
E. clam chowder

Reply with exactly one uppercase letter out of A, B, C, D or E.
",87
Where would you go to find a mammoth?,mammoth,train-00000-of-00001,C,"Question:
Where would you go to find a mammoth?

Which of the following is the best response to the question?

Choices:
A. egypt
B. encyclopedia
C. excavations
D. ancient times
E. south dakota

Reply with exactly one uppercase letter out of A, B, C, D or E.
",86
"A woodworker is missing a screw, where should he look for it?",screw,train-00000-of-00001,A,"Question:
A woodworker is missing a screw, where should he look for it?

Which of the following is the best response to the question?

Choices:
A. tool box
B. wall outlet fixture
C. on the ground
D. motorcycle
E. computer

Reply with exactly one uppercase letter out of A, B, C, D or E.
",88
"They wanted to try blowfish, so they went to get some where?",blowfish,validation-00000-of-00001,E,"Question:
They wanted to try blowfish, so they went to get some where?

Which of the following is the best response to the question?

Choices:
A. atlantic ocean
B. books
C. france
D. aquarium
E. fish market

Reply with exactly one uppercase letter out of A, B, C, D or E.
",87
"while luck plays a big role, every person who is great at something has focus and what to it?",person,train-00000-of-00001,D,"Question:
while luck plays a big role, every person who is great at something has focus and what to it?

Which of the following is the best response to the question?

Choices:
A. hatred
B. surprised
C. compliments
D. dedication
E. solutions

Reply with exactly one uppercase letter out of A, B, C, D or E.
",89
"A person wants to be like Michael Phelps, what should they do first?",person,train-00000-of-00001,E,"Question:
A person wants to be like Michael Phelps, what should they do first?

Which of the following is the best response to the question?

Choices:
A. feel relieved
B. cross street
C. act responsibly
D. avoid swimming
E. learn to swim

Reply with exactly one uppercase letter out of A, B, C, D or E.
",90
What happens to people when they do not have enough food?,people,train-00000-of-00001,E,"Question:
What happens to people when they do not have enough food?

Which of the following is the best response to the question?

Choices:
A. eat fish
B. they steal
C. talk to each other
D. write stories
E. die of starvation

Reply with exactly one uppercase letter out of A, B, C, D or E.
",88
Where could you find a jellyfish that does not exist?,jellyfish,train-00000-of-00001,A,"Question:
Where could you find a jellyfish that does not exist?

Which of the following is the best response to the question?

Choices:
A. cartoon
B. japanese restaurant
C. underwater
D. moon
E. red sea

Reply with exactly one uppercase letter out of A, B, C, D or E.
",85
"His compressor needed a new hose, where did he go?",hose,validation-00000-of-00001,B,"Question:
His compressor needed a new hose, where did he go?

Which of the following is the best response to the question?

Choices:
A. garden shed
B. hardware store
C. brothel
D. garage
E. greenhouse

Reply with exactly one uppercase letter out of A, B, C, D or E.
",85
Kramer wrote a self-referential book.  What might that book be about?,book,validation-00000-of-00001,B,"Question:
Kramer wrote a self-referential book.  What might that book be about?

Which of the following is the best response to the question?

Choices:
A. counter
B. coffee table
C. school room
D. backpack
E. bedside table

Reply with exactly one uppercase letter out of A, B, C, D or E.
",89
Going in an air conditioned room to cool off is a good way to get what from hot weather?,cool off,train-00000-of-00001,C,"Question:
Going in an air conditioned room to cool off is a good way to get what from hot weather?

Which of the following is the best response to the question?

Choices:
A. rest
B. go swimming
C. relief
D. calm down
E. change

Reply with exactly one uppercase letter out of A, B, C, D or E.
",90
Where in your room would you put scissors that you will not need to use any time soon?,scissors,train-00000-of-00001,B,"Question:
Where in your room would you put scissors that you will not need to use any time soon?

Which of the following is the best response to the question?

Choices:
A. pencil case
B. cabinet
C. desk
D. drawer
E. backpack

Reply with exactly one uppercase letter out of A, B, C, D or E.
",89
If I were to suffer from sudden illness I would be within reason to visit where?,illness,train-00000-of-00001,B,"Question:
If I were to suffer from sudden illness I would be within reason to visit where?

Which of the following is the best response to the question?

Choices:
A. nursing home
B. hospital
C. brain
D. elderly person
E. building

Reply with exactly one uppercase letter out of A, B, C, D or E.
",85
What region of a west coast U.S. city would you find a Japanese restaurant?,japanese restaurant,validation-00000-of-00001,C,"Question:
What region of a west coast U.S. city would you find a Japanese restaurant?

Which of the following is the best response to the question?

Choices:
A. california
B. tokio
C. downtown
D. narnia
E. large town

Reply with exactly one uppercase letter out of A, B, C, D or E.
",89
Where do kids go that does not involve water or buying something?,kids,train-00000-of-00001,D,"Question:
Where do kids go that does not involve water or buying something?

Which of the following is the best response to the question?

Choices:
A. swimming pool
B. airport
C. amusement park
D. disneyland
E. toy store

Reply with exactly one uppercase letter out of A, B, C, D or E.
",85
A squirrel will run across what to get from one gutter to another?,squirrel,train-00000-of-00001,D,"Question:
A squirrel will run across what to get from one gutter to another?

Which of the following is the best response to the question?

Choices:
A. park
B. forest
C. chipmunk
D. roof
E. muddy water

Reply with exactly one uppercase letter out of A, B, C, D or E.
",87
