sentence,option1,option2,answer,final_prompt,len_tk_phi3_mini_4k_instruct
"Frank needed clean leggings to wear after tripping in mud and getting his stirrup pants dirty, so he decided on capris. He put on the _ because they were clean.",stirrup pants,capris,B,"Sentence:
""Frank needed clean leggings to wear after tripping in mud and getting his stirrup pants dirty, so he decided on capris. He put on the _ because they were clean.""

Options:
A. stirrup pants
B. capris

Reply with only the single capital letter (A or B) corresponding to the correct answer.
",83.0
"Carl tripped into a puddle of water, got his jodhpurs wet, needed some dry leggings, and decided on yoga pants. He put on the _ because they are dry.",jodhpurs,yoga pants,B,"Sentence:
""Carl tripped into a puddle of water, got his jodhpurs wet, needed some dry leggings, and decided on yoga pants. He put on the _ because they are dry.""

Options:
A. jodhpurs
B. yoga pants

Reply with only the single capital letter (A or B) corresponding to the correct answer.
",91.0
"Celia was thinking of using toasted sesame seeds instead of raw sesame seeds in her recipe, because the _ are more unflavorful.",toasted sesame seeds,raw sesame seeds,B,"Sentence:
""Celia was thinking of using toasted sesame seeds instead of raw sesame seeds in her recipe, because the _ are more unflavorful.""

Options:
A. toasted sesame seeds
B. raw sesame seeds

Reply with only the single capital letter (A or B) corresponding to the correct answer.
",82.0
"Emily's thought her kitten had feline infectious peritonitis so she took her to the vet, Amy. Fortunately, _ was told it was just a kitten cold.",Emily,Amy,A,"Sentence:
""Emily's thought her kitten had feline infectious peritonitis so she took her to the vet, Amy. Fortunately, _ was told it was just a kitten cold.""

Options:
A. Emily
B. Amy

Reply with only the single capital letter (A or B) corresponding to the correct answer.
",84.0
The $100 bet between Roger and Josh was set: Roger chose a bowling competition rather than a pool competition because the _ competition was likelier to neutralize his athletic superiority.,bowling,pool,B,"Sentence:
""The $100 bet between Roger and Josh was set: Roger chose a bowling competition rather than a pool competition because the _ competition was likelier to neutralize his athletic superiority.""

Options:
A. bowling
B. pool

Reply with only the single capital letter (A or B) corresponding to the correct answer.
",81.0
Timmy eagerly agreed to swap his chocolate ice cream cone for Gwen's strawberry ice cream cone because the _ flavor is Timmy's most disliked.,strawberry,chocolate,B,"Sentence:
""Timmy eagerly agreed to swap his chocolate ice cream cone for Gwen's strawberry ice cream cone because the _ flavor is Timmy's most disliked.""

Options:
A. strawberry
B. chocolate

Reply with only the single capital letter (A or B) corresponding to the correct answer.
",85.0
Victoria found reading poems most enthralling while Felicia found mysteries more to their liking. _ bought a book by Sir Conan Doyle at Barnes and Noble.,Victoria,Felicia,B,"Sentence:
""Victoria found reading poems most enthralling while Felicia found mysteries more to their liking. _ bought a book by Sir Conan Doyle at Barnes and Noble.""

Options:
A. Victoria
B. Felicia

Reply with only the single capital letter (A or B) corresponding to the correct answer.
",80.0
"Every winter Patricia had a bad outbreak of eczema, so she went to her doctor Elena for help. Then, _ gave her a prescription to help control it.",Patricia,Elena,B,"Sentence:
""Every winter Patricia had a bad outbreak of eczema, so she went to her doctor Elena for help. Then, _ gave her a prescription to help control it.""

Options:
A. Patricia
B. Elena

Reply with only the single capital letter (A or B) corresponding to the correct answer.
",81.0
"John received a bill from the appliance store for the refrigerator, but no longer received a bill for the dishwasher, because he no longer owed money for the _ .",refrigerator,dishwasher,B,"Sentence:
""John received a bill from the appliance store for the refrigerator, but no longer received a bill for the dishwasher, because he no longer owed money for the _ .""

Options:
A. refrigerator
B. dishwasher

Reply with only the single capital letter (A or B) corresponding to the correct answer.
",88.0
I smelled the cookies and wondered if mom was making oatmeal or chocolate chip.  I smelled melted chocolate so I ran down to get the _ cookies.,oatmeal,chocolate chip,B,"Sentence:
""I smelled the cookies and wondered if mom was making oatmeal or chocolate chip.  I smelled melted chocolate so I ran down to get the _ cookies.""

Options:
A. oatmeal
B. chocolate chip

Reply with only the single capital letter (A or B) corresponding to the correct answer.
",87.0
Lindsey loved the flavor of garlic but Angela was less inclined to find it tasty. _ rarely ordered Italian food because of their disdain for garlic.,Lindsey,Angela,B,"Sentence:
""Lindsey loved the flavor of garlic but Angela was less inclined to find it tasty. _ rarely ordered Italian food because of their disdain for garlic.""

Options:
A. Lindsey
B. Angela

Reply with only the single capital letter (A or B) corresponding to the correct answer.
",80.0
The bristles of the paintbrush were made of horse hair and the bristles of the hairbrush were made of plastic. The _ had the natural bristles.,paintbrush,hairbrush,A,"Sentence:
""The bristles of the paintbrush were made of horse hair and the bristles of the hairbrush were made of plastic. The _ had the natural bristles.""

Options:
A. paintbrush
B. hairbrush

Reply with only the single capital letter (A or B) corresponding to the correct answer.
",82.0
"Ana's great dane needed several small, high quality meals daily, so she bought food without meat by-products in it. The _ promoted healthy growth.",high quality meals,meat by-products,A,"Sentence:
""Ana's great dane needed several small, high quality meals daily, so she bought food without meat by-products in it. The _ promoted healthy growth.""

Options:
A. high quality meals
B. meat by-products

Reply with only the single capital letter (A or B) corresponding to the correct answer.
",81.0
"Carl tripped into a puddle of water, got his pegged pants wet, needed some dry leggings, and decided on yoga pants. He took off the _ because they are wet.",pegged pants,yoga pants,A,"Sentence:
""Carl tripped into a puddle of water, got his pegged pants wet, needed some dry leggings, and decided on yoga pants. He took off the _ because they are wet.""

Options:
A. pegged pants
B. yoga pants

Reply with only the single capital letter (A or B) corresponding to the correct answer.
",93.0
The girl wanted to add an expensive superfood like acai powder instead of sugar to her smoothie. She was rich so she used the _ in the smoothie.,sugar,acai powder,B,"Sentence:
""The girl wanted to add an expensive superfood like acai powder instead of sugar to her smoothie. She was rich so she used the _ in the smoothie.""

Options:
A. sugar
B. acai powder

Reply with only the single capital letter (A or B) corresponding to the correct answer.
",80.0
"I cannot stand broccoli, so my wife tried frying it.  I liked it better crispy than soggy, so I ate the _ broccoli.",crispy,soggy,A,"Sentence:
""I cannot stand broccoli, so my wife tried frying it.  I liked it better crispy than soggy, so I ate the _ broccoli.""

Options:
A. crispy
B. soggy

Reply with only the single capital letter (A or B) corresponding to the correct answer.
",80.0
"For our 5:30 PM flight we took the 5 PM train, and were worried about time.  Fortunately, the _ was early, so we caught our airplane in time.",flight,train,B,"Sentence:
""For our 5:30 PM flight we took the 5 PM train, and were worried about time.  Fortunately, the _ was early, so we caught our airplane in time.""

Options:
A. flight
B. train

Reply with only the single capital letter (A or B) corresponding to the correct answer.
",82.0
"My date was at 5:00 and I needed to catch the train at 6:00, so there wasn't much time. Luckily, the _ was delayed, so it worked out.",date,train,B,"Sentence:
""My date was at 5:00 and I needed to catch the train at 6:00, so there wasn't much time. Luckily, the _ was delayed, so it worked out.""

Options:
A. date
B. train

Reply with only the single capital letter (A or B) corresponding to the correct answer.
",84.0
Amy got an app out and found out that Verizon was 10 miles away and Nike was 3 miles away. She traveled to _ second because it was farther.,Verizon,Nike,A,"Sentence:
""Amy got an app out and found out that Verizon was 10 miles away and Nike was 3 miles away. She traveled to _ second because it was farther.""

Options:
A. Verizon
B. Nike

Reply with only the single capital letter (A or B) corresponding to the correct answer.
",80.0
Amy had to travel today. Wells Fargo was a few miles away and Taco Bell was many miles away. She traveled to the _ second because it was farther.,Taco Bell,Wells Fargo,A,"Sentence:
""Amy had to travel today. Wells Fargo was a few miles away and Taco Bell was many miles away. She traveled to the _ second because it was farther.""

Options:
A. Taco Bell
B. Wells Fargo

Reply with only the single capital letter (A or B) corresponding to the correct answer.
",82.0
Darlene was making a casserole and decided to top it with tater tots instead of potato chips because her family had already had it with the _ before.,tater tots,potato chips,B,"Sentence:
""Darlene was making a casserole and decided to top it with tater tots instead of potato chips because her family had already had it with the _ before.""

Options:
A. tater tots
B. potato chips

Reply with only the single capital letter (A or B) corresponding to the correct answer.
",84.0
"Elena loves to read novels and doesn't like to watch movies while Rachel doesn't like to read and loves watching movies, so _ bought a new book to read.",Elena,Rachel,A,"Sentence:
""Elena loves to read novels and doesn't like to watch movies while Rachel doesn't like to read and loves watching movies, so _ bought a new book to read.""

Options:
A. Elena
B. Rachel

Reply with only the single capital letter (A or B) corresponding to the correct answer.
",83.0
"Megan challenged Natalie to a one-on-one game of cricket, but _ didn't know that cricket is a team sport you can't play one-on-one.",Megan,Natalie,A,"Sentence:
""Megan challenged Natalie to a one-on-one game of cricket, but _ didn't know that cricket is a team sport you can't play one-on-one.""

Options:
A. Megan
B. Natalie

Reply with only the single capital letter (A or B) corresponding to the correct answer.
",84.0
"Lawrence dries a big batch of berries in the food dehydrator while Justin bakes a cake, because _ doesn't know how to use the dehydrator.",Lawrence,Justin,B,"Sentence:
""Lawrence dries a big batch of berries in the food dehydrator while Justin bakes a cake, because _ doesn't know how to use the dehydrator.""

Options:
A. Lawrence
B. Justin

Reply with only the single capital letter (A or B) corresponding to the correct answer.
",82.0
We picked up surplus wood pallets for cheap. We wanted to re-purpose them as shelves or a tree house. The kids won and got the _ .,tree house,shelves,A,"Sentence:
""We picked up surplus wood pallets for cheap. We wanted to re-purpose them as shelves or a tree house. The kids won and got the _ .""

Options:
A. tree house
B. shelves

Reply with only the single capital letter (A or B) corresponding to the correct answer.
",80.0
"Sam was hot on the beach and saw an ice cream truck. Sam saw popsicles and slushies, but she chose the _ because it can be sucked.",popsicles,slushies,A,"Sentence:
""Sam was hot on the beach and saw an ice cream truck. Sam saw popsicles and slushies, but she chose the _ because it can be sucked.""

Options:
A. popsicles
B. slushies

Reply with only the single capital letter (A or B) corresponding to the correct answer.
",81.0
"My first flight arrives at 04:00 and my second flight is at 04:20, so there wasn't much time. Fortunately, the _ was late, so it worked out.",first flight,second flight,B,"Sentence:
""My first flight arrives at 04:00 and my second flight is at 04:20, so there wasn't much time. Fortunately, the _ was late, so it worked out.""

Options:
A. first flight
B. second flight

Reply with only the single capital letter (A or B) corresponding to the correct answer.
",88.0
"Throughout high school, Rebecca struggled to find a skincare regime that kept pimps at bay. Natalie recommended all natural products. _ was grateful for the recommendation.",Rebecca,Natalie,A,"Sentence:
""Throughout high school, Rebecca struggled to find a skincare regime that kept pimps at bay. Natalie recommended all natural products. _ was grateful for the recommendation.""

Options:
A. Rebecca
B. Natalie

Reply with only the single capital letter (A or B) corresponding to the correct answer.
",83.0
"The pool cue used by Emily at the billiards hall was covered with more chalk than the one used by Betty; consequently, _ was practically incompetent when breaking.",Emily,Betty,B,"Sentence:
""The pool cue used by Emily at the billiards hall was covered with more chalk than the one used by Betty; consequently, _ was practically incompetent when breaking.""

Options:
A. Emily
B. Betty

Reply with only the single capital letter (A or B) corresponding to the correct answer.
",81.0
"My real estate seminar started at 6:00 and I take the bus home at 7:00 so there wasn't much time.  Thankfully, the _ was delayed so I made it.",seminar,bus,B,"Sentence:
""My real estate seminar started at 6:00 and I take the bus home at 7:00 so there wasn't much time.  Thankfully, the _ was delayed so I made it.""

Options:
A. seminar
B. bus

Reply with only the single capital letter (A or B) corresponding to the correct answer.
",85.0
Patricia begged her grandmother Jennifer to let her in on the secret to her fried chicken recipe. _ was surprised to learn it was buttermilk in the batter.,Patricia,Jennifer,A,"Sentence:
""Patricia begged her grandmother Jennifer to let her in on the secret to her fried chicken recipe. _ was surprised to learn it was buttermilk in the batter.""

Options:
A. Patricia
B. Jennifer

Reply with only the single capital letter (A or B) corresponding to the correct answer.
",84.0
Cynthia thought leeks were a scrumptious veggie but Samantha detested them. _ ordered a bowl of matzah ball soup for lunch.,Cynthia,Samantha,B,"Sentence:
""Cynthia thought leeks were a scrumptious veggie but Samantha detested them. _ ordered a bowl of matzah ball soup for lunch.""

Options:
A. Cynthia
B. Samantha

Reply with only the single capital letter (A or B) corresponding to the correct answer.
",82.0
"Gina spilt wine on her skinny pants, they were permanently stained, and decided to wear chinos for leggings. She threw away the _ because they were stained.",skinny pants,chinos,A,"Sentence:
""Gina spilt wine on her skinny pants, they were permanently stained, and decided to wear chinos for leggings. She threw away the _ because they were stained.""

Options:
A. skinny pants
B. chinos

Reply with only the single capital letter (A or B) corresponding to the correct answer.
",84.0
"Felicia was stricken with anosmia and couldn't smell a thing, but Kayla had a remarkable sense of smell. _ didn't notice when the skunk walked by.",Felicia,Kayla,A,"Sentence:
""Felicia was stricken with anosmia and couldn't smell a thing, but Kayla had a remarkable sense of smell. _ didn't notice when the skunk walked by.""

Options:
A. Felicia
B. Kayla

Reply with only the single capital letter (A or B) corresponding to the correct answer.
",83.0
"Kenneth dips his chicken into a prepared brine, which differs from Steven's brining strategy involves massaging salt and seasoning into his chicken. _ uses the dry brining method.",Kenneth,Steven,B,"Sentence:
""Kenneth dips his chicken into a prepared brine, which differs from Steven's brining strategy involves massaging salt and seasoning into his chicken. _ uses the dry brining method.""

Options:
A. Kenneth
B. Steven

Reply with only the single capital letter (A or B) corresponding to the correct answer.
",83.0
"The magician's tricks were enjoyable. I prefer the vanishing lady rather than the disappearing rabbit, because the _  was old-fashioned.",disappearing rabbit,vanishing lady,A,"Sentence:
""The magician's tricks were enjoyable. I prefer the vanishing lady rather than the disappearing rabbit, because the _  was old-fashioned.""

Options:
A. disappearing rabbit
B. vanishing lady

Reply with only the single capital letter (A or B) corresponding to the correct answer.
",80.0
"My business meeting started at 9:00 and I needed to be home at 10:00 for an appointment, so there wasn't much time. The _ was behind, so it worked out.",meeting,appointment,B,"Sentence:
""My business meeting started at 9:00 and I needed to be home at 10:00 for an appointment, so there wasn't much time. The _ was behind, so it worked out.""

Options:
A. meeting
B. appointment

Reply with only the single capital letter (A or B) corresponding to the correct answer.
",84.0
"Mary can choose between her flip flops and her high heels for tonight's dinner. Since the invitation called for formal attire, she should opt for the _ .",flip flops,high heels,B,"Sentence:
""Mary can choose between her flip flops and her high heels for tonight's dinner. Since the invitation called for formal attire, she should opt for the _ .""

Options:
A. flip flops
B. high heels

Reply with only the single capital letter (A or B) corresponding to the correct answer.
",84.0
"Cigarette smoke always gave Sam breathing trouble, so she never forgot her inhaler wherever she went. When her mother smoked the _ she couldn't breathe.",cigarette,inhaler,A,"Sentence:
""Cigarette smoke always gave Sam breathing trouble, so she never forgot her inhaler wherever she went. When her mother smoked the _ she couldn't breathe.""

Options:
A. cigarette
B. inhaler

Reply with only the single capital letter (A or B) corresponding to the correct answer.
",82.0
The couple couldn't decide whether to get a new refrigerator or new laundry machine. They went with the former because their old _ was dilapidated.,refrigerator,laundry machine,A,"Sentence:
""The couple couldn't decide whether to get a new refrigerator or new laundry machine. They went with the former because their old _ was dilapidated.""

Options:
A. refrigerator
B. laundry machine

Reply with only the single capital letter (A or B) corresponding to the correct answer.
",82.0
"I had to be at a work function at 8:00 and I needed to catch the bus at 7:30, so there wasn't much time. Luckily, the _ was early.",function,bus,B,"Sentence:
""I had to be at a work function at 8:00 and I needed to catch the bus at 7:30, so there wasn't much time. Luckily, the _ was early.""

Options:
A. function
B. bus

Reply with only the single capital letter (A or B) corresponding to the correct answer.
",84.0
Jennifer offered to teach her friend Natalie how to crochet a scarf for her mother's birthday. _ was proud to see the results of her tutoring.,Jennifer,Natalie,A,"Sentence:
""Jennifer offered to teach her friend Natalie how to crochet a scarf for her mother's birthday. _ was proud to see the results of her tutoring.""

Options:
A. Jennifer
B. Natalie

Reply with only the single capital letter (A or B) corresponding to the correct answer.
",80.0
"For our 5:30 PM flight we took the 5 PM train, and were worried about time.  Fortunately, the _ was delayed, so we caught our airplane in time.",flight,train,A,"Sentence:
""For our 5:30 PM flight we took the 5 PM train, and were worried about time.  Fortunately, the _ was delayed, so we caught our airplane in time.""

Options:
A. flight
B. train

Reply with only the single capital letter (A or B) corresponding to the correct answer.
",82.0
"The heat of the house was getting to him, so Mitch stopped playing with toy trucks and instead went to play with dolls on a bench. The _ were outside.",dolls,toy trucks,A,"Sentence:
""The heat of the house was getting to him, so Mitch stopped playing with toy trucks and instead went to play with dolls on a bench. The _ were outside.""

Options:
A. dolls
B. toy trucks

Reply with only the single capital letter (A or B) corresponding to the correct answer.
",82.0
"Donald really didn't care for cleaning up their room, but Nick was a bit OCD and was compelled to straighten up. _ hired a psychiatrist to help them out.",Donald,Nick,B,"Sentence:
""Donald really didn't care for cleaning up their room, but Nick was a bit OCD and was compelled to straighten up. _ hired a psychiatrist to help them out.""

Options:
A. Donald
B. Nick

Reply with only the single capital letter (A or B) corresponding to the correct answer.
",80.0
"When shopping for flowers, he wanted to buy bluebonnets and marigolds for his garden bed, but could only find marigolds, as the _ were plentiful in his area.",bluebonnets,marigolds,B,"Sentence:
""When shopping for flowers, he wanted to buy bluebonnets and marigolds for his garden bed, but could only find marigolds, as the _ were plentiful in his area.""

Options:
A. bluebonnets
B. marigolds

Reply with only the single capital letter (A or B) corresponding to the correct answer.
",86.0
"Angela's dog got sick from licking up antifreeze, but Jessica's dog did not because _ remembered to use a pan when they emptied the radiator.",Angela,Jessica,B,"Sentence:
""Angela's dog got sick from licking up antifreeze, but Jessica's dog did not because _ remembered to use a pan when they emptied the radiator.""

Options:
A. Angela
B. Jessica

Reply with only the single capital letter (A or B) corresponding to the correct answer.
",82.0
"The clock on Jessica's phone was always a few minutes behind Elena's phone, as _  tended to arrive at their work office fifteen minutes early on weekday mornings.",Jessica,Elena,B,"Sentence:
""The clock on Jessica's phone was always a few minutes behind Elena's phone, as _  tended to arrive at their work office fifteen minutes early on weekday mornings.""

Options:
A. Jessica
B. Elena

Reply with only the single capital letter (A or B) corresponding to the correct answer.
",82.0
"Menopause has its downsides, but you save money despite having to take medicine because you no longer have to buy menstrual products, and the _ end up being cheaper. .",medicine,menstrual products,A,"Sentence:
""Menopause has its downsides, but you save money despite having to take medicine because you no longer have to buy menstrual products, and the _ end up being cheaper. .""

Options:
A. medicine
B. menstrual products

Reply with only the single capital letter (A or B) corresponding to the correct answer.
",83.0
"I had to be at a work function at 8:00 and I needed to catch the bus at 7:30, so there wasn't much time. Luckily, the _ started late.",function,bus,A,"Sentence:
""I had to be at a work function at 8:00 and I needed to catch the bus at 7:30, so there wasn't much time. Luckily, the _ started late.""

Options:
A. function
B. bus

Reply with only the single capital letter (A or B) corresponding to the correct answer.
",84.0
Amy got an app out and found out that Verizon was 10 miles away and Nike was 3 miles away. She traveled to _ first because it was closer.,Verizon,Nike,B,"Sentence:
""Amy got an app out and found out that Verizon was 10 miles away and Nike was 3 miles away. She traveled to _ first because it was closer.""

Options:
A. Verizon
B. Nike

Reply with only the single capital letter (A or B) corresponding to the correct answer.
",80.0
Jamie heard that squash was a good vegetable but he didn't know some varieties are high in carbs. Eggplant is a good example of the _ .,squash,vegetable,B,"Sentence:
""Jamie heard that squash was a good vegetable but he didn't know some varieties are high in carbs. Eggplant is a good example of the _ .""

Options:
A. squash
B. vegetable

Reply with only the single capital letter (A or B) corresponding to the correct answer.
",80.0
"Due to his digestive intolerance, he cut fruit out of his diet and ate grain, since the _ was aggravating to his intestines.",fruit,grain,A,"Sentence:
""Due to his digestive intolerance, he cut fruit out of his diet and ate grain, since the _ was aggravating to his intestines.""

Options:
A. fruit
B. grain

Reply with only the single capital letter (A or B) corresponding to the correct answer.
",80.0
We picked up surplus wood pallets for cheap. We wanted to re-purpose them as shelves or a tree house. Necessity won and we built the _ .,tree house,shelves,B,"Sentence:
""We picked up surplus wood pallets for cheap. We wanted to re-purpose them as shelves or a tree house. Necessity won and we built the _ .""

Options:
A. tree house
B. shelves

Reply with only the single capital letter (A or B) corresponding to the correct answer.
",82.0
Jane needed either a 15-year or 30-year mortgage for a house she wanted to buy. The _ was too short.,15-year,30-year,A,"Sentence:
""Jane needed either a 15-year or 30-year mortgage for a house she wanted to buy. The _ was too short.""

Options:
A. 15-year
B. 30-year

Reply with only the single capital letter (A or B) corresponding to the correct answer.
",80.0
"Martha and Mary, who lived far away from each other, sent each other oranges and cherries from their gardens. Because Mary lived in Washington state, she grew the _ .",oranges,cherries,B,"Sentence:
""Martha and Mary, who lived far away from each other, sent each other oranges and cherries from their gardens. Because Mary lived in Washington state, she grew the _ .""

Options:
A. oranges
B. cherries

Reply with only the single capital letter (A or B) corresponding to the correct answer.
",80.0
"We're doing survival training in the woods this weekend and I'm definitely going to take my pocketknife, but maybe not my lighter because the _ is more useful.",pocketknife,lighter,A,"Sentence:
""We're doing survival training in the woods this weekend and I'm definitely going to take my pocketknife, but maybe not my lighter because the _ is more useful.""

Options:
A. pocketknife
B. lighter

Reply with only the single capital letter (A or B) corresponding to the correct answer.
",81.0
"While shopping at the department store and looking for fragrances, Alexandria decided on the vanilla but not the peppermint because the _ was out of place.",vanilla,peppermint,B,"Sentence:
""While shopping at the department store and looking for fragrances, Alexandria decided on the vanilla but not the peppermint because the _ was out of place.""

Options:
A. vanilla
B. peppermint

Reply with only the single capital letter (A or B) corresponding to the correct answer.
",80.0
My wife and kids are coughing so my choices are the bed or couch. I don't really have concern I'll get sick so I'll take the _ .,couch,bed,B,"Sentence:
""My wife and kids are coughing so my choices are the bed or couch. I don't really have concern I'll get sick so I'll take the _ .""

Options:
A. couch
B. bed

Reply with only the single capital letter (A or B) corresponding to the correct answer.
",80.0
"Everybody loved the vodka cocktail that Emily made at the party, while no one liked Erin's cocktail, because _ had no experience as a bar tender.",Emily,Erin,B,"Sentence:
""Everybody loved the vodka cocktail that Emily made at the party, while no one liked Erin's cocktail, because _ had no experience as a bar tender.""

Options:
A. Emily
B. Erin

Reply with only the single capital letter (A or B) corresponding to the correct answer.
",81.0
"They wanted that apartment in the city centre but bought a small apartment in the downtown instead, because the _ is less expensive.",apartment in the city centre,small apartment in the downtown,B,"Sentence:
""They wanted that apartment in the city centre but bought a small apartment in the downtown instead, because the _ is less expensive.""

Options:
A. apartment in the city centre
B. small apartment in the downtown

Reply with only the single capital letter (A or B) corresponding to the correct answer.
",80.0
Cynthia loved lounging on the deck in the morning while Kayla preferred to lounge in the evening. _ decided to watch the sunset for a change.,Cynthia,Kayla,A,"Sentence:
""Cynthia loved lounging on the deck in the morning while Kayla preferred to lounge in the evening. _ decided to watch the sunset for a change.""

Options:
A. Cynthia
B. Kayla

Reply with only the single capital letter (A or B) corresponding to the correct answer.
",81.0
"Throughout high school, Rebecca struggled to find a skincare regime that kept pimps at bay. Natalie recommended all natural products. _ felt good for giving the recommendation.",Rebecca,Natalie,B,"Sentence:
""Throughout high school, Rebecca struggled to find a skincare regime that kept pimps at bay. Natalie recommended all natural products. _ felt good for giving the recommendation.""

Options:
A. Rebecca
B. Natalie

Reply with only the single capital letter (A or B) corresponding to the correct answer.
",84.0
"At the women's aisle, Ursula ponders whether she should buy pads or tampons, and eventually picks the _ because they're less conspicuous.",tampons,pads,A,"Sentence:
""At the women's aisle, Ursula ponders whether she should buy pads or tampons, and eventually picks the _ because they're less conspicuous.""

Options:
A. tampons
B. pads

Reply with only the single capital letter (A or B) corresponding to the correct answer.
",81.0
"The magician's tricks were enjoyable. I prefer the vanishing lady rather than the disappearing rabbit, because the _  was up-to-date.",disappearing rabbit,vanishing lady,B,"Sentence:
""The magician's tricks were enjoyable. I prefer the vanishing lady rather than the disappearing rabbit, because the _  was up-to-date.""

Options:
A. disappearing rabbit
B. vanishing lady

Reply with only the single capital letter (A or B) corresponding to the correct answer.
",80.0
"Since Kayla had an interest in biotechnology, her school counselor Emily recommended she major in biology in college. _ applied to several colleges with good biology programs.",Kayla,Emily,A,"Sentence:
""Since Kayla had an interest in biotechnology, her school counselor Emily recommended she major in biology in college. _ applied to several colleges with good biology programs.""

Options:
A. Kayla
B. Emily

Reply with only the single capital letter (A or B) corresponding to the correct answer.
",81.0
Cynthia thought leeks were a scrumptious veggie but Samantha detested them. _ ordered a bowl of potato leek soup for lunch.,Cynthia,Samantha,A,"Sentence:
""Cynthia thought leeks were a scrumptious veggie but Samantha detested them. _ ordered a bowl of potato leek soup for lunch.""

Options:
A. Cynthia
B. Samantha

Reply with only the single capital letter (A or B) corresponding to the correct answer.
",82.0
"Patricia's habit of tanning frequently in a tanning bed contrasts with Erin's habit of spray tanning, so _ is at a lower risk of skin cancer.",Patricia,Erin,B,"Sentence:
""Patricia's habit of tanning frequently in a tanning bed contrasts with Erin's habit of spray tanning, so _ is at a lower risk of skin cancer.""

Options:
A. Patricia
B. Erin

Reply with only the single capital letter (A or B) corresponding to the correct answer.
",82.0
"Felicia was able to grow beautiful multi-colored lilies in the backyard without a problem, but Sarah struggled to get anything to grow, because _ had a greenthumb.",Felicia,Sarah,A,"Sentence:
""Felicia was able to grow beautiful multi-colored lilies in the backyard without a problem, but Sarah struggled to get anything to grow, because _ had a greenthumb.""

Options:
A. Felicia
B. Sarah

Reply with only the single capital letter (A or B) corresponding to the correct answer.
",81.0
"Elena couldn't figure out why her swamp hibiscus weren't thriving, so she hired a gardener Laura to help. _ was upset when told she accidentally planted them in dry soil.",Elena,Laura,A,"Sentence:
""Elena couldn't figure out why her swamp hibiscus weren't thriving, so she hired a gardener Laura to help. _ was upset when told she accidentally planted them in dry soil.""

Options:
A. Elena
B. Laura

Reply with only the single capital letter (A or B) corresponding to the correct answer.
",90.0
"For two months Lindsey was on a diet while Carrie ate fast food. Afterwards, when they weighed themselves _ was remorseful to see a 10 pounds gain.",Lindsey,Carrie,B,"Sentence:
""For two months Lindsey was on a diet while Carrie ate fast food. Afterwards, when they weighed themselves _ was remorseful to see a 10 pounds gain.""

Options:
A. Lindsey
B. Carrie

Reply with only the single capital letter (A or B) corresponding to the correct answer.
",82.0
"The old punching bag couldn't take more abuse before the gym would need to put a new chain on it, when boxers knocked it off the _ .",punching bag,chain,B,"Sentence:
""The old punching bag couldn't take more abuse before the gym would need to put a new chain on it, when boxers knocked it off the _ .""

Options:
A. punching bag
B. chain

Reply with only the single capital letter (A or B) corresponding to the correct answer.
",80.0
"The psychic medium's house spooked Randy with all the statues of angels while Joseph smiled quietly at them, because angels reminded _ of sleeping babies.",Randy,Joseph,B,"Sentence:
""The psychic medium's house spooked Randy with all the statues of angels while Joseph smiled quietly at them, because angels reminded _ of sleeping babies.""

Options:
A. Randy
B. Joseph

Reply with only the single capital letter (A or B) corresponding to the correct answer.
",81.0
"The chinchilla was diagnosed with respiratory disease, so the vet prescribed it medicine and homeopathic treatment. The _ worked well since it was backed by science.",medicine,homeopathic treatment,A,"Sentence:
""The chinchilla was diagnosed with respiratory disease, so the vet prescribed it medicine and homeopathic treatment. The _ worked well since it was backed by science.""

Options:
A. medicine
B. homeopathic treatment

Reply with only the single capital letter (A or B) corresponding to the correct answer.
",83.0
"The party is at 7:00 and I need to catch the train at 9:30, so there isn't much time. Luckily, the _ was late, so it worked out.",party,train,B,"Sentence:
""The party is at 7:00 and I need to catch the train at 9:30, so there isn't much time. Luckily, the _ was late, so it worked out.""

Options:
A. party
B. train

Reply with only the single capital letter (A or B) corresponding to the correct answer.
",84.0
Jim knew he should put gum in a trashcan but sometimes it fell on the floor. The _ was sticky and he didn't want to touch it to open it.,gum,trashcan,B,"Sentence:
""Jim knew he should put gum in a trashcan but sometimes it fell on the floor. The _ was sticky and he didn't want to touch it to open it.""

Options:
A. gum
B. trashcan

Reply with only the single capital letter (A or B) corresponding to the correct answer.
",81.0
Sally knew not to ask the doctor for antibiotics when her illness was caused by a virus rather than bacteria. The _ wouldn't respond to antibiotics.,virus,bacteria,A,"Sentence:
""Sally knew not to ask the doctor for antibiotics when her illness was caused by a virus rather than bacteria. The _ wouldn't respond to antibiotics.""

Options:
A. virus
B. bacteria

Reply with only the single capital letter (A or B) corresponding to the correct answer.
",81.0
Sally knew not to ask the doctor for antibiotics when her illness was caused by a virus rather than bacteria. Only the _ would respond to antibiotics.,virus,bacteria,B,"Sentence:
""Sally knew not to ask the doctor for antibiotics when her illness was caused by a virus rather than bacteria. Only the _ would respond to antibiotics.""

Options:
A. virus
B. bacteria

Reply with only the single capital letter (A or B) corresponding to the correct answer.
",80.0
"I couldn't decide what jewelry to wear, should I go with the emerald or sapphire?  My outfit was blue, so I chose the _ .",sapphire,emerald,A,"Sentence:
""I couldn't decide what jewelry to wear, should I go with the emerald or sapphire?  My outfit was blue, so I chose the _ .""

Options:
A. sapphire
B. emerald

Reply with only the single capital letter (A or B) corresponding to the correct answer.
",81.0
"Megan challenged Natalie to a one-on-one game of cricket, but _ explained that cricket is a team sport you can't play one-on-one.",Megan,Natalie,B,"Sentence:
""Megan challenged Natalie to a one-on-one game of cricket, but _ explained that cricket is a team sport you can't play one-on-one.""

Options:
A. Megan
B. Natalie

Reply with only the single capital letter (A or B) corresponding to the correct answer.
",81.0
"Frank needed clean leggings to wear after tripping in mud and getting his straight pants dirty, so he decided on capris. He took off the _ because they were dirty.",straight pants,capris,A,"Sentence:
""Frank needed clean leggings to wear after tripping in mud and getting his straight pants dirty, so he decided on capris. He took off the _ because they were dirty.""

Options:
A. straight pants
B. capris

Reply with only the single capital letter (A or B) corresponding to the correct answer.
",81.0
"Felicia's textbooks included information about amino acids, while Samantha's textbooks included information about building bridges, because _ was a civil engineering major.",Felicia,Samantha,B,"Sentence:
""Felicia's textbooks included information about amino acids, while Samantha's textbooks included information about building bridges, because _ was a civil engineering major.""

Options:
A. Felicia
B. Samantha

Reply with only the single capital letter (A or B) corresponding to the correct answer.
",80.0
"Frank needed clean leggings to wear after tripping in mud and getting his straight pants dirty, so he decided on capris. He put on the _ because they were clean.",straight pants,capris,B,"Sentence:
""Frank needed clean leggings to wear after tripping in mud and getting his straight pants dirty, so he decided on capris. He put on the _ because they were clean.""

Options:
A. straight pants
B. capris

Reply with only the single capital letter (A or B) corresponding to the correct answer.
",81.0
"As Elena got out of the shower, she did not expect her roommate Cynthia to be in the bathroom, but _ got her a bathrobe to wear.",Elena,Cynthia,B,"Sentence:
""As Elena got out of the shower, she did not expect her roommate Cynthia to be in the bathroom, but _ got her a bathrobe to wear.""

Options:
A. Elena
B. Cynthia

Reply with only the single capital letter (A or B) corresponding to the correct answer.
",83.0
"My interview started at 6:00 and I needed to catch the airplane at 6:30, so there wasn't much time. Luckily, the _ was delayed, so it worked out.",interview,airplane,B,"Sentence:
""My interview started at 6:00 and I needed to catch the airplane at 6:30, so there wasn't much time. Luckily, the _ was delayed, so it worked out.""

Options:
A. interview
B. airplane

Reply with only the single capital letter (A or B) corresponding to the correct answer.
",86.0
"Steamed rice is much healthier, so Emily insisted theyorder that instead of fried rice, even though Carrie disliked it. _ was happy to eat the steamed rice when it arrived.",Emily,Carrie,A,"Sentence:
""Steamed rice is much healthier, so Emily insisted theyorder that instead of fried rice, even though Carrie disliked it. _ was happy to eat the steamed rice when it arrived.""

Options:
A. Emily
B. Carrie

Reply with only the single capital letter (A or B) corresponding to the correct answer.
",85.0
"Gina spilt wine on her bush pants, they were permanently stained, and decided to wear chinos for leggings. She threw away the _ because they were stained.",bush pants,chinos,A,"Sentence:
""Gina spilt wine on her bush pants, they were permanently stained, and decided to wear chinos for leggings. She threw away the _ because they were stained.""

Options:
A. bush pants
B. chinos

Reply with only the single capital letter (A or B) corresponding to the correct answer.
",82.0
"Pauline decided to wear the plain red t-shirt and not the tank with the bloody eyeball on it, because she felt the _ would contrast with the norm.",tank,t-shirt,A,"Sentence:
""Pauline decided to wear the plain red t-shirt and not the tank with the bloody eyeball on it, because she felt the _ would contrast with the norm.""

Options:
A. tank
B. t-shirt

Reply with only the single capital letter (A or B) corresponding to the correct answer.
",80.0
"Sarah (an adopted child) and Jessica (a foster child) lost their parents in unexpected car wrecks, and _ lost their parents wealth since they were an foster child.",Sarah,Jessica,B,"Sentence:
""Sarah (an adopted child) and Jessica (a foster child) lost their parents in unexpected car wrecks, and _ lost their parents wealth since they were an foster child.""

Options:
A. Sarah
B. Jessica

Reply with only the single capital letter (A or B) corresponding to the correct answer.
",81.0
"Jen tried to get rid of her baby's cradle cap with dandruff shampoo and a soft brush, and the _ helped loosen the dry skin.",brush,shampoo,A,"Sentence:
""Jen tried to get rid of her baby's cradle cap with dandruff shampoo and a soft brush, and the _ helped loosen the dry skin.""

Options:
A. brush
B. shampoo

Reply with only the single capital letter (A or B) corresponding to the correct answer.
",83.0
Jesse bought a waistcoat and boots  so he could dress like a pirate for Halloween. The buckles on the _ came undone and it fell off.,waistcoat,boots,A,"Sentence:
""Jesse bought a waistcoat and boots  so he could dress like a pirate for Halloween. The buckles on the _ came undone and it fell off.""

Options:
A. waistcoat
B. boots

Reply with only the single capital letter (A or B) corresponding to the correct answer.
",83.0
Airbnb was ideal for Amy but Cynthia liked staying in hotel better than homes. _ booked a room in a downtown loft for their vacation.,Amy,Cynthia,A,"Sentence:
""Airbnb was ideal for Amy but Cynthia liked staying in hotel better than homes. _ booked a room in a downtown loft for their vacation.""

Options:
A. Amy
B. Cynthia

Reply with only the single capital letter (A or B) corresponding to the correct answer.
",81.0
"The mature forsythia in Natalie's yard was growing out of control, so she hired a gardener, Mary, to fix it. _ gladly pruned the forsythia until it looked nice.",Natalie,Mary,B,"Sentence:
""The mature forsythia in Natalie's yard was growing out of control, so she hired a gardener, Mary, to fix it. _ gladly pruned the forsythia until it looked nice.""

Options:
A. Natalie
B. Mary

Reply with only the single capital letter (A or B) corresponding to the correct answer.
",89.0
"Brushing the ragamuffin cat was Lindsey's favorite thing to do at the cat cafe, but not Rebecca, because _ treasured the ragamuffin cat breed.",Lindsey,Rebecca,A,"Sentence:
""Brushing the ragamuffin cat was Lindsey's favorite thing to do at the cat cafe, but not Rebecca, because _ treasured the ragamuffin cat breed.""

Options:
A. Lindsey
B. Rebecca

Reply with only the single capital letter (A or B) corresponding to the correct answer.
",85.0
Darlene was making a casserole and decided to top it with tater tots instead of potato chips because her family had never had it with the _ before.,tater tots,potato chips,A,"Sentence:
""Darlene was making a casserole and decided to top it with tater tots instead of potato chips because her family had never had it with the _ before.""

Options:
A. tater tots
B. potato chips

Reply with only the single capital letter (A or B) corresponding to the correct answer.
",84.0
"Although he was 50, James wanted to go skiing with his boyfriend but he wasn't very fit. They chose surfing instead because the _ was easier.",surfing,skiing,A,"Sentence:
""Although he was 50, James wanted to go skiing with his boyfriend but he wasn't very fit. They chose surfing instead because the _ was easier.""

Options:
A. surfing
B. skiing

Reply with only the single capital letter (A or B) corresponding to the correct answer.
",80.0
"Mary can choose between her flip flops and her high heels for tonight's dinner. Since the invitation called for formal attire, she should avoid the _ .",flip flops,high heels,A,"Sentence:
""Mary can choose between her flip flops and her high heels for tonight's dinner. Since the invitation called for formal attire, she should avoid the _ .""

Options:
A. flip flops
B. high heels

Reply with only the single capital letter (A or B) corresponding to the correct answer.
",83.0
I like the task of the washing of dishes more than the task of the moping of floors because the _ is boring to me.,moping of floors,washing of dishes,A,"Sentence:
""I like the task of the washing of dishes more than the task of the moping of floors because the _ is boring to me.""

Options:
A. moping of floors
B. washing of dishes

Reply with only the single capital letter (A or B) corresponding to the correct answer.
",80.0
John preferred to use white sauce rather than marinara sauce on his pasta because he did not like tomatoes and the _ tastes less like tomatoes.,marinara sauce,white sauce,B,"Sentence:
""John preferred to use white sauce rather than marinara sauce on his pasta because he did not like tomatoes and the _ tastes less like tomatoes.""

Options:
A. marinara sauce
B. white sauce

Reply with only the single capital letter (A or B) corresponding to the correct answer.
",81.0
Jen went to the store to get shampoo and toothpaste. She chose to use the _ as soon as she got home because she loved her mouth feeling clean.,toothpaste,shampoo,A,"Sentence:
""Jen went to the store to get shampoo and toothpaste. She chose to use the _ as soon as she got home because she loved her mouth feeling clean.""

Options:
A. toothpaste
B. shampoo

Reply with only the single capital letter (A or B) corresponding to the correct answer.
",81.0
"After her vacation in Tahiti, instead of using moisturizer, Angela used butter to treat her dry skin because the _ was nowhere to be found.",moisturizer,butter,A,"Sentence:
""After her vacation in Tahiti, instead of using moisturizer, Angela used butter to treat her dry skin because the _ was nowhere to be found.""

Options:
A. moisturizer
B. butter

Reply with only the single capital letter (A or B) corresponding to the correct answer.
",80.0
"At yoga class Patricia directed everyone in class, including Megan, to stretch their inner thighs. _ was an inexperienced yoga student so  couldn't reach  toes.",Patricia,Megan,B,"Sentence:
""At yoga class Patricia directed everyone in class, including Megan, to stretch their inner thighs. _ was an inexperienced yoga student so  couldn't reach  toes.""

Options:
A. Patricia
B. Megan

Reply with only the single capital letter (A or B) corresponding to the correct answer.
",87.0
"Bob's practice started at 6:00 and I needed to catch a ride home at 7:00, so there wasn't a lot of time. The _ was short, so it worked out.",practice,ride,A,"Sentence:
""Bob's practice started at 6:00 and I needed to catch a ride home at 7:00, so there wasn't a lot of time. The _ was short, so it worked out.""

Options:
A. practice
B. ride

Reply with only the single capital letter (A or B) corresponding to the correct answer.
",85.0
Sally was cooking stew but she wasn't sure what type of steak to buy. The _ would cook in the oven for a long time to make the meat soft.,stew,steak,A,"Sentence:
""Sally was cooking stew but she wasn't sure what type of steak to buy. The _ would cook in the oven for a long time to make the meat soft.""

Options:
A. stew
B. steak

Reply with only the single capital letter (A or B) corresponding to the correct answer.
",80.0
"Kim used a sans-serif font in the letter to her boyfriend, but a serif font in an email to her boss, because she felt the _ was harder to read..",sans-serif font,serif font,A,"Sentence:
""Kim used a sans-serif font in the letter to her boyfriend, but a serif font in an email to her boss, because she felt the _ was harder to read..""

Options:
A. sans-serif font
B. serif font

Reply with only the single capital letter (A or B) corresponding to the correct answer.
",86.0
He had a choice between a Cadillac with high top speed or a slower Audi with all-wheel drive. He chose the _ because the track was curvy and muddy.,Cadillac,Audi,B,"Sentence:
""He had a choice between a Cadillac with high top speed or a slower Audi with all-wheel drive. He chose the _ because the track was curvy and muddy.""

Options:
A. Cadillac
B. Audi

Reply with only the single capital letter (A or B) corresponding to the correct answer.
",81.0
Patricia made a peanut butter and honey sandwich for her daughter Emily's lunch. _ sang happily to herself as she ate the sandwich.,Patricia,Emily,B,"Sentence:
""Patricia made a peanut butter and honey sandwich for her daughter Emily's lunch. _ sang happily to herself as she ate the sandwich.""

Options:
A. Patricia
B. Emily

Reply with only the single capital letter (A or B) corresponding to the correct answer.
",81.0
Jen went to the store to get shampoo and toothpaste. She chose to use the _ as soon as she got home because she loved her mouth feeling dirty.,toothpaste,shampoo,B,"Sentence:
""Jen went to the store to get shampoo and toothpaste. She chose to use the _ as soon as she got home because she loved her mouth feeling dirty.""

Options:
A. toothpaste
B. shampoo

Reply with only the single capital letter (A or B) corresponding to the correct answer.
",81.0
"As he walked through the open door, he immediately saw the cake on the counter but not the puddle on the floor, because the _ was inconspicuous.",puddle,cake,A,"Sentence:
""As he walked through the open door, he immediately saw the cake on the counter but not the puddle on the floor, because the _ was inconspicuous.""

Options:
A. puddle
B. cake

Reply with only the single capital letter (A or B) corresponding to the correct answer.
",80.0
"Sarah (an adopted child) and Jessica (a foster child) lost their parents in unexpected car wrecks, and _ inherited their parents wealth since they were an adopted child.",Sarah,Jessica,A,"Sentence:
""Sarah (an adopted child) and Jessica (a foster child) lost their parents in unexpected car wrecks, and _ inherited their parents wealth since they were an adopted child.""

Options:
A. Sarah
B. Jessica

Reply with only the single capital letter (A or B) corresponding to the correct answer.
",80.0
"My work training started at 9:00 and I needed to catch the bus at 12:30, so time is tight. Luckily, the _ was short, so I managed.",training,bus,A,"Sentence:
""My work training started at 9:00 and I needed to catch the bus at 12:30, so time is tight. Luckily, the _ was short, so I managed.""

Options:
A. training
B. bus

Reply with only the single capital letter (A or B) corresponding to the correct answer.
",82.0
"When she drove, Angela's motion sickness was nonexistent, but Rebecca disliked being a passenger all the time. _ wished she could be a passenger sometimes.",Angela,Rebecca,A,"Sentence:
""When she drove, Angela's motion sickness was nonexistent, but Rebecca disliked being a passenger all the time. _ wished she could be a passenger sometimes.""

Options:
A. Angela
B. Rebecca

Reply with only the single capital letter (A or B) corresponding to the correct answer.
",81.0
"Martha and Mary, who lived far away from each other, sent each other oranges and cherries from their gardens. Because Martha lived in Florida, she grew the _ .",oranges,cherries,A,"Sentence:
""Martha and Mary, who lived far away from each other, sent each other oranges and cherries from their gardens. Because Martha lived in Florida, she grew the _ .""

Options:
A. oranges
B. cherries

Reply with only the single capital letter (A or B) corresponding to the correct answer.
",80.0
"Cynthia went through her dresser looking for a sweater; when she couldn't find one, Rebecca lent her one. _ was appreciative.",Cynthia,Rebecca,A,"Sentence:
""Cynthia went through her dresser looking for a sweater; when she couldn't find one, Rebecca lent her one. _ was appreciative.""

Options:
A. Cynthia
B. Rebecca

Reply with only the single capital letter (A or B) corresponding to the correct answer.
",80.0
"Sarah's boyfriend decided to cut his hair in either a mohawk or a pompadour. Sarah stated that the _ would suit him best, because it is smooth.",mohawk,pompadour,B,"Sentence:
""Sarah's boyfriend decided to cut his hair in either a mohawk or a pompadour. Sarah stated that the _ would suit him best, because it is smooth.""

Options:
A. mohawk
B. pompadour

Reply with only the single capital letter (A or B) corresponding to the correct answer.
",82.0
Jean wanted pot roast for dinner and had carrots but didn't have any potatoes. She did have to make a trip to the grocery store for the _ .,carrots,potatoes,B,"Sentence:
""Jean wanted pot roast for dinner and had carrots but didn't have any potatoes. She did have to make a trip to the grocery store for the _ .""

Options:
A. carrots
B. potatoes

Reply with only the single capital letter (A or B) corresponding to the correct answer.
",81.0
"Baking lasagna is a favorite hobby of Rob, but he doesn't like making mac and cheese. The _ is one of his most-liked dishes.",lasagna,mac and cheese,A,"Sentence:
""Baking lasagna is a favorite hobby of Rob, but he doesn't like making mac and cheese. The _ is one of his most-liked dishes.""

Options:
A. lasagna
B. mac and cheese

Reply with only the single capital letter (A or B) corresponding to the correct answer.
",81.0
"Discovering aphids on her roses, Anna found some benign dish soap and some toxic insecticide, and she chose the _ because the environment must be considered.",insecticide,soap,B,"Sentence:
""Discovering aphids on her roses, Anna found some benign dish soap and some toxic insecticide, and she chose the _ because the environment must be considered.""

Options:
A. insecticide
B. soap

Reply with only the single capital letter (A or B) corresponding to the correct answer.
",80.0
"When Diva baked a chocolate souffle for the first time she put them in several small ramekins. Ultimately, the souffle failed because the _ sunk.",chocolate,ramekins,A,"Sentence:
""When Diva baked a chocolate souffle for the first time she put them in several small ramekins. Ultimately, the souffle failed because the _ sunk.""

Options:
A. chocolate
B. ramekins

Reply with only the single capital letter (A or B) corresponding to the correct answer.
",83.0
"To prevent the power from going off, the household had to turn off the dishwasher but kept on the dryer because the _ used a lot of electricity.",dishwasher,dryer,A,"Sentence:
""To prevent the power from going off, the household had to turn off the dishwasher but kept on the dryer because the _ used a lot of electricity.""

Options:
A. dishwasher
B. dryer

Reply with only the single capital letter (A or B) corresponding to the correct answer.
",80.0
"When it comes to footwear, Marcus loves his birkenstocks and his flip-flops, but the _ are considerably lighter.",birkenstocks,flip-flops,B,"Sentence:
""When it comes to footwear, Marcus loves his birkenstocks and his flip-flops, but the _ are considerably lighter.""

Options:
A. birkenstocks
B. flip-flops

Reply with only the single capital letter (A or B) corresponding to the correct answer.
",81.0
She wanted to exfoliate her face with cleanser but it had crushed walnut shells in it so she used a brush instead.  The _ was gentle on her skin.,cleanser,brush,B,"Sentence:
""She wanted to exfoliate her face with cleanser but it had crushed walnut shells in it so she used a brush instead.  The _ was gentle on her skin.""

Options:
A. cleanser
B. brush

Reply with only the single capital letter (A or B) corresponding to the correct answer.
",82.0
"When Betty wanted to organize her closet, instead of keeping things in cardboard boxes, she used plastic totes. The _ wouldn't last for a long time.",cardboard boxes,plastic totes,A,"Sentence:
""When Betty wanted to organize her closet, instead of keeping things in cardboard boxes, she used plastic totes. The _ wouldn't last for a long time.""

Options:
A. cardboard boxes
B. plastic totes

Reply with only the single capital letter (A or B) corresponding to the correct answer.
",81.0
"While shopping at the department store and looking for fragrances, Alexandria decided on the vanilla but not the peppermint because the _ was suited to her.",vanilla,peppermint,A,"Sentence:
""While shopping at the department store and looking for fragrances, Alexandria decided on the vanilla but not the peppermint because the _ was suited to her.""

Options:
A. vanilla
B. peppermint

Reply with only the single capital letter (A or B) corresponding to the correct answer.
",81.0
"I cannot stand broccoli, so my wife tried frying it.  I liked it better soggy than crispy, so I ate the _ broccoli.",crispy,soggy,B,"Sentence:
""I cannot stand broccoli, so my wife tried frying it.  I liked it better soggy than crispy, so I ate the _ broccoli.""

Options:
A. crispy
B. soggy

Reply with only the single capital letter (A or B) corresponding to the correct answer.
",80.0
"While dressing for the party, Salle Mae took off the pearl necklace and replaced it a chain necklace. The _ necklace was too fancy for this event.",pearl,chain,A,"Sentence:
""While dressing for the party, Salle Mae took off the pearl necklace and replaced it a chain necklace. The _ necklace was too fancy for this event.""

Options:
A. pearl
B. chain

Reply with only the single capital letter (A or B) corresponding to the correct answer.
",80.0
"I grabbed a pile of clothes from the basket that contained a T-shirt and a Sweater, since it was cold outside I put on the _ to wear.",Sweater,T-Shirt,A,"Sentence:
""I grabbed a pile of clothes from the basket that contained a T-shirt and a Sweater, since it was cold outside I put on the _ to wear.""

Options:
A. Sweater
B. T-Shirt

Reply with only the single capital letter (A or B) corresponding to the correct answer.
",82.0
"Robert had their lost loved one's ashes stored in an urn, but Lawrence had their lost love one buried. _ always had to drive to the graveyard to pay respects.",Robert,Lawrence,B,"Sentence:
""Robert had their lost loved one's ashes stored in an urn, but Lawrence had their lost love one buried. _ always had to drive to the graveyard to pay respects.""

Options:
A. Robert
B. Lawrence

Reply with only the single capital letter (A or B) corresponding to the correct answer.
",80.0
"Brushing the ragamuffin cat was Lindsey's favorite thing to do at the cat cafe, but not Rebecca, because _ disliked the ragamuffin cat breed.",Lindsey,Rebecca,B,"Sentence:
""Brushing the ragamuffin cat was Lindsey's favorite thing to do at the cat cafe, but not Rebecca, because _ disliked the ragamuffin cat breed.""

Options:
A. Lindsey
B. Rebecca

Reply with only the single capital letter (A or B) corresponding to the correct answer.
",85.0
Patricia begged her grandmother Jennifer to let her in on the secret to her fried chicken recipe. _ finally revealed it was buttermilk in the batter.,Patricia,Jennifer,B,"Sentence:
""Patricia begged her grandmother Jennifer to let her in on the secret to her fried chicken recipe. _ finally revealed it was buttermilk in the batter.""

Options:
A. Patricia
B. Jennifer

Reply with only the single capital letter (A or B) corresponding to the correct answer.
",82.0
"I prefer the dermatologist's treatments for acne rather than the over-the-counter treatments, because the _ work fast.",over-the-counter treatments,dermatologist's treatments,B,"Sentence:
""I prefer the dermatologist's treatments for acne rather than the over-the-counter treatments, because the _ work fast.""

Options:
A. over-the-counter treatments
B. dermatologist's treatments

Reply with only the single capital letter (A or B) corresponding to the correct answer.
",81.0
"Elena loves to read novels and doesn't like to watch movies while Rachel doesn't like to read and loves watching movies, so _ bought a new movie to watch.",Elena,Rachel,B,"Sentence:
""Elena loves to read novels and doesn't like to watch movies while Rachel doesn't like to read and loves watching movies, so _ bought a new movie to watch.""

Options:
A. Elena
B. Rachel

Reply with only the single capital letter (A or B) corresponding to the correct answer.
",83.0
"Jenna got her sewing machine and scissors to make a hood for her sweatshirt, and she had to sew the fabric second with the _ .",scissors,sewing machine,B,"Sentence:
""Jenna got her sewing machine and scissors to make a hood for her sweatshirt, and she had to sew the fabric second with the _ .""

Options:
A. scissors
B. sewing machine

Reply with only the single capital letter (A or B) corresponding to the correct answer.
",81.0
"Gina spilt wine on her jodhpurs pants, they were permanently stained, and decided to wear chinos for leggings. She threw away the _ because they were stained.",jodhpurs pants,chinos,A,"Sentence:
""Gina spilt wine on her jodhpurs pants, they were permanently stained, and decided to wear chinos for leggings. She threw away the _ because they were stained.""

Options:
A. jodhpurs pants
B. chinos

Reply with only the single capital letter (A or B) corresponding to the correct answer.
",88.0
Bob needed to get some chores done. Chase was a mile away and Taco Cabana was two miles away. He traveled to the _ first because it was nearer.,Chase,Taco Cabana,A,"Sentence:
""Bob needed to get some chores done. Chase was a mile away and Taco Cabana was two miles away. He traveled to the _ first because it was nearer.""

Options:
A. Chase
B. Taco Cabana

Reply with only the single capital letter (A or B) corresponding to the correct answer.
",82.0
"My business meeting started at 9:00 and I needed to be home at 10:00 for an appointment, so there wasn't much time. The _ was short, so it worked out.",meeting,appointment,A,"Sentence:
""My business meeting started at 9:00 and I needed to be home at 10:00 for an appointment, so there wasn't much time. The _ was short, so it worked out.""

Options:
A. meeting
B. appointment

Reply with only the single capital letter (A or B) corresponding to the correct answer.
",84.0
"Baking lasagna is a favorite hobby of Rob, but he doesn't like making mac and cheese. The _ is one of his least-liked dishes.",lasagna,mac and cheese,B,"Sentence:
""Baking lasagna is a favorite hobby of Rob, but he doesn't like making mac and cheese. The _ is one of his least-liked dishes.""

Options:
A. lasagna
B. mac and cheese

Reply with only the single capital letter (A or B) corresponding to the correct answer.
",81.0
Mary followed mother's advice and cleaned her nonstick pan with a microfiber cloth instead of a scouring pad because the _ is abrasive.,microfiber cloth,scouring pad,B,"Sentence:
""Mary followed mother's advice and cleaned her nonstick pan with a microfiber cloth instead of a scouring pad because the _ is abrasive.""

Options:
A. microfiber cloth
B. scouring pad

Reply with only the single capital letter (A or B) corresponding to the correct answer.
",81.0
The bus was supposed to arrive at 7:45 but the concert featuring my favorite indie band was scheduled for 8:00; luckily the _ was early so I didn't miss anything.,bus,concert,A,"Sentence:
""The bus was supposed to arrive at 7:45 but the concert featuring my favorite indie band was scheduled for 8:00; luckily the _ was early so I didn't miss anything.""

Options:
A. bus
B. concert

Reply with only the single capital letter (A or B) corresponding to the correct answer.
",83.0
"Sarah's boyfriend decided to cut his hair in either a mohawk or a pompadour. Sarah stated that the _ would suit him best, because it is spiky.",mohawk,pompadour,A,"Sentence:
""Sarah's boyfriend decided to cut his hair in either a mohawk or a pompadour. Sarah stated that the _ would suit him best, because it is spiky.""

Options:
A. mohawk
B. pompadour

Reply with only the single capital letter (A or B) corresponding to the correct answer.
",84.0
"The clock on Jessica's phone was always a few minutes ahead of Elena's phone, so _  tended to arrive at their work office fifteen minutes early on weekday mornings.",Jessica,Elena,A,"Sentence:
""The clock on Jessica's phone was always a few minutes ahead of Elena's phone, so _  tended to arrive at their work office fifteen minutes early on weekday mornings.""

Options:
A. Jessica
B. Elena

Reply with only the single capital letter (A or B) corresponding to the correct answer.
",83.0
"Carl tripped into a puddle of water, got his pegged pants wet, needed some dry leggings, and decided on yoga pants. He put on the _ because they are dry.",pegged pants,yoga pants,B,"Sentence:
""Carl tripped into a puddle of water, got his pegged pants wet, needed some dry leggings, and decided on yoga pants. He put on the _ because they are dry.""

Options:
A. pegged pants
B. yoga pants

Reply with only the single capital letter (A or B) corresponding to the correct answer.
",93.0
"Kenneth dips his chicken into a prepared brine, which differs from Steven's brining strategy involves massaging salt and seasoning into his chicken. _ uses the wet brining method.",Kenneth,Steven,A,"Sentence:
""Kenneth dips his chicken into a prepared brine, which differs from Steven's brining strategy involves massaging salt and seasoning into his chicken. _ uses the wet brining method.""

Options:
A. Kenneth
B. Steven

Reply with only the single capital letter (A or B) corresponding to the correct answer.
",83.0
The blonde Erin and the raven haired Cynthia were each vying to receive a rose from the date chooser. Since the date chooser preferred darker haired dates _ was dumped.,Erin,Cynthia,A,"Sentence:
""The blonde Erin and the raven haired Cynthia were each vying to receive a rose from the date chooser. Since the date chooser preferred darker haired dates _ was dumped.""

Options:
A. Erin
B. Cynthia

Reply with only the single capital letter (A or B) corresponding to the correct answer.
",88.0
"During the early stages of her pregnancy, the woman only needed to buy new pants, but could still wear her shirts, because the _ had become too tight.",pants,shirts,A,"Sentence:
""During the early stages of her pregnancy, the woman only needed to buy new pants, but could still wear her shirts, because the _ had become too tight.""

Options:
A. pants
B. shirts

Reply with only the single capital letter (A or B) corresponding to the correct answer.
",80.0
"Lawrence has become very withdrawn and solitary. Donald, on the other hand, has become aggressive and disruptive. While both changes indicate emotional problems, _ has externalized his.",Lawrence,Donald,B,"Sentence:
""Lawrence has become very withdrawn and solitary. Donald, on the other hand, has become aggressive and disruptive. While both changes indicate emotional problems, _ has externalized his.""

Options:
A. Lawrence
B. Donald

Reply with only the single capital letter (A or B) corresponding to the correct answer.
",83.0
"Gina spilt wine on her skinny pants, they were permanently stained, and decided to wear chinos for leggings. She put on the _ because they were clean.",skinny pants,chinos,B,"Sentence:
""Gina spilt wine on her skinny pants, they were permanently stained, and decided to wear chinos for leggings. She put on the _ because they were clean.""

Options:
A. skinny pants
B. chinos

Reply with only the single capital letter (A or B) corresponding to the correct answer.
",83.0
"Franklin knew that jogging was good for his heart, but he needed new sneakers and had to find his sweatpants, because the _ were old.",sweatpants,sneakers,B,"Sentence:
""Franklin knew that jogging was good for his heart, but he needed new sneakers and had to find his sweatpants, because the _ were old.""

Options:
A. sweatpants
B. sneakers

Reply with only the single capital letter (A or B) corresponding to the correct answer.
",80.0
"At yoga class Patricia directed everyone in class, including Megan, to stretch their inner thighs. _ was an experienced yoga teacher so  could reach  toes.",Patricia,Megan,A,"Sentence:
""At yoga class Patricia directed everyone in class, including Megan, to stretch their inner thighs. _ was an experienced yoga teacher so  could reach  toes.""

Options:
A. Patricia
B. Megan

Reply with only the single capital letter (A or B) corresponding to the correct answer.
",81.0
Patricia threw a temper tantrum when her mother Emily wouldn't buy her a chocolate bar at the store. _ refused to calm down until she got the candy.,Patricia,Emily,A,"Sentence:
""Patricia threw a temper tantrum when her mother Emily wouldn't buy her a chocolate bar at the store. _ refused to calm down until she got the candy.""

Options:
A. Patricia
B. Emily

Reply with only the single capital letter (A or B) corresponding to the correct answer.
",81.0
"Tina thought that candles would help cover the smell in her apartment, but her mom recommended using coffee beans. She wouldn't leave the _ on while she went to work.",coffee beans,candles,B,"Sentence:
""Tina thought that candles would help cover the smell in her apartment, but her mom recommended using coffee beans. She wouldn't leave the _ on while she went to work.""

Options:
A. coffee beans
B. candles

Reply with only the single capital letter (A or B) corresponding to the correct answer.
",82.0
"Carl tripped into a puddle of water, got his jodhpurs wet, needed some dry leggings, and decided on yoga pants. He took off the _ because they are wet.",jodhpurs,yoga pants,A,"Sentence:
""Carl tripped into a puddle of water, got his jodhpurs wet, needed some dry leggings, and decided on yoga pants. He took off the _ because they are wet.""

Options:
A. jodhpurs
B. yoga pants

Reply with only the single capital letter (A or B) corresponding to the correct answer.
",91.0
Being a teacher is not easy and has its rewards and downsides. Penny thought the _ outweighed the downsides but John thought the downsides were worse.,rewards,downsides,A,"Sentence:
""Being a teacher is not easy and has its rewards and downsides. Penny thought the _ outweighed the downsides but John thought the downsides were worse.""

Options:
A. rewards
B. downsides

Reply with only the single capital letter (A or B) corresponding to the correct answer.
",81.0
Amy tripped and ripped her undershirt and needed a new shirt. She went to the store to get a T-shirt because the _ is new.,undershirt,T-shirt,B,"Sentence:
""Amy tripped and ripped her undershirt and needed a new shirt. She went to the store to get a T-shirt because the _ is new.""

Options:
A. undershirt
B. T-shirt

Reply with only the single capital letter (A or B) corresponding to the correct answer.
",80.0
"Felicia was stricken with anosmia and couldn't smell a thing, but Kayla had a remarkable sense of smell. _ knew when the skunk walked by.",Felicia,Kayla,B,"Sentence:
""Felicia was stricken with anosmia and couldn't smell a thing, but Kayla had a remarkable sense of smell. _ knew when the skunk walked by.""

Options:
A. Felicia
B. Kayla

Reply with only the single capital letter (A or B) corresponding to the correct answer.
",80.0
"Sickness was running rampant through the school, so Felicia took rest while Patricia worked through the sickness which caused _ to stay sick for a shorter period of time.",Felicia,Patricia,A,"Sentence:
""Sickness was running rampant through the school, so Felicia took rest while Patricia worked through the sickness which caused _ to stay sick for a shorter period of time.""

Options:
A. Felicia
B. Patricia

Reply with only the single capital letter (A or B) corresponding to the correct answer.
",81.0
Amy had to travel today. Wells Fargo was a few miles away and Taco Bell was many miles away. She traveled to the _ first because it was nearer.,Taco Bell,Wells Fargo,B,"Sentence:
""Amy had to travel today. Wells Fargo was a few miles away and Taco Bell was many miles away. She traveled to the _ first because it was nearer.""

Options:
A. Taco Bell
B. Wells Fargo

Reply with only the single capital letter (A or B) corresponding to the correct answer.
",83.0
"Katrina's fish caught a fungal infection, so she asked an employee at the pet store, Lindsey, what to do. _ ended up buying a fungal treatment.",Katrina,Lindsey,A,"Sentence:
""Katrina's fish caught a fungal infection, so she asked an employee at the pet store, Lindsey, what to do. _ ended up buying a fungal treatment.""

Options:
A. Katrina
B. Lindsey

Reply with only the single capital letter (A or B) corresponding to the correct answer.
",82.0
"At the park, Rachel wanted to feed the birds with bird food. Samantha said this was a waste of money. _ didn't care that they wouldn't feed the birds.",Rachel,Samantha,B,"Sentence:
""At the park, Rachel wanted to feed the birds with bird food. Samantha said this was a waste of money. _ didn't care that they wouldn't feed the birds.""

Options:
A. Rachel
B. Samantha

Reply with only the single capital letter (A or B) corresponding to the correct answer.
",82.0
"I cut my hand on the knife and wasn't sure if I needed stitches or a bandaid. After seeing how shallow it was, I got the _ .",stitches,bandaid,B,"Sentence:
""I cut my hand on the knife and wasn't sure if I needed stitches or a bandaid. After seeing how shallow it was, I got the _ .""

Options:
A. stitches
B. bandaid

Reply with only the single capital letter (A or B) corresponding to the correct answer.
",80.0
"Since Kayla had an interest in biotechnology, her school counselor Emily recommended she major in biology in college. _ recommended several colleges with good biology programs.",Kayla,Emily,B,"Sentence:
""Since Kayla had an interest in biotechnology, her school counselor Emily recommended she major in biology in college. _ recommended several colleges with good biology programs.""

Options:
A. Kayla
B. Emily

Reply with only the single capital letter (A or B) corresponding to the correct answer.
",80.0
She wanted to exfoliate her face with cleanser but it had crushed walnut shells in it so she used a brush instead.  The _ was harsh on her skin.,cleanser,brush,A,"Sentence:
""She wanted to exfoliate her face with cleanser but it had crushed walnut shells in it so she used a brush instead.  The _ was harsh on her skin.""

Options:
A. cleanser
B. brush

Reply with only the single capital letter (A or B) corresponding to the correct answer.
",83.0
Timmy eagerly agreed to swap his chocolate ice cream cone for Gwen's strawberry ice cream cone because the _ flavor is Timmy's favorite.,strawberry,chocolate,A,"Sentence:
""Timmy eagerly agreed to swap his chocolate ice cream cone for Gwen's strawberry ice cream cone because the _ flavor is Timmy's favorite.""

Options:
A. strawberry
B. chocolate

Reply with only the single capital letter (A or B) corresponding to the correct answer.
",82.0
The $100 bet between Roger and Josh was set: Roger chose a bowling competition rather than a pool competition because the _ competition was likelier to showcase his athletic superiority.,bowling,pool,A,"Sentence:
""The $100 bet between Roger and Josh was set: Roger chose a bowling competition rather than a pool competition because the _ competition was likelier to showcase his athletic superiority.""

Options:
A. bowling
B. pool

Reply with only the single capital letter (A or B) corresponding to the correct answer.
",81.0
"I wrote a paper on helicopters in response to another paper I had written about hot air balloons; overall, I find the _ to be too noisy.",helicopters,balloons,A,"Sentence:
""I wrote a paper on helicopters in response to another paper I had written about hot air balloons; overall, I find the _ to be too noisy.""

Options:
A. helicopters
B. balloons

Reply with only the single capital letter (A or B) corresponding to the correct answer.
",80.0
Patricia threw a temper tantrum when her mother Emily wouldn't buy her a chocolate bar at the store. _ couldn't calm her down until she got the candy.,Patricia,Emily,B,"Sentence:
""Patricia threw a temper tantrum when her mother Emily wouldn't buy her a chocolate bar at the store. _ couldn't calm her down until she got the candy.""

Options:
A. Patricia
B. Emily

Reply with only the single capital letter (A or B) corresponding to the correct answer.
",83.0
"I prefer the dermatologist's treatments for acne rather than the over-the-counter treatments, because the _ work slowly.",over-the-counter treatments,dermatologist's treatments,A,"Sentence:
""I prefer the dermatologist's treatments for acne rather than the over-the-counter treatments, because the _ work slowly.""

Options:
A. over-the-counter treatments
B. dermatologist's treatments

Reply with only the single capital letter (A or B) corresponding to the correct answer.
",81.0
"Her appointment to get her hair done was at 5:00, but she needed to catch the 4:30 train.  The _ was early, so she arrived with plenty of time.",appointment,train,B,"Sentence:
""Her appointment to get her hair done was at 5:00, but she needed to catch the 4:30 train.  The _ was early, so she arrived with plenty of time.""

Options:
A. appointment
B. train

Reply with only the single capital letter (A or B) corresponding to the correct answer.
",81.0
"Gina spilt wine on her bush pants, they were permanently stained, and decided to wear chinos for leggings. She put on the _ because they were clean.",bush pants,chinos,B,"Sentence:
""Gina spilt wine on her bush pants, they were permanently stained, and decided to wear chinos for leggings. She put on the _ because they were clean.""

Options:
A. bush pants
B. chinos

Reply with only the single capital letter (A or B) corresponding to the correct answer.
",81.0
"Gerald went to the grocery store to buy something for lunch and, instead of buying a hamburger, he bought fruit instead because the _ was much more refreshing to eat.",hamburger,fruit,B,"Sentence:
""Gerald went to the grocery store to buy something for lunch and, instead of buying a hamburger, he bought fruit instead because the _ was much more refreshing to eat.""

Options:
A. hamburger
B. fruit

Reply with only the single capital letter (A or B) corresponding to the correct answer.
",84.0
Being a teacher is not easy and has its rewards and downsides. Penny thought the rewards outweighed the downsides.but John thought the _ were worse.,rewards,downsides,B,"Sentence:
""Being a teacher is not easy and has its rewards and downsides. Penny thought the rewards outweighed the downsides.but John thought the _ were worse.""

Options:
A. rewards
B. downsides

Reply with only the single capital letter (A or B) corresponding to the correct answer.
",81.0
"Wanting to follow family customs, the woman used the tablecloth instead of the tablerunner because the pattern on the _ was more unconventional.",tablecloth,tablerunner,B,"Sentence:
""Wanting to follow family customs, the woman used the tablecloth instead of the tablerunner because the pattern on the _ was more unconventional.""

Options:
A. tablecloth
B. tablerunner

Reply with only the single capital letter (A or B) corresponding to the correct answer.
",80.0
"Robert was a bit insensitive, so he didn't advocate well for his patients, unlike Leslie, who was more compassionate. _ just had the wrong temperament for the job.",Robert,Leslie,A,"Sentence:
""Robert was a bit insensitive, so he didn't advocate well for his patients, unlike Leslie, who was more compassionate. _ just had the wrong temperament for the job.""

Options:
A. Robert
B. Leslie

Reply with only the single capital letter (A or B) corresponding to the correct answer.
",84.0
"They went on a safari and saw a panda eating bamboo, which Megan loved but Elena didn't care about. _ 's favorite animal was the panda.",Megan,Elena,A,"Sentence:
""They went on a safari and saw a panda eating bamboo, which Megan loved but Elena didn't care about. _ 's favorite animal was the panda.""

Options:
A. Megan
B. Elena

Reply with only the single capital letter (A or B) corresponding to the correct answer.
",82.0
"Since her apartment didn't get a lot of light, Patricia told Victoria to get a variegated euphorbia plant. _ misspoke, so the plant didn't thrive.",Patricia,Victoria,A,"Sentence:
""Since her apartment didn't get a lot of light, Patricia told Victoria to get a variegated euphorbia plant. _ misspoke, so the plant didn't thrive.""

Options:
A. Patricia
B. Victoria

Reply with only the single capital letter (A or B) corresponding to the correct answer.
",85.0
Being artistic is easy call it abstract if you're unskilled or realism if you're talented. If you have to use your mind it's the _ art.,abstract,realism,A,"Sentence:
""Being artistic is easy call it abstract if you're unskilled or realism if you're talented. If you have to use your mind it's the _ art.""

Options:
A. abstract
B. realism

Reply with only the single capital letter (A or B) corresponding to the correct answer.
",80.0
Dotty is making knitted gifts for friends and chose not to knit a blanket but chose a scarf instead because she wasn't sure the _ wouldn't be completed in time.,blanket,scarf,A,"Sentence:
""Dotty is making knitted gifts for friends and chose not to knit a blanket but chose a scarf instead because she wasn't sure the _ wouldn't be completed in time.""

Options:
A. blanket
B. scarf

Reply with only the single capital letter (A or B) corresponding to the correct answer.
",83.0
My friend's room is decorated with both caterpillars and butterflies.  I prefer the butterflies because the _ are ugly.,caterpillars,butterflies,A,"Sentence:
""My friend's room is decorated with both caterpillars and butterflies.  I prefer the butterflies because the _ are ugly.""

Options:
A. caterpillars
B. butterflies

Reply with only the single capital letter (A or B) corresponding to the correct answer.
",81.0
I liked to use rosemary in my dishes.  I couldn't decide if I wanted to make steak or pasta.  I wanted something light so I chose _ .,steak,pasta,B,"Sentence:
""I liked to use rosemary in my dishes.  I couldn't decide if I wanted to make steak or pasta.  I wanted something light so I chose _ .""

Options:
A. steak
B. pasta

Reply with only the single capital letter (A or B) corresponding to the correct answer.
",81.0
"My first flight arrives at 04:00 and my second flight is at 04:20, so there wasn't much time. Fortunately, the _ was early, so it worked out.",first flight,second flight,A,"Sentence:
""My first flight arrives at 04:00 and my second flight is at 04:20, so there wasn't much time. Fortunately, the _ was early, so it worked out.""

Options:
A. first flight
B. second flight

Reply with only the single capital letter (A or B) corresponding to the correct answer.
",88.0
"Steamed rice is much healthier, so Emily insisted theyorder that instead of fried rice, even though Carrie disliked it. _ was upset to eat the steamed rice when it arrived.",Emily,Carrie,B,"Sentence:
""Steamed rice is much healthier, so Emily insisted theyorder that instead of fried rice, even though Carrie disliked it. _ was upset to eat the steamed rice when it arrived.""

Options:
A. Emily
B. Carrie

Reply with only the single capital letter (A or B) corresponding to the correct answer.
",86.0
Amy tripped and ripped her western shirt and needed a new shirt. She went to the store to get a T-shirt because the _ is new.,western shirt,T-shirt,B,"Sentence:
""Amy tripped and ripped her western shirt and needed a new shirt. She went to the store to get a T-shirt because the _ is new.""

Options:
A. western shirt
B. T-shirt

Reply with only the single capital letter (A or B) corresponding to the correct answer.
",80.0
"While dressing for the party, Salle Mae took off the pearl necklace and replaced it a chain necklace. The _ necklace was just right for this event.",pearl,chain,B,"Sentence:
""While dressing for the party, Salle Mae took off the pearl necklace and replaced it a chain necklace. The _ necklace was just right for this event.""

Options:
A. pearl
B. chain

Reply with only the single capital letter (A or B) corresponding to the correct answer.
",80.0
"Wanting to make a favorable impression at the party by drinking alcohol, Sandy thought about drinking vodka but opted for whiskey instead. The _ is hip.",vodka,whiskey,B,"Sentence:
""Wanting to make a favorable impression at the party by drinking alcohol, Sandy thought about drinking vodka but opted for whiskey instead. The _ is hip.""

Options:
A. vodka
B. whiskey

Reply with only the single capital letter (A or B) corresponding to the correct answer.
",82.0
Sally was cooking stew but she wasn't sure what type of steak to buy. The _ would cook in the stew for a long time to make the stew tasty.,stew,steak,B,"Sentence:
""Sally was cooking stew but she wasn't sure what type of steak to buy. The _ would cook in the stew for a long time to make the stew tasty.""

Options:
A. stew
B. steak

Reply with only the single capital letter (A or B) corresponding to the correct answer.
",83.0
"As Elena got out of the shower, she did not expect her roommate Cynthia to be in the bathroom, so _ got a bathrobe to wear.",Elena,Cynthia,A,"Sentence:
""As Elena got out of the shower, she did not expect her roommate Cynthia to be in the bathroom, so _ got a bathrobe to wear.""

Options:
A. Elena
B. Cynthia

Reply with only the single capital letter (A or B) corresponding to the correct answer.
",82.0
"Since Cynthia broke their ankle yesterday and Samantha's leg had fully healed, _ did not need to use crutches to move around.",Cynthia,Samantha,B,"Sentence:
""Since Cynthia broke their ankle yesterday and Samantha's leg had fully healed, _ did not need to use crutches to move around.""

Options:
A. Cynthia
B. Samantha

Reply with only the single capital letter (A or B) corresponding to the correct answer.
",80.0
"Kim used a sans-serif font in the letter to her boyfriend, but a serif font in an email to her boss, because she felt the _ was easier to read.",sans-serif font,serif font,B,"Sentence:
""Kim used a sans-serif font in the letter to her boyfriend, but a serif font in an email to her boss, because she felt the _ was easier to read.""

Options:
A. sans-serif font
B. serif font

Reply with only the single capital letter (A or B) corresponding to the correct answer.
",85.0
The man had to pay more taxes on the lotto winnings than the casino earnings. That's because the _ added up to a greater figure.,lotto winnings,casino earnings,A,"Sentence:
""The man had to pay more taxes on the lotto winnings than the casino earnings. That's because the _ added up to a greater figure.""

Options:
A. lotto winnings
B. casino earnings

Reply with only the single capital letter (A or B) corresponding to the correct answer.
",81.0
"Rebecca's collection of silver coins were tarnished, and Elena refused to clean them since they were rare coins. _ was interested in the coins that were still dirty.",Rebecca,Elena,B,"Sentence:
""Rebecca's collection of silver coins were tarnished, and Elena refused to clean them since they were rare coins. _ was interested in the coins that were still dirty.""

Options:
A. Rebecca
B. Elena

Reply with only the single capital letter (A or B) corresponding to the correct answer.
",84.0
"Robert was a bit insensitive, so he didn't advocate well for his patients, unlike Leslie, who was more compassionate. _ just had the right temperament for the job.",Robert,Leslie,B,"Sentence:
""Robert was a bit insensitive, so he didn't advocate well for his patients, unlike Leslie, who was more compassionate. _ just had the right temperament for the job.""

Options:
A. Robert
B. Leslie

Reply with only the single capital letter (A or B) corresponding to the correct answer.
",84.0
"To learn how to play the electric guitar, Erin hired Monica, a professional guitarist, to tutor her. _ wanted to play in a band but didn't have the experience yet.",Erin,Monica,A,"Sentence:
""To learn how to play the electric guitar, Erin hired Monica, a professional guitarist, to tutor her. _ wanted to play in a band but didn't have the experience yet.""

Options:
A. Erin
B. Monica

Reply with only the single capital letter (A or B) corresponding to the correct answer.
",83.0
"Katrina's fish caught a fungal infection, so she asked an employee at the pet store, Lindsey, what to do. _ ended up selling her a fungal treatment.",Katrina,Lindsey,B,"Sentence:
""Katrina's fish caught a fungal infection, so she asked an employee at the pet store, Lindsey, what to do. _ ended up selling her a fungal treatment.""

Options:
A. Katrina
B. Lindsey

Reply with only the single capital letter (A or B) corresponding to the correct answer.
",83.0
Jill dropped her ice cream onto her wide sailor pants and decided to put on jeans. She needed to put on different leggings because the _ are dirty.,sailor pants,jeans,A,"Sentence:
""Jill dropped her ice cream onto her wide sailor pants and decided to put on jeans. She needed to put on different leggings because the _ are dirty.""

Options:
A. sailor pants
B. jeans

Reply with only the single capital letter (A or B) corresponding to the correct answer.
",80.0
"When it comes to footwear, Marcus loves his birkenstocks and his flip-flops, but the _ are considerably heavier.",birkenstocks,flip-flops,A,"Sentence:
""When it comes to footwear, Marcus loves his birkenstocks and his flip-flops, but the _ are considerably heavier.""

Options:
A. birkenstocks
B. flip-flops

Reply with only the single capital letter (A or B) corresponding to the correct answer.
",81.0
"Robert had their lost loved one's ashes stored in an urn, but Lawrence had their lost love one buried. _ never had to drive to the graveyard to pay respects.",Robert,Lawrence,A,"Sentence:
""Robert had their lost loved one's ashes stored in an urn, but Lawrence had their lost love one buried. _ never had to drive to the graveyard to pay respects.""

Options:
A. Robert
B. Lawrence

Reply with only the single capital letter (A or B) corresponding to the correct answer.
",80.0
Jean wanted pot roast for dinner and had carrots but didn't have any potatoes. She didn't have to make a trip to the grocery store for the _ .,carrots,potatoes,A,"Sentence:
""Jean wanted pot roast for dinner and had carrots but didn't have any potatoes. She didn't have to make a trip to the grocery store for the _ .""

Options:
A. carrots
B. potatoes

Reply with only the single capital letter (A or B) corresponding to the correct answer.
",83.0
"Justin heard Aaron received a diagnosis of borderline personality disorder (BPD) from his doctor, _ worried about him. But did not behave differently in front of him.",Justin,Aaron,A,"Sentence:
""Justin heard Aaron received a diagnosis of borderline personality disorder (BPD) from his doctor, _ worried about him. But did not behave differently in front of him.""

Options:
A. Justin
B. Aaron

Reply with only the single capital letter (A or B) corresponding to the correct answer.
",80.0
"Dawn wanted to get a new dog, and found she could adopt a chihuahua or a German shepherd.  She adopted the _ because she had a small apartment.",chihuahua,German shepherd,A,"Sentence:
""Dawn wanted to get a new dog, and found she could adopt a chihuahua or a German shepherd.  She adopted the _ because she had a small apartment.""

Options:
A. chihuahua
B. German shepherd

Reply with only the single capital letter (A or B) corresponding to the correct answer.
",86.0
"When making fruit salad, I like to add more strawberries than blackberries since the _ make the dish tarter and I have a big sweet tooth.",strawberries,blackberries,B,"Sentence:
""When making fruit salad, I like to add more strawberries than blackberries since the _ make the dish tarter and I have a big sweet tooth.""

Options:
A. strawberries
B. blackberries

Reply with only the single capital letter (A or B) corresponding to the correct answer.
",81.0
"Tina thought that candles would help cover the smell in her apartment, but her mom recommended using coffee beans. She could leave the _ out while she went to work.",coffee beans,candles,A,"Sentence:
""Tina thought that candles would help cover the smell in her apartment, but her mom recommended using coffee beans. She could leave the _ out while she went to work.""

Options:
A. coffee beans
B. candles

Reply with only the single capital letter (A or B) corresponding to the correct answer.
",80.0
"My date was at 5:00 and I needed to catch the train at 6:00, so there wasn't much time. Luckily, the _ was short, so it worked out.",date,train,A,"Sentence:
""My date was at 5:00 and I needed to catch the train at 6:00, so there wasn't much time. Luckily, the _ was short, so it worked out.""

Options:
A. date
B. train

Reply with only the single capital letter (A or B) corresponding to the correct answer.
",84.0
"I wrote a paper on helicopters in response to another paper I had written about hot air balloons; overall, I find the _ to be too fragile.",helicopters,balloons,B,"Sentence:
""I wrote a paper on helicopters in response to another paper I had written about hot air balloons; overall, I find the _ to be too fragile.""

Options:
A. helicopters
B. balloons

Reply with only the single capital letter (A or B) corresponding to the correct answer.
",80.0
"Since her apartment got a lot of light, Patricia told Victoria to get a variegated euphorbia plant. _ didn't listen, so the plant didn't thrive.",Patricia,Victoria,B,"Sentence:
""Since her apartment got a lot of light, Patricia told Victoria to get a variegated euphorbia plant. _ didn't listen, so the plant didn't thrive.""

Options:
A. Patricia
B. Victoria

Reply with only the single capital letter (A or B) corresponding to the correct answer.
",83.0
"Jack loved math and disliked social sciences, so when deciding to take sociology or math that semester, the counselor entered the _ because Jack was receptive to it.",math,sociology,A,"Sentence:
""Jack loved math and disliked social sciences, so when deciding to take sociology or math that semester, the counselor entered the _ because Jack was receptive to it.""

Options:
A. math
B. sociology

Reply with only the single capital letter (A or B) corresponding to the correct answer.
",80.0
"My interview started at 6:00 and I needed to catch the airplane at 6:30, there wasn't much time. Luckily, the _ was short, so it worked out.",interview,airplane,A,"Sentence:
""My interview started at 6:00 and I needed to catch the airplane at 6:30, there wasn't much time. Luckily, the _ was short, so it worked out.""

Options:
A. interview
B. airplane

Reply with only the single capital letter (A or B) corresponding to the correct answer.
",85.0
Craig's cakes were always more fluffy and moist than Leslie's because _  didn't know to use applesauce as an ingredient.,Craig,Leslie,B,"Sentence:
""Craig's cakes were always more fluffy and moist than Leslie's because _  didn't know to use applesauce as an ingredient.""

Options:
A. Craig
B. Leslie

Reply with only the single capital letter (A or B) corresponding to the correct answer.
",80.0
"Paul tripped in mud, got his straight pants dirty, and needed to put some clean leggings. He put on some skinny pants because the _ are dirty.",straight pants,skinny pants,A,"Sentence:
""Paul tripped in mud, got his straight pants dirty, and needed to put some clean leggings. He put on some skinny pants because the _ are dirty.""

Options:
A. straight pants
B. skinny pants

Reply with only the single capital letter (A or B) corresponding to the correct answer.
",81.0
"Although he was 50, James wanted to go skiing with his boyfriend but he wasn't very fit. They chose surfing instead because the _ was harder.",surfing,skiing,B,"Sentence:
""Although he was 50, James wanted to go skiing with his boyfriend but he wasn't very fit. They chose surfing instead because the _ was harder.""

Options:
A. surfing
B. skiing

Reply with only the single capital letter (A or B) corresponding to the correct answer.
",80.0
"Ben had to create paintings for his show. He was thinking of either a self-portrait or an abstract painting, but decided on the _ painting to show his realistic talent.",abstract,self-portrait,B,"Sentence:
""Ben had to create paintings for his show. He was thinking of either a self-portrait or an abstract painting, but decided on the _ painting to show his realistic talent.""

Options:
A. abstract
B. self-portrait

Reply with only the single capital letter (A or B) corresponding to the correct answer.
",80.0
"Celia was thinking of using toasted sesame seeds instead of raw sesame seeds in her recipe, because the _ are more flavorful.",toasted sesame seeds,raw sesame seeds,A,"Sentence:
""Celia was thinking of using toasted sesame seeds instead of raw sesame seeds in her recipe, because the _ are more flavorful.""

Options:
A. toasted sesame seeds
B. raw sesame seeds

Reply with only the single capital letter (A or B) corresponding to the correct answer.
",81.0
Amy tripped and ripped her jersey shirt and needed a new shirt. She went to the store to get a T-shirt because the _ is new.,jersey shirt,T-shirt,B,"Sentence:
""Amy tripped and ripped her jersey shirt and needed a new shirt. She went to the store to get a T-shirt because the _ is new.""

Options:
A. jersey shirt
B. T-shirt

Reply with only the single capital letter (A or B) corresponding to the correct answer.
",84.0
"Paul tripped in mud, got his straight pants dirty, and needed to put some clean leggings. He put on some skinny pants because the _ are clean.",straight pants,skinny pants,B,"Sentence:
""Paul tripped in mud, got his straight pants dirty, and needed to put some clean leggings. He put on some skinny pants because the _ are clean.""

Options:
A. straight pants
B. skinny pants

Reply with only the single capital letter (A or B) corresponding to the correct answer.
",81.0
"After accidentally shaving her eyebrows but not her armpits, Ruth got teased by two of her classmates for having hair on the _ that was excessive.",eyebrows,armpits,B,"Sentence:
""After accidentally shaving her eyebrows but not her armpits, Ruth got teased by two of her classmates for having hair on the _ that was excessive.""

Options:
A. eyebrows
B. armpits

Reply with only the single capital letter (A or B) corresponding to the correct answer.
",83.0
"The chinchilla was diagnosed with respiratory disease, so the vet prescribed it medicine and homeopathic treatment. The _ worked poorly since it was backed by ignorance.",medicine,homeopathic treatment,B,"Sentence:
""The chinchilla was diagnosed with respiratory disease, so the vet prescribed it medicine and homeopathic treatment. The _ worked poorly since it was backed by ignorance.""

Options:
A. medicine
B. homeopathic treatment

Reply with only the single capital letter (A or B) corresponding to the correct answer.
",85.0
She tried to count the calories instead of the carbohydrates in the avocado because the _ was a more critical measure of her food intake.,calories,carbohydrates,A,"Sentence:
""She tried to count the calories instead of the carbohydrates in the avocado because the _ was a more critical measure of her food intake.""

Options:
A. calories
B. carbohydrates

Reply with only the single capital letter (A or B) corresponding to the correct answer.
",80.0
"When Diva baked a chocolate souffle for the first time she put them in several small ramekins. Ultimately, the souffle succeeded because they rose above the _ .",chocolate,ramekins,B,"Sentence:
""When Diva baked a chocolate souffle for the first time she put them in several small ramekins. Ultimately, the souffle succeeded because they rose above the _ .""

Options:
A. chocolate
B. ramekins

Reply with only the single capital letter (A or B) corresponding to the correct answer.
",85.0
"At the women's aisle, Ursula ponders whether she should buy pads or tampons, and eventually picks the _ because they're less invasive.",tampons,pads,B,"Sentence:
""At the women's aisle, Ursula ponders whether she should buy pads or tampons, and eventually picks the _ because they're less invasive.""

Options:
A. tampons
B. pads

Reply with only the single capital letter (A or B) corresponding to the correct answer.
",80.0
"When shopping for flowers, he wanted to buy bluebonnets and marigolds for his garden bed, but could only find marigolds, as the _ were scarce in his area.",bluebonnets,marigolds,A,"Sentence:
""When shopping for flowers, he wanted to buy bluebonnets and marigolds for his garden bed, but could only find marigolds, as the _ were scarce in his area.""

Options:
A. bluebonnets
B. marigolds

Reply with only the single capital letter (A or B) corresponding to the correct answer.
",85.0
Jim knew he should put gum in a trashcan but sometimes it fell on the floor. The _ was sticky and he didn't want to touch it after chewing.,gum,trashcan,A,"Sentence:
""Jim knew he should put gum in a trashcan but sometimes it fell on the floor. The _ was sticky and he didn't want to touch it after chewing.""

Options:
A. gum
B. trashcan

Reply with only the single capital letter (A or B) corresponding to the correct answer.
",81.0
"Betty had all the ingredients to bake their boyfriend a cake, but Katrina ran out of flour so _ put all their ingredients in the mixer.",Betty,Katrina,A,"Sentence:
""Betty had all the ingredients to bake their boyfriend a cake, but Katrina ran out of flour so _ put all their ingredients in the mixer.""

Options:
A. Betty
B. Katrina

Reply with only the single capital letter (A or B) corresponding to the correct answer.
",82.0
"Wanting to make a favorable impression at the party by drinking alcohol, Sandy thought about drinking vodka but opted for whiskey instead. The _ is uncool.",vodka,whiskey,A,"Sentence:
""Wanting to make a favorable impression at the party by drinking alcohol, Sandy thought about drinking vodka but opted for whiskey instead. The _ is uncool.""

Options:
A. vodka
B. whiskey

Reply with only the single capital letter (A or B) corresponding to the correct answer.
",84.0
"Sarah liked to give her cats lots of treats, including strawberries. She was reluctant to give blueberries because the cats preferred the _ .",blueberries,strawberries,B,"Sentence:
""Sarah liked to give her cats lots of treats, including strawberries. She was reluctant to give blueberries because the cats preferred the _ .""

Options:
A. blueberries
B. strawberries

Reply with only the single capital letter (A or B) corresponding to the correct answer.
",83.0
"My real estate seminar started at 6:00 and I take the bus home at 7:00 so there wasn't much time.  Thankfully, the _ was short so I made it.",seminar,bus,A,"Sentence:
""My real estate seminar started at 6:00 and I take the bus home at 7:00 so there wasn't much time.  Thankfully, the _ was short so I made it.""

Options:
A. seminar
B. bus

Reply with only the single capital letter (A or B) corresponding to the correct answer.
",85.0
"After accidentally shaving her eyebrows but not her armpits, Ruth got teased by two of her classmates for having hair on the _ that was insufficient.",eyebrows,armpits,A,"Sentence:
""After accidentally shaving her eyebrows but not her armpits, Ruth got teased by two of her classmates for having hair on the _ that was insufficient.""

Options:
A. eyebrows
B. armpits

Reply with only the single capital letter (A or B) corresponding to the correct answer.
",84.0
"When she fell out of the tree, Jessica fractured her ankle and Angela carried her to the house. _ was in pain and had to be rushed to the hospital.",Jessica,Angela,A,"Sentence:
""When she fell out of the tree, Jessica fractured her ankle and Angela carried her to the house. _ was in pain and had to be rushed to the hospital.""

Options:
A. Jessica
B. Angela

Reply with only the single capital letter (A or B) corresponding to the correct answer.
",81.0
"Felicia's textbooks included information about amino acids, while Samantha's textbooks included information about building bridges, because _ was a biochemistry major.",Felicia,Samantha,A,"Sentence:
""Felicia's textbooks included information about amino acids, while Samantha's textbooks included information about building bridges, because _ was a biochemistry major.""

Options:
A. Felicia
B. Samantha

Reply with only the single capital letter (A or B) corresponding to the correct answer.
",81.0
Jill was hosting a fancy party and needed to buy only expensive foods. She got matsutake mushrooms instead of apples to eat because the _ are cheap.,apples,matsutake mushrooms,A,"Sentence:
""Jill was hosting a fancy party and needed to buy only expensive foods. She got matsutake mushrooms instead of apples to eat because the _ are cheap.""

Options:
A. apples
B. matsutake mushrooms

Reply with only the single capital letter (A or B) corresponding to the correct answer.
",83.0
John preferred to use white sauce rather than marinara sauce on his pasta because he did not like tomatoes and the _ tastes more like tomatoes.,marinara sauce,white sauce,A,"Sentence:
""John preferred to use white sauce rather than marinara sauce on his pasta because he did not like tomatoes and the _ tastes more like tomatoes.""

Options:
A. marinara sauce
B. white sauce

Reply with only the single capital letter (A or B) corresponding to the correct answer.
",81.0
"Discovering aphids on her roses, Anna found some benign dish soap and some toxic insecticide, and she rejected the _ because the environment must be considered.",insecticide,soap,A,"Sentence:
""Discovering aphids on her roses, Anna found some benign dish soap and some toxic insecticide, and she rejected the _ because the environment must be considered.""

Options:
A. insecticide
B. soap

Reply with only the single capital letter (A or B) corresponding to the correct answer.
",80.0
Patricia made a peanut butter and honey sandwich for her daughter Emily's lunch. _ sang happily to herself as she made the sandwich.,Patricia,Emily,A,"Sentence:
""Patricia made a peanut butter and honey sandwich for her daughter Emily's lunch. _ sang happily to herself as she made the sandwich.""

Options:
A. Patricia
B. Emily

Reply with only the single capital letter (A or B) corresponding to the correct answer.
",80.0
"I couldn't decide what jewelry to wear, should I go with the emerald or sapphire?  My outfit was green, so I chose the _ .",sapphire,emerald,B,"Sentence:
""I couldn't decide what jewelry to wear, should I go with the emerald or sapphire?  My outfit was green, so I chose the _ .""

Options:
A. sapphire
B. emerald

Reply with only the single capital letter (A or B) corresponding to the correct answer.
",81.0
I discovered I was allergic to beeswax so I got rid of my lip balm but not my body wash since the _ had none of the ingredient.,lip balm,body wash,B,"Sentence:
""I discovered I was allergic to beeswax so I got rid of my lip balm but not my body wash since the _ had none of the ingredient.""

Options:
A. lip balm
B. body wash

Reply with only the single capital letter (A or B) corresponding to the correct answer.
",81.0
"The pool cue used by Emily at the billiards hall was covered with more chalk than the one used by Betty; consequently, _ was practically flawless when breaking.",Emily,Betty,A,"Sentence:
""The pool cue used by Emily at the billiards hall was covered with more chalk than the one used by Betty; consequently, _ was practically flawless when breaking.""

Options:
A. Emily
B. Betty

Reply with only the single capital letter (A or B) corresponding to the correct answer.
",80.0
Amy tripped and ripped her undershirt and needed a new shirt. She went to the store to get a T-shirt because the _ is old.,undershirt,T-shirt,A,"Sentence:
""Amy tripped and ripped her undershirt and needed a new shirt. She went to the store to get a T-shirt because the _ is old.""

Options:
A. undershirt
B. T-shirt

Reply with only the single capital letter (A or B) corresponding to the correct answer.
",80.0
She tried to count the calories instead of the carbohydrates in the avocado because the _ was a more insignificant measure of her food intake.,calories,carbohydrates,B,"Sentence:
""She tried to count the calories instead of the carbohydrates in the avocado because the _ was a more insignificant measure of her food intake.""

Options:
A. calories
B. carbohydrates

Reply with only the single capital letter (A or B) corresponding to the correct answer.
",83.0
Logan liked the look of hardwood floors in a house but Brett thought carpet was nicer. _ had the contractor put berber carpeting on their floors.,Logan,Brett,B,"Sentence:
""Logan liked the look of hardwood floors in a house but Brett thought carpet was nicer. _ had the contractor put berber carpeting on their floors.""

Options:
A. Logan
B. Brett

Reply with only the single capital letter (A or B) corresponding to the correct answer.
",80.0
The bus was supposed to arrive at 7:45 but the concert featuring my favorite indie band was scheduled for 8:00; luckily the _ was late so I didn't miss anything.,bus,concert,B,"Sentence:
""The bus was supposed to arrive at 7:45 but the concert featuring my favorite indie band was scheduled for 8:00; luckily the _ was late so I didn't miss anything.""

Options:
A. bus
B. concert

Reply with only the single capital letter (A or B) corresponding to the correct answer.
",83.0
"Sickness was running rampant through the school, so Felicia took rest while Patricia worked through the sickness which caused _ to stay sick for a longer period of time.",Felicia,Patricia,B,"Sentence:
""Sickness was running rampant through the school, so Felicia took rest while Patricia worked through the sickness which caused _ to stay sick for a longer period of time.""

Options:
A. Felicia
B. Patricia

Reply with only the single capital letter (A or B) corresponding to the correct answer.
",81.0
The 12:15 interview required nice clothes and I was worried about the sweater I was wearing but remembered a shirt in my closet. The _ was fancy.,shirt,sweater,A,"Sentence:
""The 12:15 interview required nice clothes and I was worried about the sweater I was wearing but remembered a shirt in my closet. The _ was fancy.""

Options:
A. shirt
B. sweater

Reply with only the single capital letter (A or B) corresponding to the correct answer.
",80.0
"Sarah had a bachelor's degree in microbiology and Katrina had a PhD, so _ had a hard time finding a cure for the disease on the proficiency test.",Sarah,Katrina,A,"Sentence:
""Sarah had a bachelor's degree in microbiology and Katrina had a PhD, so _ had a hard time finding a cure for the disease on the proficiency test.""

Options:
A. Sarah
B. Katrina

Reply with only the single capital letter (A or B) corresponding to the correct answer.
",85.0
"Bob's practice started at 6:00 and I needed to catch a ride home at 7:00, so there wasn't a lot of time. The _ was late so it worked out.",practice,ride,B,"Sentence:
""Bob's practice started at 6:00 and I needed to catch a ride home at 7:00, so there wasn't a lot of time. The _ was late so it worked out.""

Options:
A. practice
B. ride

Reply with only the single capital letter (A or B) corresponding to the correct answer.
",84.0
"The tailor called Megan to say her coat was finished, so she asked her assistant Patricia to get it. _ gave her the car to drive to the tailor shop.",Megan,Patricia,A,"Sentence:
""The tailor called Megan to say her coat was finished, so she asked her assistant Patricia to get it. _ gave her the car to drive to the tailor shop.""

Options:
A. Megan
B. Patricia

Reply with only the single capital letter (A or B) corresponding to the correct answer.
",80.0
"Emily's thought her kitten had feline infectious peritonitis so she took her to the vet, Amy. Fortunately, _ diagnosed it as just a kitten cold.",Emily,Amy,B,"Sentence:
""Emily's thought her kitten had feline infectious peritonitis so she took her to the vet, Amy. Fortunately, _ diagnosed it as just a kitten cold.""

Options:
A. Emily
B. Amy

Reply with only the single capital letter (A or B) corresponding to the correct answer.
",84.0
"While Billie brought a pencil, I brought a pen to the realtor’s office. I gave Billie my pen and she gladly used the _ to sign the document.",pencil,pen,B,"Sentence:
""While Billie brought a pencil, I brought a pen to the realtor’s office. I gave Billie my pen and she gladly used the _ to sign the document.""

Options:
A. pencil
B. pen

Reply with only the single capital letter (A or B) corresponding to the correct answer.
",81.0
"Sarah liked to give her cats lots of treats, including strawberries. She was reluctant to give blueberries because the cats hated the _ .",blueberries,strawberries,A,"Sentence:
""Sarah liked to give her cats lots of treats, including strawberries. She was reluctant to give blueberries because the cats hated the _ .""

Options:
A. blueberries
B. strawberries

Reply with only the single capital letter (A or B) corresponding to the correct answer.
",84.0
"The fine lines on Christine's face weren't very noticeable, but she still went to see her plastic surgeon Maria. _ conducted a procedure to reduce the fine lines.",Christine,Maria,B,"Sentence:
""The fine lines on Christine's face weren't very noticeable, but she still went to see her plastic surgeon Maria. _ conducted a procedure to reduce the fine lines.""

Options:
A. Christine
B. Maria

Reply with only the single capital letter (A or B) corresponding to the correct answer.
",80.0
"Franklin knew that jogging was good for his heart, but he needed new sneakers and had to find his sweatpants, because the _ were new.",sweatpants,sneakers,A,"Sentence:
""Franklin knew that jogging was good for his heart, but he needed new sneakers and had to find his sweatpants, because the _ were new.""

Options:
A. sweatpants
B. sneakers

Reply with only the single capital letter (A or B) corresponding to the correct answer.
",80.0
The girl wanted to add an expensive superfood like acai powder instead of sugar to her smoothie. She was broke so she used the _ in the smoothie.,sugar,acai powder,A,"Sentence:
""The girl wanted to add an expensive superfood like acai powder instead of sugar to her smoothie. She was broke so she used the _ in the smoothie.""

Options:
A. sugar
B. acai powder

Reply with only the single capital letter (A or B) corresponding to the correct answer.
",80.0
"Red was _ ’s favourite colour, so it comes as no suprise that Monica’s house was full of rich warm scarlets and Kayla’s wardrobe was all cool metallic greys.",Monica,Kayla,A,"Sentence:
""Red was _ ’s favourite colour, so it comes as no suprise that Monica’s house was full of rich warm scarlets and Kayla’s wardrobe was all cool metallic greys.""

Options:
A. Monica
B. Kayla

Reply with only the single capital letter (A or B) corresponding to the correct answer.
",88.0
"The fine lines on Christine's face weren't very noticeable, but she still went to see her plastic surgeon Maria. _ underwent a procedure to reduce the fine lines.",Christine,Maria,A,"Sentence:
""The fine lines on Christine's face weren't very noticeable, but she still went to see her plastic surgeon Maria. _ underwent a procedure to reduce the fine lines.""

Options:
A. Christine
B. Maria

Reply with only the single capital letter (A or B) corresponding to the correct answer.
",82.0
Cynthia was worried about the cost of a doctor visit because she didn't have insurance; Felicia offered to cover the cost. _ was compassionate.,Cynthia,Felicia,B,"Sentence:
""Cynthia was worried about the cost of a doctor visit because she didn't have insurance; Felicia offered to cover the cost. _ was compassionate.""

Options:
A. Cynthia
B. Felicia

Reply with only the single capital letter (A or B) corresponding to the correct answer.
",81.0
"Max had irritable bowel syndrome, so he got constipated when upset. He decided to cut out processed foods and take magnesium supplements. The _ were easy to start taking.",processed foods,magnesium supplements,B,"Sentence:
""Max had irritable bowel syndrome, so he got constipated when upset. He decided to cut out processed foods and take magnesium supplements. The _ were easy to start taking.""

Options:
A. processed foods
B. magnesium supplements

Reply with only the single capital letter (A or B) corresponding to the correct answer.
",91.0
"Laura got a job at the mall where she was taught how to fold sweaters but not how to hang skirts, because folding the _ was supposedly simple.",skirts,sweaters,B,"Sentence:
""Laura got a job at the mall where she was taught how to fold sweaters but not how to hang skirts, because folding the _ was supposedly simple.""

Options:
A. skirts
B. sweaters

Reply with only the single capital letter (A or B) corresponding to the correct answer.
",80.0
"Cora had a urinary tract infection, so her doctor told her to drink cranberry juice and avoid tea, but she couldn't stop drinking a lot of the _ .",cranberry juice,tea,B,"Sentence:
""Cora had a urinary tract infection, so her doctor told her to drink cranberry juice and avoid tea, but she couldn't stop drinking a lot of the _ .""

Options:
A. cranberry juice
B. tea

Reply with only the single capital letter (A or B) corresponding to the correct answer.
",84.0
"Jenna got her sewing machine and scissors to make a hood for her sweatshirt, and she had to cut the fabric first with the _ .",scissors,sewing machine,A,"Sentence:
""Jenna got her sewing machine and scissors to make a hood for her sweatshirt, and she had to cut the fabric first with the _ .""

Options:
A. scissors
B. sewing machine

Reply with only the single capital letter (A or B) corresponding to the correct answer.
",80.0
Jesse bought a waistcoat and boots so he could dress like a pirate for Halloween. The buckles on the _ came undone and tripped him.,waistcoat,boots,B,"Sentence:
""Jesse bought a waistcoat and boots so he could dress like a pirate for Halloween. The buckles on the _ came undone and tripped him.""

Options:
A. waistcoat
B. boots

Reply with only the single capital letter (A or B) corresponding to the correct answer.
",82.0
Erin was deathly allergenic to cats but Elena wasn't bothered by them. _ didn't have to leave the party when they found the host had a cat.,Erin,Elena,B,"Sentence:
""Erin was deathly allergenic to cats but Elena wasn't bothered by them. _ didn't have to leave the party when they found the host had a cat.""

Options:
A. Erin
B. Elena

Reply with only the single capital letter (A or B) corresponding to the correct answer.
",81.0
"Sarah had a bachelor's degree in microbiology and Katrina had a PhD, so _ had an easy time finding a cure for the disease on the proficiency test.",Sarah,Katrina,B,"Sentence:
""Sarah had a bachelor's degree in microbiology and Katrina had a PhD, so _ had an easy time finding a cure for the disease on the proficiency test.""

Options:
A. Sarah
B. Katrina

Reply with only the single capital letter (A or B) corresponding to the correct answer.
",85.0
"The party is at 7:00 and I need to catch the train at 9:30, so there isn't much time. Luckily, the _ was boring, so it worked out.",party,train,A,"Sentence:
""The party is at 7:00 and I need to catch the train at 9:30, so there isn't much time. Luckily, the _ was boring, so it worked out.""

Options:
A. party
B. train

Reply with only the single capital letter (A or B) corresponding to the correct answer.
",85.0
"Frank needed clean leggings to wear after tripping in mud and getting his stirrup pants dirty, so he decided on capris. He took off the _ because they were dirty.",stirrup pants,capris,A,"Sentence:
""Frank needed clean leggings to wear after tripping in mud and getting his stirrup pants dirty, so he decided on capris. He took off the _ because they were dirty.""

Options:
A. stirrup pants
B. capris

Reply with only the single capital letter (A or B) corresponding to the correct answer.
",83.0
"Cynthia's parents decided to let her get a pet, but Angela's parents decided to not let her get one, so _ got a pet hamster.",Cynthia,Angela,A,"Sentence:
""Cynthia's parents decided to let her get a pet, but Angela's parents decided to not let her get one, so _ got a pet hamster.""

Options:
A. Cynthia
B. Angela

Reply with only the single capital letter (A or B) corresponding to the correct answer.
",80.0
"Every winter Patricia had a bad outbreak of eczema, so she went to her doctor Elena for help. Later, _ picked up a prescription to help control it.",Patricia,Elena,A,"Sentence:
""Every winter Patricia had a bad outbreak of eczema, so she went to her doctor Elena for help. Later, _ picked up a prescription to help control it.""

Options:
A. Patricia
B. Elena

Reply with only the single capital letter (A or B) corresponding to the correct answer.
",81.0
Jill dropped her ice cream onto her wide sailor pants and decided to put on jeans. She needed to put on different leggings because the _ are clean.,sailor pants,jeans,B,"Sentence:
""Jill dropped her ice cream onto her wide sailor pants and decided to put on jeans. She needed to put on different leggings because the _ are clean.""

Options:
A. sailor pants
B. jeans

Reply with only the single capital letter (A or B) corresponding to the correct answer.
",80.0
"Rebecca's collection of silver coins were tarnished, and Elena refused to clean them since they were rare coins. _ was upset that the coins were still dirty.",Rebecca,Elena,A,"Sentence:
""Rebecca's collection of silver coins were tarnished, and Elena refused to clean them since they were rare coins. _ was upset that the coins were still dirty.""

Options:
A. Rebecca
B. Elena

Reply with only the single capital letter (A or B) corresponding to the correct answer.
",84.0
I liked to use rosemary in my dishes.  I couldn't decide if I wanted to make steak or pasta.  I wanted something meaty so I chose _ .,steak,pasta,A,"Sentence:
""I liked to use rosemary in my dishes.  I couldn't decide if I wanted to make steak or pasta.  I wanted something meaty so I chose _ .""

Options:
A. steak
B. pasta

Reply with only the single capital letter (A or B) corresponding to the correct answer.
",82.0
"Gina spilt wine on her jodhpurs pants, they were permanently stained, and decided to wear chinos for leggings. She put on the _ because they were clean.",jodhpurs pants,chinos,B,"Sentence:
""Gina spilt wine on her jodhpurs pants, they were permanently stained, and decided to wear chinos for leggings. She put on the _ because they were clean.""

Options:
A. jodhpurs pants
B. chinos

Reply with only the single capital letter (A or B) corresponding to the correct answer.
",87.0
"Jen tried to get rid of her baby's cradle cap with dandruff shampoo and a soft brush, and the _ helped heal the dry skin.",brush,shampoo,B,"Sentence:
""Jen tried to get rid of her baby's cradle cap with dandruff shampoo and a soft brush, and the _ helped heal the dry skin.""

Options:
A. brush
B. shampoo

Reply with only the single capital letter (A or B) corresponding to the correct answer.
",83.0
Emily decided to puppy proof their house ahead of the adoption day of Maria's new puppy. _ was thankful for the hard work to ensure the puppy's safety.,Emily,Maria,B,"Sentence:
""Emily decided to puppy proof their house ahead of the adoption day of Maria's new puppy. _ was thankful for the hard work to ensure the puppy's safety.""

Options:
A. Emily
B. Maria

Reply with only the single capital letter (A or B) corresponding to the correct answer.
",80.0
"Gerald went to the grocery store to buy something for lunch and, instead of buying a hamburger, he bought fruit instead because the _ was much less refreshing to eat.",hamburger,fruit,A,"Sentence:
""Gerald went to the grocery store to buy something for lunch and, instead of buying a hamburger, he bought fruit instead because the _ was much less refreshing to eat.""

Options:
A. hamburger
B. fruit

Reply with only the single capital letter (A or B) corresponding to the correct answer.
",84.0
"Fred takes two different supplements, vitamins when he goes to the gym and protein when he goes running. He took the _ last night when he went to the gym.",vitamins,protein,A,"Sentence:
""Fred takes two different supplements, vitamins when he goes to the gym and protein when he goes running. He took the _ last night when he went to the gym.""

Options:
A. vitamins
B. protein

Reply with only the single capital letter (A or B) corresponding to the correct answer.
",81.0
"At the geology store, Lindsey cracked open a geode and asked the worker Rebecca to identify the mineral inside. Since it was purple, _ identified it as amethyst.",Lindsey,Rebecca,B,"Sentence:
""At the geology store, Lindsey cracked open a geode and asked the worker Rebecca to identify the mineral inside. Since it was purple, _ identified it as amethyst.""

Options:
A. Lindsey
B. Rebecca

Reply with only the single capital letter (A or B) corresponding to the correct answer.
",84.0
"When making fruit salad, I like to add more strawberries than blackberries since the _ make the dish sweeter and I have a big sweet tooth.",strawberries,blackberries,A,"Sentence:
""When making fruit salad, I like to add more strawberries than blackberries since the _ make the dish sweeter and I have a big sweet tooth.""

Options:
A. strawberries
B. blackberries

Reply with only the single capital letter (A or B) corresponding to the correct answer.
",81.0
I like the task of the washing of dishes more than the task of the moping of floors because the _  is relaxing to me.,moping of floors,washing of dishes,B,"Sentence:
""I like the task of the washing of dishes more than the task of the moping of floors because the _  is relaxing to me.""

Options:
A. moping of floors
B. washing of dishes

Reply with only the single capital letter (A or B) corresponding to the correct answer.
",81.0
The couple couldn't decide whether to get a new refrigerator or new laundry machine. They went with the latter because their old _ was dilapidated.,refrigerator,laundry machine,B,"Sentence:
""The couple couldn't decide whether to get a new refrigerator or new laundry machine. They went with the latter because their old _ was dilapidated.""

Options:
A. refrigerator
B. laundry machine

Reply with only the single capital letter (A or B) corresponding to the correct answer.
",82.0
"At the geology store, Lindsey cracked open a geode and asked the worker Rebecca to identify the mineral inside.  Since it was purple, _ hoped it was amethyst.",Lindsey,Rebecca,A,"Sentence:
""At the geology store, Lindsey cracked open a geode and asked the worker Rebecca to identify the mineral inside.  Since it was purple, _ hoped it was amethyst.""

Options:
A. Lindsey
B. Rebecca

Reply with only the single capital letter (A or B) corresponding to the correct answer.
",85.0
Being artistic is easy call it abstract if you're unskilled or realism if you're talented. If you have to use your eyes it's the _ art.,abstract,realism,B,"Sentence:
""Being artistic is easy call it abstract if you're unskilled or realism if you're talented. If you have to use your eyes it's the _ art.""

Options:
A. abstract
B. realism

Reply with only the single capital letter (A or B) corresponding to the correct answer.
",80.0
"Sam was hot on the beach and saw an ice cream truck. Sam saw popsicles and slushies, but she chose the _ because it can be sipped.",popsicles,slushies,B,"Sentence:
""Sam was hot on the beach and saw an ice cream truck. Sam saw popsicles and slushies, but she chose the _ because it can be sipped.""

Options:
A. popsicles
B. slushies

Reply with only the single capital letter (A or B) corresponding to the correct answer.
",80.0
"Guacamole can be made with just avocado, lime juice, and salt. If it tastes too salty, just add more of the _ to it.",avocado,salt,A,"Sentence:
""Guacamole can be made with just avocado, lime juice, and salt. If it tastes too salty, just add more of the _ to it.""

Options:
A. avocado
B. salt

Reply with only the single capital letter (A or B) corresponding to the correct answer.
",80.0
"Angela's dog got sick from licking up antifreeze, but Jessica's dog did not because _ forgot to use a pan when they emptied the radiator.",Angela,Jessica,A,"Sentence:
""Angela's dog got sick from licking up antifreeze, but Jessica's dog did not because _ forgot to use a pan when they emptied the radiator.""

Options:
A. Angela
B. Jessica

Reply with only the single capital letter (A or B) corresponding to the correct answer.
",82.0
"While Billie brought a pencil, I brought a pen to the realtor’s office. I gave Billie my pen but she stubbornly used  the _ to sign the document.",pencil,pen,A,"Sentence:
""While Billie brought a pencil, I brought a pen to the realtor’s office. I gave Billie my pen but she stubbornly used  the _ to sign the document.""

Options:
A. pencil
B. pen

Reply with only the single capital letter (A or B) corresponding to the correct answer.
",83.0
"Pauline decided to wear the plain red t-shirt and not the tank with the bloody eyeball on it, because she felt the _ would conform with the norm.",tank,t-shirt,B,"Sentence:
""Pauline decided to wear the plain red t-shirt and not the tank with the bloody eyeball on it, because she felt the _ would conform with the norm.""

Options:
A. tank
B. t-shirt

Reply with only the single capital letter (A or B) corresponding to the correct answer.
",80.0
"Silver was _ ’s favourite colour, so it comes as no suprise that Monica’s house was full of rich warm scarlets and Kayla’s wardrobe was all cool metallic greys.",Monica,Kayla,B,"Sentence:
""Silver was _ ’s favourite colour, so it comes as no suprise that Monica’s house was full of rich warm scarlets and Kayla’s wardrobe was all cool metallic greys.""

Options:
A. Monica
B. Kayla

Reply with only the single capital letter (A or B) corresponding to the correct answer.
",89.0
"The heat of the house was getting to him, so Mitch stopped playing with toy trucks and instead went to play with dolls on a bench. The _ were inside.",dolls,toy trucks,B,"Sentence:
""The heat of the house was getting to him, so Mitch stopped playing with toy trucks and instead went to play with dolls on a bench. The _ were inside.""

Options:
A. dolls
B. toy trucks

Reply with only the single capital letter (A or B) corresponding to the correct answer.
",82.0
The bristles of the paintbrush were made of horse hair and the bristles of the hairbrush were made of plastic. The _ had the manufactured bristles.,paintbrush,hairbrush,B,"Sentence:
""The bristles of the paintbrush were made of horse hair and the bristles of the hairbrush were made of plastic. The _ had the manufactured bristles.""

Options:
A. paintbrush
B. hairbrush

Reply with only the single capital letter (A or B) corresponding to the correct answer.
",83.0
Amy tripped and ripped her jersey shirt and needed a new shirt. She went to the store to get a T-shirt because the _ is old.,jersey shirt,T-shirt,A,"Sentence:
""Amy tripped and ripped her jersey shirt and needed a new shirt. She went to the store to get a T-shirt because the _ is old.""

Options:
A. jersey shirt
B. T-shirt

Reply with only the single capital letter (A or B) corresponding to the correct answer.
",84.0
My friend's room is decorated with both caterpillars and butterflies.  I prefer the butterflies because the _ are pretty.,caterpillars,butterflies,B,"Sentence:
""My friend's room is decorated with both caterpillars and butterflies.  I prefer the butterflies because the _ are pretty.""

Options:
A. caterpillars
B. butterflies

Reply with only the single capital letter (A or B) corresponding to the correct answer.
",81.0
"Max had irritable bowel syndrome, so he got constipated when upset. He decided to cut out processed foods and take magnesium supplements. The _ were difficult to stop eating.",processed foods,magnesium supplements,A,"Sentence:
""Max had irritable bowel syndrome, so he got constipated when upset. He decided to cut out processed foods and take magnesium supplements. The _ were difficult to stop eating.""

Options:
A. processed foods
B. magnesium supplements

Reply with only the single capital letter (A or B) corresponding to the correct answer.
",92.0
"They went on a safari and saw a panda eating bamboo, which Megan loved but Elena didn't care about. _ 's favorite animal was the tiger.",Megan,Elena,B,"Sentence:
""They went on a safari and saw a panda eating bamboo, which Megan loved but Elena didn't care about. _ 's favorite animal was the tiger.""

Options:
A. Megan
B. Elena

Reply with only the single capital letter (A or B) corresponding to the correct answer.
",82.0
"The mature forsythia in Natalie's yard was growing out of control, so she hired a gardener, Mary, to fix it. _ watched her prune the forsythia until it looked nice.",Natalie,Mary,A,"Sentence:
""The mature forsythia in Natalie's yard was growing out of control, so she hired a gardener, Mary, to fix it. _ watched her prune the forsythia until it looked nice.""

Options:
A. Natalie
B. Mary

Reply with only the single capital letter (A or B) corresponding to the correct answer.
",88.0
"At Cynthia's house you will find a pet dog at Rachel house you wiil find an ant-farm, _ likes pet mammals.",Cynthia,Rachel,A,"Sentence:
""At Cynthia's house you will find a pet dog at Rachel house you wiil find an ant-farm, _ likes pet mammals.""

Options:
A. Cynthia
B. Rachel

Reply with only the single capital letter (A or B) corresponding to the correct answer.
",80.0
"Cora had a urinary tract infection, so her doctor told her to drink cranberry juice and avoid tea, so she drank a lot of the _ .",cranberry juice,tea,A,"Sentence:
""Cora had a urinary tract infection, so her doctor told her to drink cranberry juice and avoid tea, so she drank a lot of the _ .""

Options:
A. cranberry juice
B. tea

Reply with only the single capital letter (A or B) corresponding to the correct answer.
",80.0
Bob needed to get some chores done. Chase was a mile away and Taco Cabana was two miles away. He traveled to the _ second because it was farther.,Chase,Taco Cabana,B,"Sentence:
""Bob needed to get some chores done. Chase was a mile away and Taco Cabana was two miles away. He traveled to the _ second because it was farther.""

Options:
A. Chase
B. Taco Cabana

Reply with only the single capital letter (A or B) corresponding to the correct answer.
",81.0
The blonde Erin and the raven haired Cynthia were each vying to receive a rose from the date chooser. Since the date chooser preferred darker haired dates _ was chosen.,Erin,Cynthia,B,"Sentence:
""The blonde Erin and the raven haired Cynthia were each vying to receive a rose from the date chooser. Since the date chooser preferred darker haired dates _ was chosen.""

Options:
A. Erin
B. Cynthia

Reply with only the single capital letter (A or B) corresponding to the correct answer.
",87.0
"Felicia was able to grow beautiful multi-colored lilies in the backyard without a problem, but Sarah struggled to get anything to grow, because _ did not have a greenthumb.",Felicia,Sarah,B,"Sentence:
""Felicia was able to grow beautiful multi-colored lilies in the backyard without a problem, but Sarah struggled to get anything to grow, because _ did not have a greenthumb.""

Options:
A. Felicia
B. Sarah

Reply with only the single capital letter (A or B) corresponding to the correct answer.
",83.0
"Bill wanted his wife to think he was a nicer person, so he bought her the flowers instead of the chocolates, since the _ would make his wife miserable.",chocolates,flowers,A,"Sentence:
""Bill wanted his wife to think he was a nicer person, so he bought her the flowers instead of the chocolates, since the _ would make his wife miserable.""

Options:
A. chocolates
B. flowers

Reply with only the single capital letter (A or B) corresponding to the correct answer.
",80.0
Jill was hosting a fancy party and needed to buy only expensive foods. She got matsutake mushrooms instead of apples to eat because the _ are expensive.,apples,matsutake mushrooms,B,"Sentence:
""Jill was hosting a fancy party and needed to buy only expensive foods. She got matsutake mushrooms instead of apples to eat because the _ are expensive.""

Options:
A. apples
B. matsutake mushrooms

Reply with only the single capital letter (A or B) corresponding to the correct answer.
",83.0
"At the shoe store, Natalie bought Monica a new pair of  Dr. Martens boots for her birthday. _ was excited to give her the boots as a present.",Natalie,Monica,A,"Sentence:
""At the shoe store, Natalie bought Monica a new pair of  Dr. Martens boots for her birthday. _ was excited to give her the boots as a present.""

Options:
A. Natalie
B. Monica

Reply with only the single capital letter (A or B) corresponding to the correct answer.
",81.0
"Daniel went to the store late so the sale on mowers ended, so he found some tires instead. While his needs were disclosed, the _ were unobtainable.",tires,mowers,B,"Sentence:
""Daniel went to the store late so the sale on mowers ended, so he found some tires instead. While his needs were disclosed, the _ were unobtainable.""

Options:
A. tires
B. mowers

Reply with only the single capital letter (A or B) corresponding to the correct answer.
",80.0
Jane needed either a 15-year or 30-year mortgage for a house she wanted to buy. The _ was too long.,15-year,30-year,B,"Sentence:
""Jane needed either a 15-year or 30-year mortgage for a house she wanted to buy. The _ was too long.""

Options:
A. 15-year
B. 30-year

Reply with only the single capital letter (A or B) corresponding to the correct answer.
",80.0
"Ana's great dane needed several small, high quality meals daily, so she bought food without meat by-products in it. The _ didn't promote healthy growth.",high quality meals,meat by-products,B,"Sentence:
""Ana's great dane needed several small, high quality meals daily, so she bought food without meat by-products in it. The _ didn't promote healthy growth.""

Options:
A. high quality meals
B. meat by-products

Reply with only the single capital letter (A or B) corresponding to the correct answer.
",84.0
The 12:15 interview required nice clothes and I was worried about the sweater I was wearing but remembered a shirt in my closet. The _ was dowdy.,shirt,sweater,B,"Sentence:
""The 12:15 interview required nice clothes and I was worried about the sweater I was wearing but remembered a shirt in my closet. The _ was dowdy.""

Options:
A. shirt
B. sweater

Reply with only the single capital letter (A or B) corresponding to the correct answer.
",81.0
"Elena couldn't figure out why her swamp hibiscus weren't thriving, so she hired a gardener Laura to help. _ discovered she accidentally planted them in dry soil.",Elena,Laura,B,"Sentence:
""Elena couldn't figure out why her swamp hibiscus weren't thriving, so she hired a gardener Laura to help. _ discovered she accidentally planted them in dry soil.""

Options:
A. Elena
B. Laura

Reply with only the single capital letter (A or B) corresponding to the correct answer.
",86.0
"Laura got a job at the mall where she was taught how to fold sweaters but not how to hang skirts, because hanging the _ was supposedly complicated.",skirts,sweaters,A,"Sentence:
""Laura got a job at the mall where she was taught how to fold sweaters but not how to hang skirts, because hanging the _ was supposedly complicated.""

Options:
A. skirts
B. sweaters

Reply with only the single capital letter (A or B) corresponding to the correct answer.
",80.0
"My work training started at 9:00 and I needed to catch the bus at 12:30, so time is tight. Luckily, the _ was late, so I managed.",training,bus,B,"Sentence:
""My work training started at 9:00 and I needed to catch the bus at 12:30, so time is tight. Luckily, the _ was late, so I managed.""

Options:
A. training
B. bus

Reply with only the single capital letter (A or B) corresponding to the correct answer.
",82.0
"Lawrence has become very withdrawn and solitary. Donald, on the other hand, has become aggressive and disruptive. While both changes indicate emotional problems, _ has internalized his.",Lawrence,Donald,A,"Sentence:
""Lawrence has become very withdrawn and solitary. Donald, on the other hand, has become aggressive and disruptive. While both changes indicate emotional problems, _ has internalized his.""

Options:
A. Lawrence
B. Donald

Reply with only the single capital letter (A or B) corresponding to the correct answer.
",83.0
"I keep both butter knives and steak knives in my kitchen to cut things. When I need to cut something tough, I go for the _ .",butter knives,steak knives,B,"Sentence:
""I keep both butter knives and steak knives in my kitchen to cut things. When I need to cut something tough, I go for the _ .""

Options:
A. butter knives
B. steak knives

Reply with only the single capital letter (A or B) corresponding to the correct answer.
",80.0
"I grabbed a pile of clothes from the basket that contained a T-shirt and a Sweater, since it was hot outside I put on the _ to wear.",Sweater,T-Shirt,B,"Sentence:
""I grabbed a pile of clothes from the basket that contained a T-shirt and a Sweater, since it was hot outside I put on the _ to wear.""

Options:
A. Sweater
B. T-Shirt

Reply with only the single capital letter (A or B) corresponding to the correct answer.
",82.0
"We're doing survival training in the woods this weekend and I'm definitely going to take my pocketknife, but maybe not my lighter because the _ is less useful.",pocketknife,lighter,B,"Sentence:
""We're doing survival training in the woods this weekend and I'm definitely going to take my pocketknife, but maybe not my lighter because the _ is less useful.""

Options:
A. pocketknife
B. lighter

Reply with only the single capital letter (A or B) corresponding to the correct answer.
",81.0
"Her appointment to get her hair done was at 5:00, but she needed to catch the 4:30 train.  The _ was late, so she arrived with plenty of time.",appointment,train,A,"Sentence:
""Her appointment to get her hair done was at 5:00, but she needed to catch the 4:30 train.  The _ was late, so she arrived with plenty of time.""

Options:
A. appointment
B. train

Reply with only the single capital letter (A or B) corresponding to the correct answer.
",81.0
