ind,activity_label,ctx,answer,final_prompt,len_tk_llama3.1_8b_instruct
2980.0,Getting a haircut,A man takes a comb and a pair of scissors and starts to cut the hair above the comb and then combs it to the front of the man's head. the male,B,"Context:
""A man takes a comb and a pair of scissors and starts to cut the hair above the comb and then combs it to the front of the man's head. the male""

Which of the following endings best completes the context?

Choices:
A. moves the comb near his chin and begins shaving the man's neck.
B. then turns and the middle of the hair begins to get trimmed.
C. puts on eyeglasses and starts to fix the comb and the scissors.
D. hair stylist speaks to the camera and takes a bottle of hair gel and begins cutting the girls hair from above, she has a delight and laughs as she gets done.

Reply with exactly one uppercase letter out of A, B, C, or D.
",151
22687.0,Sharpening knives,"A man is giving advice on outdoor activities, specifically mushrooming and closeup is shown and the man talks about it. The man cuts one open and then cuts it in half. another man",B,"Context:
""A man is giving advice on outdoor activities, specifically mushrooming and closeup is shown and the man talks about it. The man cuts one open and then cuts it in half. another man""

Which of the following endings best completes the context?

Choices:
A. is shown while he is standing on a ladder trimming the fence while he talks.
B. talks about the experience.
C. follows suit to cut the wooden pieces and then cuts them all and continues talking and afterwards squeezing some out.
D. is shown doing the same thing and the first man begins to back pedal and cuts one again.

Reply with exactly one uppercase letter out of A, B, C, or D.
",140
21021.0,Playing badminton,The game of bad-mitten continues as the first player missed again and again. People walk in front of the camera. The camera shows the other two players. the game,D,"Context:
""The game of bad-mitten continues as the first player missed again and again. People walk in front of the camera. The camera shows the other two players. the game""

Which of the following endings best completes the context?

Choices:
A. continues between two men who missed their first home run.
B. resumes and it shows that the goalie is unable to shoot the ball.
C. of bad-mitten continues as all the players step up and down and throw the ball.
D. goes on for a while longer before it ends.

Reply with exactly one uppercase letter out of A, B, C, or D.
",128
4538.0,River tubing,People are seen walking in the forest carrying tubes and lead into them sitting in the water. more people,B,"Context:
""People are seen walking in the forest carrying tubes and lead into them sitting in the water. more people""

Which of the following endings best completes the context?

Choices:
A. are seen sitting around a boat on their bottom as well as riding in the tube along the mountains and performing tricks.
B. climb into the water and sit on top of their tubes.
C. are seen riding floating in tubes with the main frame covered in snow.
D. walk with the tubes enjoying the nanothermite water while a cold wind blows.

Reply with exactly one uppercase letter out of A, B, C, or D.
",126
10284.0,Making a cake,Eggs are added to the mixture and blended in with a blender. The woman adds a liquid extracts as well as additional powdered flour to the dish. the woman,A,"Context:
""Eggs are added to the mixture and blended in with a blender. The woman adds a liquid extracts as well as additional powdered flour to the dish. the woman""

Which of the following endings best completes the context?

Choices:
A. adds cubed fruit to the mixture and stirs it with a spatula.
B. sprinkles white sugar on top the omelette and lastly pours it into a pot.
C. sticks a tiny funnel in the mix and melts it.
D. uses the mixture to cook the omelets while tracks are presented on a computer screen and a website.

Reply with exactly one uppercase letter out of A, B, C, or D.
",141
32227.0,Cleaning shoes,Ehow and style are on the screen. A woman is standing at a table with a shoe and a can of hairspray. the woman,C,"Context:
""Ehow and style are on the screen. A woman is standing at a table with a shoe and a can of hairspray. the woman""

Which of the following endings best completes the context?

Choices:
A. demonstrates how to pair the shoes with the shoes to fit well.
B. is showing different hairstyles for more hair to fell from a woman's braid.
C. sprays hairspray on a scuff mark on the shoe and takes a cotton tip and rubs the scuff mark out.
D. applies the hairspray and hairspray to her hair.

Reply with exactly one uppercase letter out of A, B, C, or D.
",135
35834.0,Making a lemonade,A spoonful of a powdered nutritional supplement are added to the blender. The blender is mixed and the icy contents are poured into a cup. various meals,C,"Context:
""A spoonful of a powdered nutritional supplement are added to the blender. The blender is mixed and the icy contents are poured into a cup. various meals""

Which of the following endings best completes the context?

Choices:
A. are place on a plate and its shown first with a cheerleading machine, girl in black cheerleader pants and white blouse speaking to the camera.
B. are consumed in the hospital cafeteria.
C. are cooked in a kitchen with different cooking methods.
D. are ground together then a sandwich sack is put in the blender, and a sandwich is in the fridge for the single individual who will be making the mixture.

Reply with exactly one uppercase letter out of A, B, C, or D.
",148
8242.0,Cleaning sink,The stopper in the bottom of the sink goes up and down as the bristle continues to hover over the sink. a person,D,"Context:
""The stopper in the bottom of the sink goes up and down as the bristle continues to hover over the sink. a person""

Which of the following endings best completes the context?

Choices:
A. picks up a razor and takes a shine to the faucet and shaves the sink's surface with the roller handle.
B. water cuts through the top of nail polish on the nails and cuts them.
C. approaches with a cleaner before turning it off.
D. turns on the sink faucet and then jams the bristle brush down the faucet and pulls it up and down loosening dark gunk and forcing it into the sink.

Reply with exactly one uppercase letter out of A, B, C, or D.
",147
6792.0,Beach soccer,People are shown doing soccer ball tricks with one another as well as mingling and watching the competition. The players are shown receiving several different awards as well. the video,C,"Context:
""People are shown doing soccer ball tricks with one another as well as mingling and watching the competition. The players are shown receiving several different awards as well. the video""

Which of the following endings best completes the context?

Choices:
A. continues with athletes named as captain and several trainers giving them tips.
B. continues on with more shots of the soccer team passing the ball back and fourth as well.
C. ends with the closing credits shown across the screen.
D. ends with a disclaimer at the bottom of the screen.

Reply with exactly one uppercase letter out of A, B, C, or D.
",126
7650.0,Baking cookies,The two are shown mixing the bowl in turn. The two shapes the mix from the bowl into lumps and places them on a baking sheet. the two,C,"Context:
""The two are shown mixing the bowl in turn. The two shapes the mix from the bowl into lumps and places them on a baking sheet. the two""

Which of the following endings best completes the context?

Choices:
A. mix the cookies over the oven with the arm of the baking sheet out and hand shake an the hands of the person holding the bowl.
B. are shown once again in several more sitka footage.
C. place the baking sheet in an oven.
D. are then seen blowing them onto a cake and on the edges on baking sheets.

Reply with exactly one uppercase letter out of A, B, C, or D.
",134
40789.0,High jump,An different lady from uzbekistan performs a high jump and we see her score. The first lady performs again and knocks the bar over and looks disappointed. the lady from china,D,"Context:
""An different lady from uzbekistan performs a high jump and we see her score. The first lady performs again and knocks the bar over and looks disappointed. the lady from china""

Which of the following endings best completes the context?

Choices:
A. starts to do a split and check one more time.
B. does a second set and she scores half the bars and another two ladies score a third bar.
C. performs a low jump this time and it lands on the bar and hangs for a few seconds before dismounting.
D. has a second turn and also knocks over the bar and looks mad.

Reply with exactly one uppercase letter out of A, B, C, or D.
",144
38899.0,Baking cookies,"In another bowl, a nice proportion of flour is whisked and then poured in the bowl with the other mix. Finally, siram wrap is placed over the bowl and put into the oven at 350. on a baking pan",B,"Context:
""In another bowl, a nice proportion of flour is whisked and then poured in the bowl with the other mix. Finally, siram wrap is placed over the bowl and put into the oven at 350. on a baking pan""

Which of the following endings best completes the context?

Choices:
A. , siram mix is put in a chopped but creamy blend.
B. , a sheet of paper baking paper is placed on the pan and scoops of the chocolate are made and rolled into the the flour.
C. , siram stirs the flour and then spreads frosting over the cake.
D. , siram mix is black, so the oven closes and put the cooked dough in the bag.

Reply with exactly one uppercase letter out of A, B, C, or D.
",162
1904.0,Triple jump,Once he starts he goes super fast jumping up and into the sand. They show a replay of his run and land in slow motion. when he,D,"Context:
""Once he starts he goes super fast jumping up and into the sand. They show a replay of his run and land in slow motion. when he""

Which of the following endings best completes the context?

Choices:
A. starts running again he crawls backwards and adds his paws then does the sign of the horns.
B. is done running, the clip changes to the boys playing the scissor and the catcher leaving the course.
C. is finished he walks out into the base and the segment ends.
D. is done he walks around the arena while being followed by a camera.

Reply with exactly one uppercase letter out of A, B, C, or D.
",139
29414.0,Clean and jerk,"The man then lifts the weight over his head and stands up. The man drops the weight, pumps his fist, and walks off. the man",B,"Context:
""The man then lifts the weight over his head and stands up. The man drops the weight, pumps his fist, and walks off. the man""

Which of the following endings best completes the context?

Choices:
A. lifts the weight one more time, lifts it over his head, dumps it into the circle at the end of the circle and walks away.
B. returns and lifts the weight to his shoulders then over his head.
C. bends and gets on his knees, picks up a bowling ball, then drops it and goes and hits another bowling ball onto the ground behind him.
D. then begins acting funny as someone begins from behind.

Reply with exactly one uppercase letter out of A, B, C, or D.
",150
15961.0,Braiding hair,A close up of a woman is seen leading into objects shown in front of the camera. a person,A,"Context:
""A close up of a woman is seen leading into objects shown in front of the camera. a person""

Which of the following endings best completes the context?

Choices:
A. is then seen putting the girl's hair up in several dos while showing it to the camera.
B. pans along a beach and into a water sports pool.
C. uses a shaver and then in large mirrors use the object when running down a road.
D. is then seen pulling weights across a bridge while speaking to the camera and bend down in front.

Reply with exactly one uppercase letter out of A, B, C, or D.
",128
17290.0,Removing curlers,"An old lady in curler, tying her robe came out and an old man in robe follows and kiss her. they",D,"Context:
""An old lady in curler, tying her robe came out and an old man in robe follows and kiss her. they""

Which of the following endings best completes the context?

Choices:
A. lantn onto a red carpet and stand in a circle.
B. film the dance the crowd and the old guy in curlers and his wife laugh.
C. play crochet in a room near the skies.
D. come and open the door and another old man came in and the man in robe shows him a notebook while the lady gets something in the closet.

Reply with exactly one uppercase letter out of A, B, C, or D.
",134
31042.0,Mowing the lawn,A large yard is shown followed by a young child pushing a lawn mower around. the boy,D,"Context:
""A large yard is shown followed by a young child pushing a lawn mower around. the boy""

Which of the following endings best completes the context?

Choices:
A. takes the pieces of wood and rows them with the lawnmower using only his two hands.
B. then jumps up on the lawn and turns it on and continues to mow the lawn.
C. continues to push the toy around and stops a few times to bend down to a grown up position.
D. continues pushing the lawn mower around while the camera watches from the side.

Reply with exactly one uppercase letter out of A, B, C, or D.
",130
8207.0,Elliptical trainer,"A person is riding on a recumbent bike, then a woman is shown taking off her shoes and standing on a scale. She rides an elliptical while another woman watches. several people",C,"Context:
""A person is riding on a recumbent bike, then a woman is shown taking off her shoes and standing on a scale. She rides an elliptical while another woman watches. several people""

Which of the following endings best completes the context?

Choices:
A. are riding bikes in a competition as they play a game.
B. talk in the background, then a woman takes off her socks.
C. are shown riding elliptical trainers.
D. are seen sitting around then a man is shown again riding on the bike doing tricks.

Reply with exactly one uppercase letter out of A, B, C, or D.
",128
9208.0,Camel ride,"The woman are waving and a man behind the camera is asking them to wave, look and say hi at the camera. the camera man",C,"Context:
""The woman are waving and a man behind the camera is asking them to wave, look and say hi at the camera. the camera man""

Which of the following endings best completes the context?

Choices:
A. is showing the waters depths growing ever so gradually while cars pass by in front of.
B. bends down and lifts up one of the soapy people, then back down using a bar to lift the hose.
C. zooms in on the women as the woman in the red jacket gives a thumbs up.
D. is then seen close up showing a shoe.

Reply with exactly one uppercase letter out of A, B, C, or D.
",135
36324.0,Javelin throw,A man is running with a stick preparing to perform a javelin throw. Another man is watching as the man does the throw. as the man,B,"Context:
""A man is running with a stick preparing to perform a javelin throw. Another man is watching as the man does the throw. as the man""

Which of the following endings best completes the context?

Choices:
A. then brings his stick down to his left side, another javelin thrower runs out to where the javelin lands.
B. gets closer to the line, he releases the javelin and it goes flying through the air.
C. is, he is shown throwing a javelin, but it doesn't land and he has to run farther behind it to get it.
D. dismounts, another man comes down and watches.

Reply with exactly one uppercase letter out of A, B, C, or D.
",151
8100.0,Slacklining,The young man teeters and balances himself by holding out both arms on either side while walking on the shaky rope. the boy,B,"Context:
""The young man teeters and balances himself by holding out both arms on either side while walking on the shaky rope. the boy""

Which of the following endings best completes the context?

Choices:
A. then loses his balance and falls and grabs the rope and ka-tsches.
B. reaches the end of the rope and jumps off of the rope and onto the wet sand.
C. pauses but only briefly as he is suddenly overcome with pain.
D. then then appears once again, jumping and flipping as he falls several times on the uneven rope too.

Reply with exactly one uppercase letter out of A, B, C, or D.
",131
49230.0,Making a lemonade,They skin lemons and set them on the plate. They put the fruit into a juicer and pour the juice into a large jug. they,C,"Context:
""They skin lemons and set them on the plate. They put the fruit into a juicer and pour the juice into a large jug. they""

Which of the following endings best completes the context?

Choices:
A. mix sugar and water together together and pour the juice into the jug.
B. mash the lemons and put it on the plate.
C. shake the jug in their hands.
D. pour the syrup into a tuber cup and pour the syrup over this, then they pour the syrup from the jug into a bottle.

Reply with exactly one uppercase letter out of A, B, C, or D.
",129
18744.0,Baton twirling,Gymnasts perform with a rod throwing it to the air and spinning around. A teen performs with a rod and throws to the air and flips before to catch it. the gymnasts,D,"Context:
""Gymnasts perform with a rod throwing it to the air and spinning around. A teen performs with a rod and throws to the air and flips before to catch it. the gymnasts""

Which of the following endings best completes the context?

Choices:
A. then performs with the bar throwing and throw, finally the teen names is mark mante.
B. spins on a platform while standing and spins around.
C. attempts to throw the rod to the air but falls as well.
D. jumps and flips and spins a rod.

Reply with exactly one uppercase letter out of A, B, C, or D.
",128
2717.0,Sharpening knives,A knife is put into a sharpener and moved back and forth and used on a circular sharpener. A pair of scissors is sharpened on the sharpener. the scissors,C,"Context:
""A knife is put into a sharpener and moved back and forth and used on a circular sharpener. A pair of scissors is sharpened on the sharpener. the scissors""

Which of the following endings best completes the context?

Choices:
A. bend and glide over scales.
B. then cuts down the back of the hand of the person wiping and dressed in white suit.
C. cut a purple towel and a piece of paper.
D. are began cutting smooth lines into the discs of the discs as they are placed into the bowl, the edges.

Reply with exactly one uppercase letter out of A, B, C, or D.
",132
44599.0,Layup drill in basketball,The player starts from one side of the court and runs up and lays up the basketball in the net. He repeats around the court from every angle. the man,D,"Context:
""The player starts from one side of the court and runs up and lays up the basketball in the net. He repeats around the court from every angle. the man""

Which of the following endings best completes the context?

Choices:
A. returns to his sixteenth attempt and gets a first rate layup of 4-1.
B. tails the other player with it when it's the rebound.
C. throws the ball back down the court and runs to make the serve.
D. returns to go over the concepts again as the video closes.

Reply with exactly one uppercase letter out of A, B, C, or D.
",130
31791.0,Mixing drinks,She takes out all the things she will need to make the drink. She gets some ice into a glass and into the shaker. she,D,"Context:
""She takes out all the things she will need to make the drink. She gets some ice into a glass and into the shaker. she""

Which of the following endings best completes the context?

Choices:
A. takes out some cold shots while making the drink.
B. returns to the chair and starts talking to the camera.
C. pours the ice in with the drink and stirs with both hands.
D. adds in the rum, triple sec, syrup, sour mix, and puts the lid on the shaker.

Reply with exactly one uppercase letter out of A, B, C, or D.
",126
13784.0,Playing water polo,A recreation building is pictured and kids doing various activities ranging from basketball to swimming is shown. a set of young boys,B,"Context:
""A recreation building is pictured and kids doing various activities ranging from basketball to swimming is shown. a set of young boys""

Which of the following endings best completes the context?

Choices:
A. are shown with no pads and started when one boy jumps into the pool and begins swimming.
B. are picture din the water on their backs holding up a green ball and one throws it into the goal.
C. are shown swimming with one another in the pool at a amusement park.
D. are shown playing and is followed by a man raking over lawn.

Reply with exactly one uppercase letter out of A, B, C, or D.
",131
3784.0,Playing lacrosse,"People in uniforms of various characters are shown running around a green field. Then, a lacrosse game begins and they compete against one another. the large yellow character",C,"Context:
""People in uniforms of various characters are shown running around a green field. Then, a lacrosse game begins and they compete against one another. the large yellow character""

Which of the following endings best completes the context?

Choices:
A. runs towards the ball and make a strike against the yellow character.
B. falls on the field when he is hit by a gatoy.
C. attempts to get a goal but isn't successful and he falls to his knee in disappointment.
D. scores an goal and the green character scores again.

Reply with exactly one uppercase letter out of A, B, C, or D.
",128
27976.0,Mixing drinks,He adds fresh lime juice and some orange flower water into the glass. He adds soda to the glass and hands it to the customer. he,C,"Context:
""He adds fresh lime juice and some orange flower water into the glass. He adds soda to the glass and hands it to the customer. he""

Which of the following endings best completes the context?

Choices:
A. leaves the glass on the table briefly before turning off the machine.
B. spins the same orange flower in the glass.
C. moves on to make another drink and adds fresh lime, simple syrup and chopped plums into a glass.
D. shakes the glass and pours the drink into a flute and adds a black straw.

Reply with exactly one uppercase letter out of A, B, C, or D.
",128
18965.0,Playing ice hockey,"Once he is finished, the man is pictured being a goal as an opponent in a red uniform tries to hit the puck in the goal. he",C,"Context:
""Once he is finished, the man is pictured being a goal as an opponent in a red uniform tries to hit the puck in the goal. he""

Which of the following endings best completes the context?

Choices:
A. takes the ball and some red pins go on the other side.
B. bounces the ball up and down the ice several times in progress and eventually makes the goal.
C. comes back to talk to the camera and then a black screen is pictured with the word hockey community shown.
D. does something juvenile of an attempt and pushes the puck forward while another crashes and people run up and tries to help.

Reply with exactly one uppercase letter out of A, B, C, or D.
",147
45957.0,Longboarding,They begin to show recordings of themselves doing different tricks as they ride down the hills. at the end of the video,B,"Context:
""They begin to show recordings of themselves doing different tricks as they ride down the hills. at the end of the video""

Which of the following endings best completes the context?

Choices:
A. there is a red release sign.
B. they show themselves chatting and talking with the camera and the closing credits are shown.
C. , a picture appears with a caption from the website.
D. , a white screen appears with black words that read "" belaswind@toilet "" and appear that say's "" the rock horse network "".

Reply with exactly one uppercase letter out of A, B, C, or D.
",128
27468.0,Hula hoop,"Suddenly, a toddler appears and the female child leaves the room. Then, the boy starts to move graciously inside the hula while smiling. after",C,"Context:
""Suddenly, a toddler appears and the female child leaves the room. Then, the boy starts to move graciously inside the hula while smiling. after""

Which of the following endings best completes the context?

Choices:
A. , the girl comes back and once again the toddler enters the room.
B. , the little girl runs to the karate master, and with hop, jump, and flip to continue the karate moves, when she is finished she curls into a ball and falls and doesn't move again.
C. , the boy stops moving and walk away.
D. , the child returns and starts to fall in the floor.

Reply with exactly one uppercase letter out of A, B, C, or D.
",150
2058.0,Getting a tattoo,They're shown singing in the car and waiting to get a tattoo down while still speaking to the camera. the girls,C,"Context:
""They're shown singing in the car and waiting to get a tattoo down while still speaking to the camera. the girls""

Which of the following endings best completes the context?

Choices:
A. sit in a hospital room holding cloths and and letting the doctor do what he wants to them.
B. get the ink to be a l and are shown leaving at the end.
C. are then each shown getting tattoos done and ends with pictures of their tattoos being shown off.
D. show a sumo tattoo as another gets tattoos.

Reply with exactly one uppercase letter out of A, B, C, or D.
",127
350.0,Assembling bicycle,A pair of handlebars are detached from the bike and is laying down flat on a table. the man,D,"Context:
""A pair of handlebars are detached from the bike and is laying down flat on a table. the man""

Which of the following endings best completes the context?

Choices:
A. unstraps the handlebars and puts them back up and begins to pedal of his bike.
B. rolls them up and ties the handles with a pulley.
C. then shows with his knife and begins to a process of cutting them in half and putting them back to the bike.
D. then picks up the handlebars and sticks them back into the bike tightening them with a key.

Reply with exactly one uppercase letter out of A, B, C, or D.
",135
32527.0,Cleaning sink,A woman demonstrates how to dry a counter top and sink of water splashed from a sink faucet with a paper towel. A woman stands in a kitchen next to a sink and talks to the camera. the woman,B,"Context:
""A woman demonstrates how to dry a counter top and sink of water splashed from a sink faucet with a paper towel. A woman stands in a kitchen next to a sink and talks to the camera. the woman""

Which of the following endings best completes the context?

Choices:
A. stands in a kitchen, takes out a sander, and uses it to brush the surfaces of a counter surface, underneath and below the sink.
B. points to a water splash on the counter next to the sink after turning on the water at the sink.
C. washes water bottles after mixing and liquids in a sink.
D. drops a floating dollar in a bucket then soaks in water and dries with paper towel.

Reply with exactly one uppercase letter out of A, B, C, or D.
",164
32250.0,BMX,When the gates go down they all go as fast as they can through the obstacle of dirt. There are a few people sitting by in the stands watching as the bikers go off. they,B,"Context:
""When the gates go down they all go as fast as they can through the obstacle of dirt. There are a few people sitting by in the stands watching as the bikers go off. they""

Which of the following endings best completes the context?

Choices:
A. arrive to a dirt covered area where there are lots of tents and gear on.
B. even show some of the kids waiting and having a good time watching the race.
C. continue going as riders are parked on the trail waiting to ride the bikes.
D. ride the dust bikes down the track only stopping to rest before leaving.

Reply with exactly one uppercase letter out of A, B, C, or D.
",140
1272.0,Raking leaves,A man rakes leaves from the yard into a pile and dumps them in a metal trash bin. the man,D,"Context:
""A man rakes leaves from the yard into a pile and dumps them in a metal trash bin. the man""

Which of the following endings best completes the context?

Choices:
A. shovels the leaves out and dumps them on his lawn.
B. continues to rake the leaves while the camera fishes around for objects.
C. starting reading a newspaper, then looking down talking again at the paper while standing in the center a drum set in the yard.
D. puts his tools away in the shed and carries away a bag of leaves.

Reply with exactly one uppercase letter out of A, B, C, or D.
",129
2955.0,Painting furniture,The man begins by painting a wooden armchair metallic gray with a gold spray paint can. The man then paints a side table black with lights shining off of the black painted wood. the man,A,"Context:
""The man begins by painting a wooden armchair metallic gray with a gold spray paint can. The man then paints a side table black with lights shining off of the black painted wood. the man""

Which of the following endings best completes the context?

Choices:
A. ends with painting a dresser drawer pink before the scene fades to a black marketing graphic.
B. necks the edge of the table to position the paint brush and brush on it.
C. turns on the vacuum cleaner to vacuum the hardwood floors of the living room.
D. proceeds to clean up the stained glass.

Reply with exactly one uppercase letter out of A, B, C, or D.
",136
10564.0,Using the rowing machine,"A buff young man is sitting on a machine with a sliding seat demonstrating weight lifting techniques. He then slides back, puts his feet in the ropes and starts to tie his shoes. once",C,"Context:
""A buff young man is sitting on a machine with a sliding seat demonstrating weight lifting techniques. He then slides back, puts his feet in the ropes and starts to tie his shoes. once""

Which of the following endings best completes the context?

Choices:
A. relaxed he talks to the camera and presents his other hands as he does this exercise.
B. done, he stands up from the machine and turns to the camera while talking.
C. complete, the man grabs the rope and moves back and forth while pulling out the rope to exercise.
D. finished, he begins stretching his legs out on the bar.

Reply with exactly one uppercase letter out of A, B, C, or D.
",143
42787.0,Making a sandwich,One the men is sitting on a couch in the living room eating a packet of doritos. And there are two other men who are staring at him while he eats. one of the men,C,"Context:
""One the men is sitting on a couch in the living room eating a packet of doritos. And there are two other men who are staring at him while he eats. one of the men""

Which of the following endings best completes the context?

Choices:
A. silently takes his eye out and watches the man on the couch as he eats the blue tooth brush.
B. stands up and pretends to chase the tennis ball.
C. gets up and washes his hands.
D. grabs some crack faces, wins, then walks off and leave the two men on the couch.

Reply with exactly one uppercase letter out of A, B, C, or D.
",137
31153.0,Baking cookies,"The mixes again and finally puts another small amount of ingredients in the bowl. She mixes a third time and adds chocolate chips, finally mixing one more time. the oven peeps",A,"Context:
""The mixes again and finally puts another small amount of ingredients in the bowl. She mixes a third time and adds chocolate chips, finally mixing one more time. the oven peeps""

Which of the following endings best completes the context?

Choices:
A. and she prepares a pan with cookie dough.
B. down the hall to turn off its lights before they shut off, doors shut and windows open in the dark.
C. out to see what is left to bake before the woman jumps back into the hot iron.
D. out of the oven and lets out some white smoke to celebrate the recipe.

Reply with exactly one uppercase letter out of A, B, C, or D.
",140
2428.0,River tubing,A young girl sinks down in the middle of her inner-tube and jumps back up with her head soaked. Someone shows a first person view floating down the river. various other people,B,"Context:
""A young girl sinks down in the middle of her inner-tube and jumps back up with her head soaked. Someone shows a first person view floating down the river. various other people""

Which of the following endings best completes the context?

Choices:
A. float past and a still image of how to ride down the river.
B. are shown in inner-tubes and canoes in the water.
C. begin out of the water and float to the top of a waterfall.
D. are shown breathing in the water as they float and are extremely cold, but warm up, too.

Reply with exactly one uppercase letter out of A, B, C, or D.
",138
3475.0,Shaving legs,"Two men standing in front of a pair of bathroom sinks and mirrors remove the robes they're wearing to reveal spandex clothing, then turn to face the camera to speak. a large group of people",D,"Context:
""Two men standing in front of a pair of bathroom sinks and mirrors remove the robes they're wearing to reveal spandex clothing, then turn to face the camera to speak. a large group of people""

Which of the following endings best completes the context?

Choices:
A. walk up a winding tiled walkway from the bridge.
B. are seen fencing with one another while one woman throws her arms in the air in order to win.
C. are seen walking around a gym and talk with one another.
D. ride bicycles down the road.

Reply with exactly one uppercase letter out of A, B, C, or D.
",130
16527.0,Using parallel bars,"The man starts to advance holding on his hands. The man stops in the middle of the parallel bars, raise his legs and after continues advancing. then",A,"Context:
""The man starts to advance holding on his hands. The man stops in the middle of the parallel bars, raise his legs and after continues advancing. then""

Which of the following endings best completes the context?

Choices:
A. , the man stops at the end of the bars, again he raises his legs, then exercises up and down.
B. , the man jumps on the bars and lands on his hands and knees.
C. knocks his weight forward and his friend steps in to help him.
D. , the man lowers his chest, then raises one arm.

Reply with exactly one uppercase letter out of A, B, C, or D.
",134
25029.0,Carving jack-o-lanterns,A close up of a pumpkin is seen followed by a child scouping out the middle. Another child next to her is seen cutting out the pumpkin when an adults walks into frame. the adults,C,"Context:
""A close up of a pumpkin is seen followed by a child scouping out the middle. Another child next to her is seen cutting out the pumpkin when an adults walks into frame. the adults""

Which of the following endings best completes the context?

Choices:
A. grab opening supplies to cut the pictures and show the same pumpkin.
B. then hold up the pumpkin on front them and begin to cut out the top.
C. helps the children with one smiling to the camera and holding up seeds while the camera pans around the room.
D. all move on the pumpkin moving back and fourth.

Reply with exactly one uppercase letter out of A, B, C, or D.
",140
24271.0,Getting a tattoo,He shows how he shaves the client's arm with a razor and rubs some alcohol on it to prep the skin. Then he places a stencil on the client's arm to lay down the outline of the tattoo. then he,D,"Context:
""He shows how he shaves the client's arm with a razor and rubs some alcohol on it to prep the skin. Then he places a stencil on the client's arm to lay down the outline of the tattoo. then he""

Which of the following endings best completes the context?

Choices:
A. puts a butterfly tattoo on the client's biceps and hair, and then reads from a title screen before putting a cover painting to completes the tattoo.
B. goes back to being right where he started and proceeds to do some finger marking down the outside of the tattoo.
C. pasta him some sausage and ends by something on the table.
D. applies some cream over the skin to minimize bleeding.

Reply with exactly one uppercase letter out of A, B, C, or D.
",161
2734.0,Cricket,Several men are seen hosting a news segment that leads into clips of people playing a game together and arguing with one another. more shots of people playing,D,"Context:
""Several men are seen hosting a news segment that leads into clips of people playing a game together and arguing with one another. more shots of people playing""

Which of the following endings best completes the context?

Choices:
A. held up are shown with several shots stopping in the end and showing up in the end a winner.
B. in various venues are shown as well as laying around while the owners cheer all the while more footage iii showing them playing were shown as well.
C. long jump are shown as well as several presentations give a brief description of the game and leads into people scoring goals and all laughing together.
D. are shown as well as people celebrating and walking away.

Reply with exactly one uppercase letter out of A, B, C, or D.
",157
26063.0,Making a sandwich,There's a person in a commercial kitchen wearing a gray shirt and a gray hat demonstrating and talking about how to make a sandwich. he,D,"Context:
""There's a person in a commercial kitchen wearing a gray shirt and a gray hat demonstrating and talking about how to make a sandwich. he""

Which of the following endings best completes the context?

Choices:
A. shows several loaves of bread that are in a double oven and when he hits the buttons they disappear.
B. is holding a knife and is using the knife very well, sharpening it very quickly.
C. explains how the pumpkin is cut into squares and covered in flour and placed into the oven.
D. begins by slicing a hoagie bread into two pieces and applying some mayonnaise on the slices.

Reply with exactly one uppercase letter out of A, B, C, or D.
",146
42879.0,Snow tubing,A person is seen riding a sled down a hill followed by several people climbing up the hill and sliding back down again. an adult and child,D,"Context:
""A person is seen riding a sled down a hill followed by several people climbing up the hill and sliding back down again. an adult and child""

Which of the following endings best completes the context?

Choices:
A. fall off the sled and end with them falling down and a person falling.
B. slide down several more hill while others ride on skis pulled by horses in the back while falling.
C. dressed in hooded grey robes float down the hill while more clips are shown with children riding at a sidewalk on the side.
D. ride down as the person pulls the child out of the sled followed by more people riding down and walking up again.

Reply with exactly one uppercase letter out of A, B, C, or D.
",152
27754.0,Wakeboarding,The person in the water puts the board on their feet. The person on the boat throws the person in the water a rope and they catch it. they,A,"Context:
""The person in the water puts the board on their feet. The person on the boat throws the person in the water a rope and they catch it. they""

Which of the following endings best completes the context?

Choices:
A. hold onto the rope and wait in the water.
B. continue water skiing and they get ready to eat at a restaurant.
C. pick up the head of the person in the water and throw over the board.
D. tug on the rope while another person continuously rides the curser and pulls the rope they caught.

Reply with exactly one uppercase letter out of A, B, C, or D.
",130
13720.0,Making a cake,"An image shows a bag of m&m's and a bag of maltersers being suspended in midair, appearing to pour onto a cake. a woman",C,"Context:
""An image shows a bag of m&m's and a bag of maltersers being suspended in midair, appearing to pour onto a cake. a woman""

Which of the following endings best completes the context?

Choices:
A. presents various ingredients and their contents before "" how to make a linear fix on a cutting machine "".
B. blows white smoke out of a torch in a this corner of the room.
C. bakes a round cake, frosting it and surrounding it by chocolate bars.
D. with a microphone talks in a frozen time frame.

Reply with exactly one uppercase letter out of A, B, C, or D.
",132
1049.0,Removing ice from car,A person is then shown walking out to the car with a utensil taking the snow off of the glass. then another screen,A,"Context:
""A person is then shown walking out to the car with a utensil taking the snow off of the glass. then another screen""

Which of the following endings best completes the context?

Choices:
A. appears with white words and displays a sentence and the location.
B. appears showing the laying down of snow before blowing it off the car while still speaking to the camera.
C. appears with more text and then two men are shown trimming snow off of the snow of the car and driving it to a snow covered field and laying out snow on two tires as the car continues to snow covered.
D. shows up with a list of ingredients, and with the roads and such they put the light coating over the inside.

Reply with exactly one uppercase letter out of A, B, C, or D.
",163
48869.0,Removing curlers,Just as fast as she rolled them she begins to unroll them still in the sped up mode. once all the curlers,A,"Context:
""Just as fast as she rolled them she begins to unroll them still in the sped up mode. once all the curlers""

Which of the following endings best completes the context?

Choices:
A. out she pulls her hair to her left side and begins clipping and styling her hair.
B. are done she throw her hands in the air and on the ground giving a thumbs up.
C. are formed she takes her time rolling them back down and tossing them back and forth in the gathered fans.
D. are flat out folded up again, slits are cut and a person places the pair of scissors over each band.

Reply with exactly one uppercase letter out of A, B, C, or D.
",145
17649.0,Skateboarding,A man is seen speaking to the camera while holding a skateboard and leads into moving the board with his hands and then demonstrating moves. the man,B,"Context:
""A man is seen speaking to the camera while holding a skateboard and leads into moving the board with his hands and then demonstrating moves. the man""

Which of the following endings best completes the context?

Choices:
A. then begins pushing the skateboard all along the city while speaking to the camera and demonstrating his movements.
B. continues moving around on the board and ends with him speaking to the camera.
C. also takes shots on the skateboard while moving his hands and moving his legs continuously.
D. continues moving more and shows off a red core shown from several angles and is shown again in slow motion, while speaking to the camera.

Reply with exactly one uppercase letter out of A, B, C, or D.
",146
17535.0,Rope skipping,"She then does some jumping with her legs out to the sides, front to back, then crossing her arms. Then she does some while twisting her hips back and forth. she",D,"Context:
""She then does some jumping with her legs out to the sides, front to back, then crossing her arms. Then she does some while twisting her hips back and forth. she""

Which of the following endings best completes the context?

Choices:
A. continues to jump away straight into the air and spinning her belly button around her right wrist.
B. then switches between two goals to continue playing.
C. finishes her routine by banging her palms on the gear.
D. does a few more variations and at the end we see the website listed again.

Reply with exactly one uppercase letter out of A, B, C, or D.
",130
2235.0,Applying sunscreen,"Sunscreen spf value is addressed with a slide on how to pay attention to the proper spf. He addresses the negative impacts of sunburns, especially with children. he",B,"Context:
""Sunscreen spf value is addressed with a slide on how to pay attention to the proper spf. He addresses the negative impacts of sunburns, especially with children. he""

Which of the following endings best completes the context?

Choices:
A. talks about the benefits of sunbathing indoors with a suited man wearing sunglasses.
B. then talks about different types of specialty sunscreen to ensure you are safely covered.
C. sprays sunscreen on the children with a bottle of lotion.
D. releases a disc and makes sure to simulate sunstroke pain.

Reply with exactly one uppercase letter out of A, B, C, or D.
",133
3568.0,Playing water polo,A small group of people are seen pushing a ball along the water and scoring into the goal. The people continue playing with the ball and swimming along the water. the ball,A,"Context:
""A small group of people are seen pushing a ball along the water and scoring into the goal. The people continue playing with the ball and swimming along the water. the ball""

Which of the following endings best completes the context?

Choices:
A. is passed another to score a goal and then the game continues on.
B. continues to spin around and end with a few more shots of people swimming.
C. eventually goes across the net again missing the goal and spills into the net.
D. is then scored as well to the team and reporters sitting around the area and the goal being scored.

Reply with exactly one uppercase letter out of A, B, C, or D.
",139
13874.0,Using uneven bars,A man and a woman talk to the camera in a newscast setting. The scene transitions to various people training in gymnastics. Two women are interviewed on camera sequentially. the scene,B,"Context:
""A man and a woman talk to the camera in a newscast setting. The scene transitions to various people training in gymnastics. Two women are interviewed on camera sequentially. the scene""

Which of the following endings best completes the context?

Choices:
A. transitions to shots of the two women dancing in front of a crowd.
B. transitions to more gymnastic practice segments.
C. transitions to a man and woman speaking about shoes.
D. transitions to the woman speaking to the camera, finished with a title screen and the interview.

Reply with exactly one uppercase letter out of A, B, C, or D.
",128
6852.0,Brushing teeth,. a young boy dressed in shorts and a t - shirt,B,"Context:
"". a young boy dressed in shorts and a t - shirt""

Which of the following endings best completes the context?

Choices:
A. stands beside a fooseball table pushing a child's pool cue.
B. is standing in a bathroom with his left foot on a colorful mat and his right hand on the sink, and he's brushing his teeth with his left hand.
C. is jumping on an elliptical machine that has a large screen of images on it.
D. serves tennis tennis ball against another man in a locker room.

Reply with exactly one uppercase letter out of A, B, C, or D.
",128
4943.0,Playing polo,Two teams play polo holding poles to kick a ball on front a crowd in a field. People stand next to the scores boards. then,D,"Context:
""Two teams play polo holding poles to kick a ball on front a crowd in a field. People stand next to the scores boards. then""

Which of the following endings best completes the context?

Choices:
A. , a pitcher throw the ball and hits a ball on the field.
B. , a young man stands on the field holding a soccer ball and hits the ball of a young man who is crying as he sits with two kids playing in a white sandy field.
C. , the players of the yellow team play polo against the african game of polo.
D. , a player get up the stage to receives a trophy, after a woman kiss the winner and other players on stage, and all rise the trophy.

Reply with exactly one uppercase letter out of A, B, C, or D.
",165
38989.0,Baking cookies,"After, the counter is shown and there is a cut out tulip in cookie dough. She then grabs a stick and places it in the middle. once the stick",C,"Context:
""After, the counter is shown and there is a cut out tulip in cookie dough. She then grabs a stick and places it in the middle. once the stick""

Which of the following endings best completes the context?

Choices:
A. first comes out, the screen goes into blue mode and the book appears.
B. is in, she raise it above her head, grab a red metal fork with a fresh flower on it and then stick it in her bottom lip.
C. is in, she adds a piece of cookie dough to the back to make sure the stick is in place and begins talking.
D. placement is complete, she adds another one to the mix and the product is won.

Reply with exactly one uppercase letter out of A, B, C, or D.
",161
24917.0,Croquet,"The other woman is the only female playing, she take her turn and then it's back to the men. the man in sandals",B,"Context:
""The other woman is the only female playing, she take her turn and then it's back to the men. the man in sandals""

Which of the following endings best completes the context?

Choices:
A. is sitting half facing the keyboard.
B. hit the black ball and then it is once again the woman's turn.
C. shoe flip the woman once and hit her the second time, the woman bounced back and the boys continue playing.
D. is playing alone again and take a break and then to shave his beard.

Reply with exactly one uppercase letter out of A, B, C, or D.
",126
10057.0,Hand car wash,We see a man count his money at the car wash then a newscaster speaks in front of the car wash. The newscaster runs and interviews men at the carwash who refuse to speak to him. we,B,"Context:
""We see a man count his money at the car wash then a newscaster speaks in front of the car wash. The newscaster runs and interviews men at the carwash who refuse to speak to him. we""

Which of the following endings best completes the context?

Choices:
A. see a man in a parking lot then a store and another man are interviewed at the gas station.
B. see more cars being washed.
C. see a man at the car wash spraying the car with aerosol then pouring it on.
D. see the men while we speak in the car wash.

Reply with exactly one uppercase letter out of A, B, C, or D.
",140
13316.0,Preparing salad,He then talks about a bottle of oil and adds some to the original plate. He also adds a different type of oil to the plate. there,C,"Context:
""He then talks about a bottle of oil and adds some to the original plate. He also adds a different type of oil to the plate. there""

Which of the following endings best completes the context?

Choices:
A. are about 6 minutes left before the plates are done, and the chef shakes some of it in the sink.
B. 's a spoon in a sink full of dirty dishes.
C. are then different clips and angles of the finished food plate.
D. is a wifi computer so information is shared.

Reply with exactly one uppercase letter out of A, B, C, or D.
",126
46717.0,Doing a powerbomb,Two men stand at the end of a mat one kneeling over with his head between the other mans knees. the standing man,B,"Context:
""Two men stand at the end of a mat one kneeling over with his head between the other mans knees. the standing man""

Which of the following endings best completes the context?

Choices:
A. charges and stabs the man standing over him in the middle of his mat and holds him by his belt in front of him, then hits him in the head with the bow, followed by punching him in the face, and out of his stomach.
B. flips the kneeling man into the air and onto his shoulders.
C. picks up a weight and lifts it down over the mat using it as a bowling ball.
D. then hits the kneeling man over and ties him up.

Reply with exactly one uppercase letter out of A, B, C, or D.
",157
13460.0,Layup drill in basketball,Man throw the ball with someone in the other side of the court and make a lay up and the kids behind him in the court do the same. the coach,B,"Context:
""Man throw the ball with someone in the other side of the court and make a lay up and the kids behind him in the court do the same. the coach""

Which of the following endings best completes the context?

Choices:
A. continue talking and putnam the kids are getting ready one by one to run to the goal.
B. os hlping the girl to catch the ball and run.
C. helps a young woman get off the ball and he congratulate her.
D. play the same game with the kids.

Reply with exactly one uppercase letter out of A, B, C, or D.
",126
34494.0,Sumo,The men then bow before one another as people continue to sweep the arena and lead into the men fighting. the men,B,"Context:
""The men then bow before one another as people continue to sweep the arena and lead into the men fighting. the men""

Which of the following endings best completes the context?

Choices:
A. gather at the outside of the arena as people continue to dance and laugh.
B. continuously wrestle one another while the ref moves around them and ends with them walking around then off stage.
C. fight over the other as well as people applauding and the entire crowd clapping.
D. continue to fight with several people watching on the side but ends with one dying.

Reply with exactly one uppercase letter out of A, B, C, or D.
",133
2834.0,Breakdancing,. a lone man in a room with a green screen backdrop,C,"Context:
"". a lone man in a room with a green screen backdrop""

Which of the following endings best completes the context?

Choices:
A. , he begins to play a acoustic guitar, while another man plays the guitar, and man sings on front a small black screen, showing the men sitting nearby to listen, also wearing black t-shirts.
B. is playing a hula hoop while the g-woman is in a bed while looking like she's dying.
C. performs a break dancing move on a patch of hardwood floors, using his back to spin.
D. stands at a volleyball court where there is an idea called volleyball.

Reply with exactly one uppercase letter out of A, B, C, or D.
",146
12587.0,Playing violin,The older girl is helping and teaching her younger sister to properly hold the violin by changing her head position. Then the older sister grabs her violin and tunes the strings of the violin. then older sister,B,"Context:
""The older girl is helping and teaching her younger sister to properly hold the violin by changing her head position. Then the older sister grabs her violin and tunes the strings of the violin. then older sister""

Which of the following endings best completes the context?

Choices:
A. resumes playing the violin for laugh.
B. begins playing the violin while the younger sister watches her.
C. showing with the second attempt to hold the bow and with the second arrow.
D. takes the violin back and that girl plays until her dad comes over to show her the proper pro-soprano positions to play the violin.

Reply with exactly one uppercase letter out of A, B, C, or D.
",141
31198.0,Cheerleading,"Two women are standing on others' shoulders. They lift another woman into the air, balancing her between them before dropping her to be caught. however",A,"Context:
""Two women are standing on others' shoulders. They lift another woman into the air, balancing her between them before dropping her to be caught. however""

Which of the following endings best completes the context?

Choices:
A. , the girls below are knocked to the ground.
B. , after the women drop her like a rock, she bounces to the top of the floor where she responds by flipping along the air.
C. , the girls loser flips the one on the side.
D. , the higher the woman is in the air, the harder the impact of her falling.

Reply with exactly one uppercase letter out of A, B, C, or D.
",138
29446.0,Doing motocross,A person is now shown strapped to a gurney and being carried away from the dirt path by four different people. another dirt bike course,A,"Context:
""A person is now shown strapped to a gurney and being carried away from the dirt path by four different people. another dirt bike course""

Which of the following endings best completes the context?

Choices:
A. is shown and a very unfortunate man crashes to the ground and continues to get hit and run over by other dirt bike riders.
B. is shown and more people are driving around passing the dirt path and running through it.
C. is shown and the people now, riding in different bikes together.
D. is shown and people are shown being lifted and left.

Reply with exactly one uppercase letter out of A, B, C, or D.
",135
9640.0,Skiing,This man is skiing in the snow while holding a selfie stick recording himself. First he starts at the start line where racers are who participate in skiing competitions. then he,D,"Context:
""This man is skiing in the snow while holding a selfie stick recording himself. First he starts at the start line where racers are who participate in skiing competitions. then he""

Which of the following endings best completes the context?

Choices:
A. goes to another line where skiers are continuing to sled in the snow.
B. records himself on a snowy slope, then he starts skiing down lemkes.
C. continues skiing until he reaches the end and only people who are very loud speak to him.
D. shows himself in the snow skiing down the snowy slopes.

Reply with exactly one uppercase letter out of A, B, C, or D.
",134
35591.0,Sumo,Two men are seen kneeling down before one another in front of a large crowd. One throws the other down and leads into another fight between two men. the men,C,"Context:
""Two men are seen kneeling down before one another in front of a large crowd. One throws the other down and leads into another fight between two men. the men""

Which of the following endings best completes the context?

Choices:
A. continue fighting and ends with one still getting up and throws the other up.
B. struggle with one another and end with a handshake gesture.
C. continue wrestling and throwing one another down while people watch on the side.
D. continue fighting between each other while others stand on the sides.

Reply with exactly one uppercase letter out of A, B, C, or D.
",126
11579.0,Plataform diving,"She is doing various diving moves such as backward, forward and pike. She also does the hand stand before diving swiftly into the pool. she",D,"Context:
""She is doing various diving moves such as backward, forward and pike. She also does the hand stand before diving swiftly into the pool. she""

Which of the following endings best completes the context?

Choices:
A. swims backwards upwards only once, she and diving backward quickly.
B. swims away, the camera following her as she ascends into the air, then back out into the water.
C. points to the top left and dives in before pulling herself up by the cat's neck.
D. repeats her steps and dives several times into the pool.

Reply with exactly one uppercase letter out of A, B, C, or D.
",133
27154.0,Mixing drinks,A man in a black hoodie stands in a red room behind a bar and explains how to make a mixed drink. He goes through the ingredients and the glassware to make the drink. he,D,"Context:
""A man in a black hoodie stands in a red room behind a bar and explains how to make a mixed drink. He goes through the ingredients and the glassware to make the drink. he""

Which of the following endings best completes the context?

Choices:
A. drinks the drink as he talks, and then pours sugar into a bowl mixing with alcohol.
B. scrubs the glass with a long black cloth draining the liquid from the end.
C. then swishes the other ingredients around the glass while mixing them together.
D. fills the glass with ice and now makes the drink explaining the measurements.

Reply with exactly one uppercase letter out of A, B, C, or D.
",141
24266.0,Playing lacrosse,A man is seen speaking to the camera in a large field while holding a lacrosse stick. he,C,"Context:
""A man is seen speaking to the camera in a large field while holding a lacrosse stick. he""

Which of the following endings best completes the context?

Choices:
A. lines up a shot and throws the stick several times as well as continuing to speak to the camera.
B. points to several spots on a field in front of him where he hits a ball and walks away.
C. points to himself while holding up the stick and continues to speak to the camera and how to properly hold the stick.
D. shows off the ball in the end and begins hitting it into a goal.

Reply with exactly one uppercase letter out of A, B, C, or D.
",139
43602.0,Roof shingle removal,From the roof we see the street where a car is parked and a man standing on the room the man begins to pry up roof shingles. The man adds a fixed piece of shingles and nails hem down. the man,D,"Context:
""From the roof we see the street where a car is parked and a man standing on the room the man begins to pry up roof shingles. The man adds a fixed piece of shingles and nails hem down. the man""

Which of the following endings best completes the context?

Choices:
A. puts a latch on the hole and attach a wire to the roofing stuff.
B. picks up around the car that was parked at a straight angle on the floor and fixes it on the side and then shows the place the roof came in.
C. finishes and jumps on the piece of roof and towers over it thoroughly.
D. finishes and walks away.

Reply with exactly one uppercase letter out of A, B, C, or D.
",152
41288.0,High jump,The video leads into several clips of track runners jumping over a bar with their jump being shown again in slow motion. several more people,C,"Context:
""The video leads into several clips of track runners jumping over a bar with their jump being shown again in slow motion. several more people""

Which of the following endings best completes the context?

Choices:
A. race through different obstacles as well as jumping over steep obstacles and their jump is shown again later.
B. are shown jumping over the bars in slow motion and ends with more clips of people jumping while jumping.
C. are shown jumping over the bar with one hitting the bar and not jumping over.
D. are seen jumping over the bars as well as beginning a slow race down the track, laughing with one another, and ending with the closing captions shown.

Reply with exactly one uppercase letter out of A, B, C, or D.
",152
39910.0,Clipping cat claws,A black and white cat sits on a table next to a girl wearing a black and white sweater. the girl,D,"Context:
""A black and white cat sits on a table next to a girl wearing a black and white sweater. the girl""

Which of the following endings best completes the context?

Choices:
A. takes out a cell phone to get a cat claw and rubs the black and white cat with lube.
B. sits and pets the cat, as another woman is standing at the other end of the table petting her and smiles and claps like an old woman.
C. picks up a small black brush and sprays the animal's paw with a brand name.
D. holds the cats paw in her left hand.

Reply with exactly one uppercase letter out of A, B, C, or D.
",143
40377.0,Baton twirling,Then they fling their sticks in the air and catch it and turn around to face the camera. They continue dancing in coordination by going in circles and twirling their bodies simultaneously. then they,D,"Context:
""Then they fling their sticks in the air and catch it and turn around to face the camera. They continue dancing in coordination by going in circles and twirling their bodies simultaneously. then they""

Which of the following endings best completes the context?

Choices:
A. take their sticks off and start doing throw ups and dancing again being a affected group.
B. stop and everyone around shuffles around one another as they continue kicking their sticks.
C. take hearts in the end and continue dancing.
D. do front flips together and continue twirling their bodies in circular motion.

Reply with exactly one uppercase letter out of A, B, C, or D.
",136
13656.0,Playing rubik cube,A person in a blue shirt is standing next to the table holding a stop watch. The man completes the rubik's cube and sets it down. he,D,"Context:
""A person in a blue shirt is standing next to the table holding a stop watch. The man completes the rubik's cube and sets it down. he""

Which of the following endings best completes the context?

Choices:
A. reaches for the disassembly knob and sticks the rubik's cube on top of the timer just so.
B. then all4self solves the rubik's cube.
C. picks up a pair of scissors and starts cutting the rubik's cube.
D. hugs a person that walks up next to him.

Reply with exactly one uppercase letter out of A, B, C, or D.
",129
19351.0,Drinking coffee,More shots are shown of people drinking coffee in various setting including at the dinner table and at the office. in the end,D,"Context:
""More shots are shown of people drinking coffee in various setting including at the dinner table and at the office. in the end""

Which of the following endings best completes the context?

Choices:
A. the man shows the finished coffee cup, but not before the finished cups are seen.
B. many shots of cake are shown including ingredients laid out on a large silver platter.
C. , the women are shown with coffee cups and serving breakfast food on separate tables.
D. the wife pours her husband a cup of coffee while he speaks to the camera.

Reply with exactly one uppercase letter out of A, B, C, or D.
",132
4946.0,Baking cookies,The person rolls the dough and cuts it into little pieces and flattens the tiny balls out using their hands. The person uses a fork to put lines in the dough. then the person,D,"Context:
""The person rolls the dough and cuts it into little pieces and flattens the tiny balls out using their hands. The person uses a fork to put lines in the dough. then the person""

Which of the following endings best completes the context?

Choices:
A. decorates the upper corners of the up front piece of the dough using a different tool to flatten the balls out.
B. cut streamers of paper and wrap them around the little balls.
C. uses scissors to cut the tiny balls out.
D. puts the cookies on a baking sheet in a pan and bakes them for 15 minutes.

Reply with exactly one uppercase letter out of A, B, C, or D.
",142
39362.0,Playing squash,A man is seen standing in an enclosed room holding a tennis racket and performing various moves for the camera. the man,A,"Context:
""A man is seen standing in an enclosed room holding a tennis racket and performing various moves for the camera. the man""

Which of the following endings best completes the context?

Choices:
A. continues demonstrating how to properly use the tennis racket to hit the ball.
B. then hits the ball back and fourth while speaking to the camera one last time.
C. then hits the ball all around the room while turning and hitting it back to the person who is playing and then he continues to hit it across the room.
D. then begins hitting the basketball on the ground and the camera grabs a close up of his hands moving the tennis ball all around to hit.

Reply with exactly one uppercase letter out of A, B, C, or D.
",152
23141.0,Hitting a pinata,A man is standing outside under a tent hitting a pinata with a stick. after about three strings,B,"Context:
""A man is standing outside under a tent hitting a pinata with a stick. after about three strings""

Which of the following endings best completes the context?

Choices:
A. , he picks up the stick, after which he starts to swing as hard as he can hitting the pinata.
B. , he moves and gives the stick to a young girl with a grey and black dress on.
C. , he stops, lifts his pants and walks away.
D. , the man throws the pinata and takes a bow, then moves on his knees and sticks the pinata.

Reply with exactly one uppercase letter out of A, B, C, or D.
",137
44405.0,Laying tile,He starts on the wall and begins to explain what he is doing and why he is doing. once the grout,D,"Context:
""He starts on the wall and begins to explain what he is doing and why he is doing. once the grout""

Which of the following endings best completes the context?

Choices:
A. is in the wall he pushes the bar down and begins to move the whole wall.
B. becomes clear, he begins to incorporate more paint and places it in a box that is in the corner of the room.
C. is gone, he shows off the river spray he has made and then starts spraying a hole through the wall creating a cave like area.
D. begins to dry he informs you that you should wipe it down with a sponge various times.

Reply with exactly one uppercase letter out of A, B, C, or D.
",150
46707.0,Pole vault,"They seem to be very close and enjoy their last practice to the fullest, having fun instead of being sad. they",D,"Context:
""They seem to be very close and enjoy their last practice to the fullest, having fun instead of being sad. they""

Which of the following endings best completes the context?

Choices:
A. even play again gripping their sticks more firmly and moving their legs in sync.
B. even seem to have a bit of an ara-ple as they get ready for their final stunts.
C. even fall in love afterwards.
D. are ready for nationals at this point and are planning to do great and are grateful for being able to practice at a nice place.

Reply with exactly one uppercase letter out of A, B, C, or D.
",132
30490.0,Vacuuming floor,A woman is seen kneeling down next to a vacuum followed by several pictures of her vacuuming and moving around the carpet. more pictures,D,"Context:
""A woman is seen kneeling down next to a vacuum followed by several pictures of her vacuuming and moving around the carpet. more pictures""

Which of the following endings best completes the context?

Choices:
A. are shown of her bending down to break apart a piece of carpet and talking about it while pointing to parts of the carpet she vacuuming.
B. are shown of them vacuuming as well as a woman speaking to the camera.
C. are shown of her removing carpet from the floor and using it in a floor sweep.
D. are shown of the carpet as well as her kneeling down and she empties out a vacuum while still speaking to the camera.

Reply with exactly one uppercase letter out of A, B, C, or D.
",153
22617.0,Mowing the lawn,A man is standing outside in his front lawn with his mower. He talks about different lengths of grass for a while and then bends down to his mower. he,C,"Context:
""A man is standing outside in his front lawn with his mower. He talks about different lengths of grass for a while and then bends down to his mower. he""

Which of the following endings best completes the context?

Choices:
A. starts mowing his lawn and talks about how it turns out.
B. keeps on servicing the mower by doing some specific trestles.
C. uses a ruler to show more detailed and then moves the mower to the sidewalk to talk some more.
D. runs a leaf cutter over the side of the grass and gets back to mowing the lawn.

Reply with exactly one uppercase letter out of A, B, C, or D.
",137
25094.0,Hopscotch,A father and daughter are playing hop scotch on their tiled porch. the girl,D,"Context:
""A father and daughter are playing hop scotch on their tiled porch. the girl""

Which of the following endings best completes the context?

Choices:
A. lets go of the machine and let it fall back in the foot as the father proceeds to curl the treats into balls, as the daughter watches him.
B. stops her jump scotch and hops to the ground.
C. gets the high jump next to the dad.
D. is wearing a blue sleeveless shirt and shorts and the father is wearing a gray shirt and shorts.

Reply with exactly one uppercase letter out of A, B, C, or D.
",127
34470.0,Slacklining,We see men on a stage walking on a slack line as two other men film the event. They switch and a different man then walks the slackline who flips off the slackline. the men,B,"Context:
""We see men on a stage walking on a slack line as two other men film the event. They switch and a different man then walks the slackline who flips off the slackline. the men""

Which of the following endings best completes the context?

Choices:
A. except the man in the middle does back flips to the ground.
B. switch again and the first man is on the slackline.
C. routine around the sides the previous man and run, jump and flip as they do a hoop trick.
D. on the set film footage in slow motion.

Reply with exactly one uppercase letter out of A, B, C, or D.
",134
29127.0,Mixing drinks,Several shots of alcohol as well as ingredients are shown followed by a person pouring a mixture into a glass and cutting up limes. the person,B,"Context:
""Several shots of alcohol as well as ingredients are shown followed by a person pouring a mixture into a glass and cutting up limes. the person""

Which of the following endings best completes the context?

Choices:
A. then scrapes the top off of the glass and mixes with on top of the limes and pouring out water.
B. squeezes the limes as well as adding more ingredients and shaking them up together and presenting in a cocktail glass.
C. takes off all around the ingredients while also putting marshmallows on top.
D. then begins mixing all together into a pot in the background.

Reply with exactly one uppercase letter out of A, B, C, or D.
",143
47674.0,Tai chi,Two men demonstrate different martial arts moves together on a grass covered patch of land surrounded by trees. Two men exhibit a pushing hands exercise in the grass over and over again. the men,A,"Context:
""Two men demonstrate different martial arts moves together on a grass covered patch of land surrounded by trees. Two men exhibit a pushing hands exercise in the grass over and over again. the men""

Which of the following endings best completes the context?

Choices:
A. then progress around the grass and start moving around the small piece of land with the same move in rotation.
B. suddenly blow air out of their mouths and stop exercising in a synchronized manner.
C. demonstrate several different ways to move a body form in the yard while maintaining only a double line form on the grass.
D. 're standing in front of two women demonstrating arm wrestling stance exercises when they see a cameraman walk up to them and begin speaking to them.

Reply with exactly one uppercase letter out of A, B, C, or D.
",166
26757.0,Drinking coffee,A woman is seen speaking to the camera while sitting in front of a bed. She holds up a coffee cup on a plate as well as another cup. she,D,"Context:
""A woman is seen speaking to the camera while sitting in front of a bed. She holds up a coffee cup on a plate as well as another cup. she""

Which of the following endings best completes the context?

Choices:
A. eats more of the food on it as well as drinking from the mug afterwards.
B. then takes the cup and pours mayonnaise into both cups before presenting the cup to the camera.
C. then pours herself a cup of coffee too while speaking to the camera.
D. continues speaking while holding up coffee cups.

Reply with exactly one uppercase letter out of A, B, C, or D.
",131
45569.0,Playing polo,A lush green field of grass is shown and a horse begins trotting across the field in a game of polo. after,B,"Context:
""A lush green field of grass is shown and a horse begins trotting across the field in a game of polo. after""

Which of the following endings best completes the context?

Choices:
A. , several boys show up and begin to pole vault into the field and lay on the grass as many others are shown doing the same.
B. , four men and a referee begin racing towards the middle of the field and starting a game of polo.
C. the polo game, the announcer speaks and the horse stands a met awhile to race.
D. , a hill appears as he mows the grass in front of him and he continues to ride the horse.

Reply with exactly one uppercase letter out of A, B, C, or D.
",153
28299.0,Making a lemonade,The lady waves to the camera and we see the title screen. The lady talks and we see her add strawberries to a glass. the lady,D,"Context:
""The lady waves to the camera and we see the title screen. The lady talks and we see her add strawberries to a glass. the lady""

Which of the following endings best completes the context?

Choices:
A. pours wine into a pitcher, adds a little bit of peanut butter and pours the drink in a cup with an ice.
B. adds a flamingos cream and water.
C. pours after wash in a glass and lifts it to her face.
D. juices a lemon, stirs it and pours the lemon juicer over the strawberries.

Reply with exactly one uppercase letter out of A, B, C, or D.
",131
2587.0,Trimming branches or hedges,An outdoor garden is seen and a man in tshirt stands in it holding a pair of sheers. Mellons are seen throughout the garden. the man,C,"Context:
""An outdoor garden is seen and a man in tshirt stands in it holding a pair of sheers. Mellons are seen throughout the garden. the man""

Which of the following endings best completes the context?

Choices:
A. lights them and feeds them to two small dogs shoveling in the front yard.
B. begins cutting the sheers and shaving them.
C. points to the melons up against the wall and begins trimming them with his sheers throwing them to the side.
D. cuts the sheers with a board and holds pair of blades using both hands.

Reply with exactly one uppercase letter out of A, B, C, or D.
",138
46605.0,Ironing clothes,The boy starts unfolding a shirt and then taking the toy iron and start to pretend that he is ironing the shirt. when he,D,"Context:
""The boy starts unfolding a shirt and then taking the toy iron and start to pretend that he is ironing the shirt. when he""

Which of the following endings best completes the context?

Choices:
A. is done, he puts two shirts in a closet and then another one with a shirt on it, and a pocket knife.
B. is done ironing the shirt he puts it down and waits for a replay.
C. is done he smiles at the camera and rinses his hands off in the sink.
D. is finished he puts the iron down and folds the shirt, next he takes a pair of shorts and pretends to iron those as well.

Reply with exactly one uppercase letter out of A, B, C, or D.
",153
47178.0,Playing harmonica,"Then, the person stops playing and talks. After, the person continues playing while marking the compass of the music with his hands. next",C,"Context:
""Then, the person stops playing and talks. After, the person continues playing while marking the compass of the music with his hands. next""

Which of the following endings best completes the context?

Choices:
A. , the person play on his front feet, then turns to look at the camera and plays until the end.
B. , the person zooms in the manmade instruments, then with his eyes side to side, then they play again.
C. , the person stops playing and talks.
D. , the person fill water holes with lime water and place it in the water, then cleans the player's marks with a towel.

Reply with exactly one uppercase letter out of A, B, C, or D.
",149
1805.0,Hand washing clothes,The women soak the clothes in the soap water and rinse them out to clean them. Then she put the clothes in a large metal drum that spins rapidly to drain off excess water. they,D,"Context:
""The women soak the clothes in the soap water and rinse them out to clean them. Then she put the clothes in a large metal drum that spins rapidly to drain off excess water. they""

Which of the following endings best completes the context?

Choices:
A. are then performed by a machine.
B. pull out their clothes from the drums and spray foam on top.
C. look in the mirror to see the water dripping from their clothing.
D. then go on top of their building in an open terrace where ropes are tied across the walls.

Reply with exactly one uppercase letter out of A, B, C, or D.
",130
33262.0,Beer pong,"One of the men throws a beer pong ball across the table, into a cup. The other man with him throws a ball across the table, too. two other men",A,"Context:
""One of the men throws a beer pong ball across the table, into a cup. The other man with him throws a ball across the table, too. two other men""

Which of the following endings best completes the context?

Choices:
A. stand on the far right side of the beer pong table, and one of the men reaches to grab the cup where the ball fell into, and the other man bends down to catch a ball that has fallen on the floor.
B. serve and a game of table foosball continues.
C. play table tennis while a man in a red shirt watches their green cups.
D. throw a ball across the table at the same time.

Reply with exactly one uppercase letter out of A, B, C, or D.
",157
20119.0,Knitting,An older woman is seen sitting in a chair knitting while holding two needles and leads into her showing off her knitting basket and speaking to the camera. the woman,A,"Context:
""An older woman is seen sitting in a chair knitting while holding two needles and leads into her showing off her knitting basket and speaking to the camera. the woman""

Which of the following endings best completes the context?

Choices:
A. continues speaking while holding the knitting tools and ends by fading to black.
B. sharpens the needle and leads into her striking a picture onto the screen.
C. continues speaking to the camera and walks away while catching her hand and playing with her while some dogs quickly follow her while she floors and hangs up her across the back.
D. continues to talk and the camera follows her sitting while extending her paw while looking into a mirror.

Reply with exactly one uppercase letter out of A, B, C, or D.
",154
43610.0,Arm wrestling,They play various matches of arm wrestling and interview a woman onlooker who also wants to arm wrestle. the man,A,"Context:
""They play various matches of arm wrestling and interview a woman onlooker who also wants to arm wrestle. the man""

Which of the following endings best completes the context?

Choices:
A. lets her win their arm wrestling match and the girl seems giddy.
B. is interviewed by another woman in chinese clothing, and then the two go back to when they first entered the game.
C. appears alone at the other end of the game, with a woman at his right and darts left while shots of his arm are shown to the audience.
D. in blue shirts goes up and someone starts doing shoulder wrestling with a man dressed in a black shirt.

Reply with exactly one uppercase letter out of A, B, C, or D.
",153
45468.0,Arm wrestling,The two men arm wrestle as the make jokes and laugh while doing it. One man gives up and both of the men talk and laugh about the match. one man,A,"Context:
""The two men arm wrestle as the make jokes and laugh while doing it. One man gives up and both of the men talk and laugh about the match. one man""

Which of the following endings best completes the context?

Choices:
A. grunts and throws his hands up in victory.
B. is presented with a green card.
C. gives up and the winner sets up to fight.
D. decides that breaking the fighters arm is the best thing to do in the end and drops the hand and walks away laughing at the same time.

Reply with exactly one uppercase letter out of A, B, C, or D.
",130
31925.0,Washing hands,He takes a pump from the liquid hand soap from the sink counter. He then turns on the water and and washes his hands. after he,B,"Context:
""He takes a pump from the liquid hand soap from the sink counter. He then turns on the water and and washes his hands. after he""

Which of the following endings best completes the context?

Choices:
A. is finished he resumes scrubbing his hands.
B. 's done washing, he uses a white hand towel that is lying next to the sink on the counter.
C. is done washing, he leans over a little to get a fix on the leak in the pipes.
D. is done they see a picture of the pump that was turned on.

Reply with exactly one uppercase letter out of A, B, C, or D.
",135
13634.0,Throwing darts,A man is concentrating extremely hard as he is throwing darts on to a board at a tournament. People cheer and screen for him as another man approaches the board and hives him competition. the two,C,"Context:
""A man is concentrating extremely hard as he is throwing darts on to a board at a tournament. People cheer and screen for him as another man approaches the board and hives him competition. the two""

Which of the following endings best completes the context?

Choices:
A. watch him as he discusses how the shot is made and also talks about competition.
B. men shake its hands and give each other high fives and a handshake.
C. go back and forth, however the first guy appears to be the fan's favorite and ends up winning the game.
D. men finish, the camera closes and the person notices his ice cream cone in the pan.

Reply with exactly one uppercase letter out of A, B, C, or D.
",153
12693.0,Shot put,She throws the ball and again prepares for another throw. She spins around throwing the ball yet again with a third throw followed shortly after. she,C,"Context:
""She throws the ball and again prepares for another throw. She spins around throwing the ball yet again with a third throw followed shortly after. she""

Which of the following endings best completes the context?

Choices:
A. finally throws the ball but doesn't make it back to the goal and scores a point.
B. picks up an air pump, throws it and stops in front of her.
C. performs one last throw and spins herself around once again.
D. attacks and throws the ball again with her hands if only while caught by the project team.

Reply with exactly one uppercase letter out of A, B, C, or D.
",131
6438.0,Playing saxophone,A man is standing on top of a white table playing the saxophone with one of his arms behind his back. after a few notes,D,"Context:
""A man is standing on top of a white table playing the saxophone with one of his arms behind his back. after a few notes""

Which of the following endings best completes the context?

Choices:
A. , a baby appears sitting on the table and he begins to play more deeply, warming himself with his hands.
B. , the man does something and he stops playing and shows his arms and making gestures, then stands up.
C. , he stands up and walks away.
D. , he touches someone in the crowd, moves his hand and begins playing the correct way.

Reply with exactly one uppercase letter out of A, B, C, or D.
",137
25045.0,Doing karate,"He starts to do some of his karate moves, moving all around the court. He is a blue belt being judged for his skills. he",B,"Context:
""He starts to do some of his karate moves, moving all around the court. He is a blue belt being judged for his skills. he""

Which of the following endings best completes the context?

Choices:
A. continues to dance around the court as he tries to avoid being run over.
B. bows gracefully before walking off and the judges throw up their flags.
C. turns and bends to his side, mistakes his moves, and goes to center.
D. slows his movements a bit to catch his breath and his feet are ready to kick.

Reply with exactly one uppercase letter out of A, B, C, or D.
",131
1325.0,Washing hands,A young lady with a grey jacket on is standing in front of a sink lathering her hands. she,A,"Context:
""A young lady with a grey jacket on is standing in front of a sink lathering her hands. she""

Which of the following endings best completes the context?

Choices:
A. then turns the water on and begins to rinse her hands and flex her fingers to make sure all of the soap is off.
B. places the sponge into a yellow bowl on top of the sink and continues to start scrubbing the sink.
C. then turns on the water and scrubs with a small green soap.
D. bubbles the soap in the water and drops it into a bowl.

Reply with exactly one uppercase letter out of A, B, C, or D.
",135
44940.0,Walking the dog,Thw woman is sitting in a terrace talking to the camera. Woman is walking in a sidewalk with a white small dog and enters in a house. the woman,D,"Context:
""Thw woman is sitting in a terrace talking to the camera. Woman is walking in a sidewalk with a white small dog and enters in a house. the woman""

Which of the following endings best completes the context?

Choices:
A. wash the dog so he eats some food.
B. is siting on a sofa in lawn, eating chinese food and the dog is sitting on an ax in the yard.
C. is moving the small dog to bend the woman and hug her.
D. is again in the terrace talking to the camera.

Reply with exactly one uppercase letter out of A, B, C, or D.
",130
38349.0,Hula hoop,The boy enters the stage and begins hula hooping with many white hula hoops while people on the side watch. the boy,B,"Context:
""The boy enters the stage and begins hula hooping with many white hula hoops while people on the side watch. the boy""

Which of the following endings best completes the context?

Choices:
A. grabs the hula hoop and spins it around his body wearing one leg on the ground and jumps up and spins even faster to fill in the empty seat.
B. ends in a floor hula hoop routine before the woman returns to the stage, shakes his hand, and he leaves the stage.
C. then stops for a little bit and goes back to where he started.
D. then slows down and begins to jump into hoops.

Reply with exactly one uppercase letter out of A, B, C, or D.
",148
13850.0,Skiing,Snowboarder is in big field in white snow. A cubicle in the mountain and slip down the mountain in snowboard. people,D,"Context:
""Snowboarder is in big field in white snow. A cubicle in the mountain and slip down the mountain in snowboard. people""

Which of the following endings best completes the context?

Choices:
A. run to the hill and climb the glacier.
B. ski down hill with snow putted on an ski with letters.
C. in the green office are sitting in their snowy snowsledding inmountain and waiting for their snowboarder to catch up.
D. is in cubicle and moving down the mountain in snowboard and pass by a parking lot.

Reply with exactly one uppercase letter out of A, B, C, or D.
",138
28196.0,Making a lemonade,A close up of drinks are shown that leads into a woman speaking to the camera. The woman has various ingredients laid out in front of her and begin mixing them all together. she,A,"Context:
""A close up of drinks are shown that leads into a woman speaking to the camera. The woman has various ingredients laid out in front of her and begin mixing them all together. she""

Which of the following endings best completes the context?

Choices:
A. pours the mixture into glass and ends by putting leaves inside and presenting them to the camera.
B. adds a lot of ingredients to several different drinks and pans the cakes in the end.
C. takes a spoon and swirls it around in various amounts together and twists it all together.
D. continues pouring the drink into a bowl with milk and orange juice.

Reply with exactly one uppercase letter out of A, B, C, or D.
",143
5635.0,Spinning,A woman is seen speaking to the camera while pointing to an exercise bike. Sh adjusts the settings on the bike and climbs on top to begin riding. she,A,"Context:
""A woman is seen speaking to the camera while pointing to an exercise bike. Sh adjusts the settings on the bike and climbs on top to begin riding. she""

Which of the following endings best completes the context?

Choices:
A. continues riding on the bike and stopping to adjust settings.
B. moves her hands around the machine as well as using her legs and steering the machine.
C. moves the tire all along the bike while speaking to the camera and pointing to the bike.
D. reaches into a case and pulls out a canvas.

Reply with exactly one uppercase letter out of A, B, C, or D.
",128
3694.0,Rock-paper-scissors,A young girl is standing in the room in a black cami and black and white legs preparing talking. she,A,"Context:
""A young girl is standing in the room in a black cami and black and white legs preparing talking. she""

Which of the following endings best completes the context?

Choices:
A. is then shown talking to a young girl with a pink sweater and black skirt and multiple games of rock paper scissors are being played between her and two other girls.
B. takes a deep breath and begins by grabbing a curling icicle off of a table in front of her.
C. then demonstrates how to properly exercise using exercise capoeira and has all her legs rolled up to her side and parallel to the floor and using a gift to help her exercise perfectly.
D. is sitting on a black beat up piece putting on black shoes.

Reply with exactly one uppercase letter out of A, B, C, or D.
",166
13322.0,Baking cookies,She begins with all the ingredients she will need for the cookies and begins to combine the dry ingredients. she,B,"Context:
""She begins with all the ingredients she will need for the cookies and begins to combine the dry ingredients. she""

Which of the following endings best completes the context?

Choices:
A. shows the sandwich section, where the ingredients are put together into small bags with forks, cheese, cookies and baking soda.
B. then proceeds to mix the wet ingredients in a glass bowl.
C. sprinkles them onto a cookie sheet.
D. also takes a boat to put her leftovers on the boat while she's cooking and presents it to the camera.

Reply with exactly one uppercase letter out of A, B, C, or D.
",128
40458.0,Arm wrestling,Two men are seen leading over the hood of the car while grabbing onto each other's hands. they,C,"Context:
""Two men are seen leading over the hood of the car while grabbing onto each other's hands. they""

Which of the following endings best completes the context?

Choices:
A. climb into the car while another driver is seen riding on a motorcycle and grabbing hold of people as well.
B. begin break dancing together on the sides while running in the middle with one holding the other.
C. then begin a game of arm wrestling and ends with one man winning and both looking at the camera and one holding his wrist.
D. move all along the car jumping on and off the ends while the driver drives, laughing and playing with one another.

Reply with exactly one uppercase letter out of A, B, C, or D.
",149
23912.0,Elliptical trainer,She places her hands around a piece and it allows her to she her stride and speed as well as her heartbeat and stuff. she,C,"Context:
""She places her hands around a piece and it allows her to she her stride and speed as well as her heartbeat and stuff. she""

Which of the following endings best completes the context?

Choices:
A. is able to are performing items work out with the big blends, clipping, clipping and bing bing, taking off, stashing and securing the camera.
B. releases the dumbbell on her handlebars, she then does several jumps up and down and does all the twirling of the baton on her hips.
C. changes the her speed and drink some water and keeps on going.
D. does this with her feet and putting her hands to the ground.

Reply with exactly one uppercase letter out of A, B, C, or D.
",156
17834.0,Removing curlers,While the lady in the black blouse curls the child's hair the little girl is holding a sponge curler and hands it to the lady one at a time. the little girl with all the curlers in her hair,C,"Context:
""While the lady in the black blouse curls the child's hair the little girl is holding a sponge curler and hands it to the lady one at a time. the little girl with all the curlers in her hair""

Which of the following endings best completes the context?

Choices:
A. is letting the curler pick out the toddler's hair.
B. smiles and asks the camera to rewind.
C. looks at herself in the mirror and poses and smiles at herself.
D. begins to curlers and begins to blow dry the curls.

Reply with exactly one uppercase letter out of A, B, C, or D.
",129
44008.0,Cleaning shoes,The woman stands up and points the camera to the door into the bathroom where a man is washing his sneakers in the sink with a brush. the blond woman,D,"Context:
""The woman stands up and points the camera to the door into the bathroom where a man is washing his sneakers in the sink with a brush. the blond woman""

Which of the following endings best completes the context?

Choices:
A. in gray makes her way and starts putting her shoes on.
B. is washing her hand against the sink mixing little washing products and still images of the man bring images to the screen.
C. steps back outside and sticks out her left leg out to the camera.
D. walks back into the room and shows all the various pairs of sneakers the man has laying all over the hotel room.

Reply with exactly one uppercase letter out of A, B, C, or D.
",144
36702.0,Longboarding,"One person staggers and falls from the skateboard, and only the road and the sky can be seen. Then, the person continues skateboarding and falls again on the road. after",A,"Context:
""One person staggers and falls from the skateboard, and only the road and the sky can be seen. Then, the person continues skateboarding and falls again on the road. after""

Which of the following endings best completes the context?

Choices:
A. , the person shows his injured legs and the broken shin pads and tennis shoes.
B. , another person stumbles and falls, and a man look.
C. , the man stands up, and again falls, but this time with the skateboard.
D. , the person stops and rises his skateboard.

Reply with exactly one uppercase letter out of A, B, C, or D.
",132
6924.0,Blowing leaves,"A man videotapes himself and a group of workers blowing leaves in the front yard of an apartment complex. a man, in a black t - shirt ,",A,"Context:
""A man videotapes himself and a group of workers blowing leaves in the front yard of an apartment complex. a man, in a black t - shirt ,""

Which of the following endings best completes the context?

Choices:
A. talks to himself while walking and recording himself with a camera.
B. ice skates down the street and up the stairs after the others.
C. is doing karate moves, while another man does boxing punches.
D. is smoking a hookah pipe while also filming himself while the camera is turned off.

Reply with exactly one uppercase letter out of A, B, C, or D.
",128
320.0,Hanging wallpaper,There's a home improvement specialist demonstrating how to remove wallpaper from walls. he,A,"Context:
""There's a home improvement specialist demonstrating how to remove wallpaper from walls. he""

Which of the following endings best completes the context?

Choices:
A. starts of by preparing the space by moving furniture away from the walls and covering the furniture with plastic sheets for protection.
B. uses a broom and dustpan to clean off the wallpaper.
C. is sitting on a sofa talking and adding plaster to a flat screen tv that has a person standing behind him explaining how to remove plaster.
D. is talking about how to smooth out the wallpaper very slowly with clippers.

Reply with exactly one uppercase letter out of A, B, C, or D.
",134
9139.0,Making a cake,Baker artist then mixes a liquid and another powder mixture together and gets a different color texture. The artist then paints on the liquid onto the entire fish cake. the artist,B,"Context:
""Baker artist then mixes a liquid and another powder mixture together and gets a different color texture. The artist then paints on the liquid onto the entire fish cake. the artist""

Which of the following endings best completes the context?

Choices:
A. then cuts the fish's tail as close to the head as he can.
B. shows a bottle of blue color liquid which he uses to paint stripes on to the fish cake.
C. rinses the orange colored cake and puts it in a bucket, on the table.
D. then takes a bowl of chopped candies and leaves it there to work as he is session in the end.

Reply with exactly one uppercase letter out of A, B, C, or D.
",147
24992.0,Using parallel bars,"He then starts to do dips down to his armpits on the parallel bars called russian dips, while keeping his legs in the air. a man",C,"Context:
""He then starts to do dips down to his armpits on the parallel bars called russian dips, while keeping his legs in the air. a man""

Which of the following endings best completes the context?

Choices:
A. wearing a white burka is sitting in a room with lots of jury like chairs and seems to be ready for this performance.
B. pulls the zebra on one hand as he leans backward too quickly.
C. does dips with his body in front of the bar and legs swoops underneath the bar.
D. in the crowd look around while watching the other guy dance.

Reply with exactly one uppercase letter out of A, B, C, or D.
",140
42535.0,Doing karate,"The class then turns around and begins to walk, kick and punch in the direction they just came from. the class",B,"Context:
""The class then turns around and begins to walk, kick and punch in the direction they just came from. the class""

Which of the following endings best completes the context?

Choices:
A. starts to cheer that they are going to be part of another demo tape.
B. turns around when they get to the end, stops, and the instructor begins talking and demonstrating a kick and a punch to them, moves out of the way and the class resumes.
C. does a split on the uneven kick and continue to walk in the direction of the students, other student and instructors who are standing or standing a in place to participate.
D. then moves off and a disappointed speaker follows behind them.

Reply with exactly one uppercase letter out of A, B, C, or D.
",159
11971.0,Horseback riding,"A police officer is riding a horse down the street very slowly. Many bystanders are walking by, cars are passing and casually moving along. its just a normal day",A,"Context:
""A police officer is riding a horse down the street very slowly. Many bystanders are walking by, cars are passing and casually moving along. its just a normal day""

Which of the following endings best completes the context?

Choices:
A. riding down the street protecting serving, making sure no crimes are being committed.
B. in the city, all normal that is going on as they pedal on their horses.
C. , the hiking path to the turkish ruins.
D. in a cowboy town holding the reins of a horse.

Reply with exactly one uppercase letter out of A, B, C, or D.
",127
42493.0,Ironing clothes,A woman with short hair is seen talking to the camera then flipping a pair of paints inside out. she,C,"Context:
""A woman with short hair is seen talking to the camera then flipping a pair of paints inside out. she""

Which of the following endings best completes the context?

Choices:
A. then paints her upper and lower half of her face with a spray bottle and packaging paper.
B. then paints a rag over part of them and finally colors them in.
C. folds the pants neatly on an ironing board and begins ironing the paints thoroughly.
D. paints a couch white with yellow flowers and a blue ribbon around the edges.

Reply with exactly one uppercase letter out of A, B, C, or D.
",126
27272.0,Paintball,A shot of balls are shown as well as clips of people surfing and walking around. More people are seen playing paintball as others speak to one another as well as surf. the video,B,"Context:
""A shot of balls are shown as well as clips of people surfing and walking around. More people are seen playing paintball as others speak to one another as well as surf. the video""

Which of the following endings best completes the context?

Choices:
A. continues on showing more jumps and more people speaking to one another.
B. continues on with several shots of people playing paintball that transitions into people skateboarding and walking around.
C. ends with a clip of a young man interviewing the camera in front of a large audience.
D. continues more people playing at various events and people running around.

Reply with exactly one uppercase letter out of A, B, C, or D.
",141
32195.0,Building sandcastles,Then focuses back onto the children in the sand that are continuing to dig into the sand and pile sand into a big pile. one of the girls,A,"Context:
""Then focuses back onto the children in the sand that are continuing to dig into the sand and pile sand into a big pile. one of the girls""

Which of the following endings best completes the context?

Choices:
A. then runs out of the shot and the other girl and the only boy remain near their small pile of sand.
B. has the camera on a boy that is hanging from the rope.
C. goes back to digging and a dragon comes along and starts to drag her towards it, as the children continue to shovel the sand around the sand pit.
D. goes swimming through the water looking for sharks and as she is diving a tiny white shark picks her up and holds it up to the camera.

Reply with exactly one uppercase letter out of A, B, C, or D.
",164
44684.0,Hula hoop,A small girl is seen hula hooping over and over again with her hands on her hips. the girl,A,"Context:
""A small girl is seen hula hooping over and over again with her hands on her hips. the girl""

Which of the following endings best completes the context?

Choices:
A. spins around with the hula hoop moving from her feet to her knees as well as the rest of her body.
B. moves all over the bar with her hands hanging down her sides and ends by smiling to the camera.
C. takes off then back ins the water when she is done.
D. continues shaking her hips and ends by jumping up and walking away from the camera.

Reply with exactly one uppercase letter out of A, B, C, or D.
",134
23661.0,Hurling,Two people are seen speaking to the camera and leads into them passing a ball on sticks to one another. the woman,D,"Context:
""Two people are seen speaking to the camera and leads into them passing a ball on sticks to one another. the woman""

Which of the following endings best completes the context?

Choices:
A. is seen riding around with the ball while another runs up and hits the ball.
B. juggle balls and watch them bounce around on the stick while others pass a ball back and fourth.
C. continues speaking to the camera and giving the boy various pointers while other people play soccer.
D. pauses to speak to the camera several times as well as show more clips of the two hitting the ball.

Reply with exactly one uppercase letter out of A, B, C, or D.
",139
28487.0,Cleaning windows,"First, he grabs the sponge like mom and wets the window and grabs a razor like tool to clean it. he",C,"Context:
""First, he grabs the sponge like mom and wets the window and grabs a razor like tool to clean it. he""

Which of the following endings best completes the context?

Choices:
A. puts the razor on a cup and uses his gloved hand to brush the window.
B. also takes a sharp metal stick which he uses to scrape something off of the window.
C. notices a few smudges and begins wiping the window again but in a different direction.
D. moves the light by the window and starts cutting the edges off the small evergreen.

Reply with exactly one uppercase letter out of A, B, C, or D.
",135
33118.0,Playing harmonica,The lady continues playing the harmonica as the elevator moves further and stops at other levels and more people walk in. people,D,"Context:
""The lady continues playing the harmonica as the elevator moves further and stops at other levels and more people walk in. people""

Which of the following endings best completes the context?

Choices:
A. wrench the ramps and levels as the camera follows their movements that lead to the lady hitting harmonies and some hokey syllables.
B. are moving in a line as the lady plays.
C. start to take pictures of the harmonica as they walk through the lobby and outside to the bike repair shop.
D. continue to get on and off the elevator but she continues to play her harmonica.

Reply with exactly one uppercase letter out of A, B, C, or D.
",140
12396.0,Using the rowing machine,A man sits on a rowing machine in a gym and talks to the camera while demonstrating how to use a rowing exercise machine. the man,B,"Context:
""A man sits on a rowing machine in a gym and talks to the camera while demonstrating how to use a rowing exercise machine. the man""

Which of the following endings best completes the context?

Choices:
A. looks to the camera and gives a thumbs up.
B. begins to exercise on the machine slowly, all while talking to the camera, eventually building up to a more fast paced work out on the same machine.
C. adjusts the using of a direction lever in a rowing machine.
D. demonstrates the moves way a person performs and annoys while talking.

Reply with exactly one uppercase letter out of A, B, C, or D.
",136
9769.0,Baton twirling,The baton girl picks up 2 more batons and continues her routine while using all 3 batons. the baton girl,B,"Context:
""The baton girl picks up 2 more batons and continues her routine while using all 3 batons. the baton girl""

Which of the following endings best completes the context?

Choices:
A. then twirls the batons around her waist while twirling.
B. drops 1 of the batons and finishes her routine with 2 batons, waves when she's done and bends down to pick up her batons.
C. takes a backflip and lands on the ground on to her back.
D. waves her arms and continues receiving all four batons.

Reply with exactly one uppercase letter out of A, B, C, or D.
",139
22913.0,Sharpening knives,A chef in the kitchen wearing a chef hat is giving instructions on how to sharpen a knife. He brings the knife to a sharpener and begins slowly to demonstrate. he,A,"Context:
""A chef in the kitchen wearing a chef hat is giving instructions on how to sharpen a knife. He brings the knife to a sharpener and begins slowly to demonstrate. he""

Which of the following endings best completes the context?

Choices:
A. picks up the sharpening tool and talks about what he will do next and begins to sharpen again.
B. explains the proper way to cut a clam shape.
C. wets the knife in the sharpener and pours water into it.
D. keeps the knife from sharpener down until it's an inch from sharpener.

Reply with exactly one uppercase letter out of A, B, C, or D.
",135
18758.0,Doing a powerbomb,Two of the boys pick the little girl up and prop her on the shoulders of the boy wearing a white t-shirt. The boy wearing the white t-shirt then lets her fall backwards onto the bed softly. the three boys,D,"Context:
""Two of the boys pick the little girl up and prop her on the shoulders of the boy wearing a white t-shirt. The boy wearing the white t-shirt then lets her fall backwards onto the bed softly. the three boys""

Which of the following endings best completes the context?

Choices:
A. then catch her up and hold her down under the chin press until the boy in the white shirt falls onto the bed.
B. again straitens on top of each other making some sort of an arm wrestling match.
C. then carry her to their side of the bed and lay down where they can reach their faces to kiss her.
D. then do a fist shake while the little girl lays on the bed.

Reply with exactly one uppercase letter out of A, B, C, or D.
",164
7433.0,Making a cake,"A white screen appears with his logo on the left, and all of his detailed information for his shop and contact information on the right. the man and his workers",A,"Context:
""A white screen appears with his logo on the left, and all of his detailed information for his shop and contact information on the right. the man and his workers""

Which of the following endings best completes the context?

Choices:
A. are now outside of the shop where they carefully load the large cake into their red company car.
B. and competitors begin to fall off their track as they both score a point in one or the other jumps.
C. talk about the repeat course for having a christmas party.
D. then unscrew a tire and peel it off.

Reply with exactly one uppercase letter out of A, B, C, or D.
",134
10810.0,Waterskiing,A person is shown on skis riding behind a boat on water performing various tricks. the man,D,"Context:
""A person is shown on skis riding behind a boat on water performing various tricks. the man""

Which of the following endings best completes the context?

Choices:
A. is zoomed in on the ice while making numerous tricks and jumps.
B. rides in the boat and they turn around several times to find the other man before dropping back behind the boat to continue skiing on water skis.
C. is fell down into the water getting himself back up and riding the boat.
D. continues doing several different tricks on the skis and the boat moving a lot faster.

Reply with exactly one uppercase letter out of A, B, C, or D.
",135
50141.0,Mixing drinks,A close up of lemonade is shown followed by a man standing behind a bar speaking to the camera with various ingredients. the man,D,"Context:
""A close up of lemonade is shown followed by a man standing behind a bar speaking to the camera with various ingredients. the man""

Which of the following endings best completes the context?

Choices:
A. combines ingredients into a blender and mixes up the drink and rubs it closely onto the bars.
B. mixes various ingredients up into a glass that door and pours them into a shaker.
C. mixes various ingredients together in a glass and then glasses the drink.
D. then pours several liquids out into a glass, shakes it up, and then pours it into a glass with a lemon on top.

Reply with exactly one uppercase letter out of A, B, C, or D.
",142
34264.0,Mooping floor,The man takes the mop out of the red bucket and moves the bucket aside. The lady stands next to a male. The lady gestures with her hands. the man,C,"Context:
""The man takes the mop out of the red bucket and moves the bucket aside. The lady stands next to a male. The lady gestures with her hands. the man""

Which of the following endings best completes the context?

Choices:
A. moves to the mop again and steps it aside.
B. moves an object and waves a pink wand.
C. hands the mop to the lady and empties the red bucket in the sink.
D. takes a blue bucket and sprays the frame, then puts it back on the rack.

Reply with exactly one uppercase letter out of A, B, C, or D.
",127
6028.0,Running a marathon,Another man is talking about the tribes and is seen jogging in the wilderness with a dog. Another lady wearing a pink shirt is talking about her marathon experience. a couple of people,B,"Context:
""Another man is talking about the tribes and is seen jogging in the wilderness with a dog. Another lady wearing a pink shirt is talking about her marathon experience. a couple of people""

Which of the following endings best completes the context?

Choices:
A. are shown riding on the dune horses as they complete their journey and come face to face with their opponent on the dune horses.
B. are seen sharing their stories and experience about their jogging expedition in the mountains and their participation in the marathon races.
C. run together beside the rink.
D. are shown walking through a tunnel while the guide is standing beside them talking.

Reply with exactly one uppercase letter out of A, B, C, or D.
",148
49695.0,Having an ice cream,The light shines bright on the right and scares the baby who begins to cry hard. The light fades and the baby calms down and looks all around the car. the baby,A,"Context:
""The light shines bright on the right and scares the baby who begins to cry hard. The light fades and the baby calms down and looks all around the car. the baby""

Which of the following endings best completes the context?

Choices:
A. throws his right arm in the air.
B. laughs and it calms down and starts moving and feetfirst talking.
C. stands on the car nose to nose with the door handle and screams because her nose is broken.
D. stops crying then gets down and starts to play with the car.

Reply with exactly one uppercase letter out of A, B, C, or D.
",130
20364.0,Making a cake,Man is in the kitchen and pour some ingredients inside a cooking pot and mix them while is boiling water and put the pot on top of the boiled water. man,C,"Context:
""Man is in the kitchen and pour some ingredients inside a cooking pot and mix them while is boiling water and put the pot on top of the boiled water. man""

Which of the following endings best completes the context?

Choices:
A. is cooking the boiled water in a kitchen and adding ice cubes and pureed zucchini.
B. is washing dishes in the kitchen and put the mixture in a pot.
C. start mixing in a kitchen aid and create a white cream.
D. mixes all the ingredients from the pot into the saucepan and heats it with a propane knife.

Reply with exactly one uppercase letter out of A, B, C, or D.
",137
28725.0,Walking the dog,A cat is on the screen with a title of the video. A dog and cat are walking along a brick sidewalk. They pass some puddles and keep walking. the dog,A,"Context:
""A cat is on the screen with a title of the video. A dog and cat are walking along a brick sidewalk. They pass some puddles and keep walking. the dog""

Which of the following endings best completes the context?

Choices:
A. stops to sniff the wall as the cat continues on.
B. and cat do occasional tricks towards each other as they pass the trash as they paw at it.
C. is pointing to the items in front of him.
D. then does off on its own on the sidewalk.

Reply with exactly one uppercase letter out of A, B, C, or D.
",126
31449.0,Hand washing clothes,An elderly woman pans to the camera and does various hand movements on the floor. the woman,D,"Context:
""An elderly woman pans to the camera and does various hand movements on the floor. the woman""

Which of the following endings best completes the context?

Choices:
A. shakes her hips and lifts a leg out from an out of forward motion position.
B. is now standing on the bottom rung of her washing machine and continues to wash her shoes as she stares at dusty spots on the floor.
C. continues to work and ends by dropping man in a field.
D. grabs several items of clothing and shows how she washes them in the sink.

Reply with exactly one uppercase letter out of A, B, C, or D.
",132
46465.0,Futsal,"Words on screen present ""ricardinho 5 anos de magia"" appear. Ricardinho appears running on several fields of play both indoors and out. he",A,"Context:
""Words on screen present ""ricardinho 5 anos de magia"" appear. Ricardinho appears running on several fields of play both indoors and out. he""

Which of the following endings best completes the context?

Choices:
A. scores several goals into the nets at different games.
B. basically runs on the field, chasing a ball, backflips, and turns.
C. at the top of a slope performing several tumbling jumps, including acrobatics.
D. discusses the technique used inside the field and with players holding racquets and occasionally dancing.

Reply with exactly one uppercase letter out of A, B, C, or D.
",136
36102.0,Braiding hair,"The words ""redken ready"" appear in large theater style lights behind a woman getting her hair done. A man speak to the camera with a woman seated next to him. tools and products",D,"Context:
""The words ""redken ready"" appear in large theater style lights behind a woman getting her hair done. A man speak to the camera with a woman seated next to him. tools and products""

Which of the following endings best completes the context?

Choices:
A. are shown being worked on the hair as well as the accessories and cuts.
B. are sitting on a table and the woman begins to cut her big hair.
C. are shown on a table while he continues to talk about.
D. are listed for "" the look "".

Reply with exactly one uppercase letter out of A, B, C, or D.
",129
8133.0,Wakeboarding,A person is seen moving along a flooded road when a car takes off and he rides behind on a board. the person,C,"Context:
""A person is seen moving along a flooded road when a car takes off and he rides behind on a board. the person""

Which of the following endings best completes the context?

Choices:
A. continues driving along the roads while others help along both sides.
B. moves continuously with the wheel on a small boat while other people ride on the back.
C. rides in the water all along the street and ends with him waving his arms up into the air.
D. continues riding through the area and shows off a bottle of soap while others watch.

Reply with exactly one uppercase letter out of A, B, C, or D.
",130
25054.0,Making a lemonade,The host begins to make the drink by starting a syrup. Next lemons are sliced on a cutting board. The many lemons are juiced one by one. the host,A,"Context:
""The host begins to make the drink by starting a syrup. Next lemons are sliced on a cutting board. The many lemons are juiced one by one. the host""

Which of the following endings best completes the context?

Choices:
A. fills the container with ice and pours in the liquid ingredients, followed by basil and lemon slices.
B. then juices the lemons with a grinder and uses ice.
C. shows more recipe cards and introducing the ingredients.
D. then pours the honey into a bowl along with the nuts and rubs that into the drink before mixing it with some ice.

Reply with exactly one uppercase letter out of A, B, C, or D.
",141
31451.0,Hand washing clothes,She holds a bar of soap and rubs it all over the clothes and dips it into the water. she,A,"Context:
""She holds a bar of soap and rubs it all over the clothes and dips it into the water. she""

Which of the following endings best completes the context?

Choices:
A. continues cleaning the clothes off in the water and showing how she cleans her clothes.
B. then sprays it all over the clothes and then you can see her painting something on the clothes next to the tub.
C. stares off into the distance.
D. scrubs the clothes out of the bath stick, then dips it in the water.

Reply with exactly one uppercase letter out of A, B, C, or D.
",126
957.0,Pole vault,A man stands by a pole vault rig while a series of vaulters is shown attempting the vault with varying degrees of success. A group of people wearing white uniforms walk by in the background. two people,A,"Context:
""A man stands by a pole vault rig while a series of vaulters is shown attempting the vault with varying degrees of success. A group of people wearing white uniforms walk by in the background. two people""

Which of the following endings best completes the context?

Choices:
A. walk by in the background.
B. go up to stand in front of the vault camera.
C. are shown practicing vault shooting while a group of other people watch and take pictures.
D. wearing orange uniforms pass by behind a net on a field.

Reply with exactly one uppercase letter out of A, B, C, or D.
",126
4956.0,Drinking coffee,The woman holding the bottle on the right tries to unscrew the bottle open and has a hard time so someone reaches in and opens it for her and hands it back. the women,C,"Context:
""The woman holding the bottle on the right tries to unscrew the bottle open and has a hard time so someone reaches in and opens it for her and hands it back. the women""

Which of the following endings best completes the context?

Choices:
A. claps as they all jump up and down.
B. are eventually able to open the bottle and it looks like a black substance trying to crawl out.
C. laugh, smell the contents in the bottle and the brunette tastes a little bit of it and they both laugh.
D. continue to check on facebook and twitter business and then the video ends.

Reply with exactly one uppercase letter out of A, B, C, or D.
",142
34639.0,Playing bagpipes,"The word ""ilbo"" is in a red font and scrolls down on the left hand side of the screen. the camera",B,"Context:
""The word ""ilbo"" is in a red font and scrolls down on the left hand side of the screen. the camera""

Which of the following endings best completes the context?

Choices:
A. has printed red letters on the bottom part of the screen and several pictures are displayed and people starts playing pool in a splash dunk pool under colorful umbrellas.
B. zooms into the woman's fingers.
C. turns towards the faucet and the bubbles are released.
D. man is seen inside of a backyard, using a tool from the trunk of his car as he shows how small the garden is.

Reply with exactly one uppercase letter out of A, B, C, or D.
",141
4612.0,Playing accordion,There are 5 different people sitting in chairs playing accordions that has pianos attached to them. there,A,"Context:
""There are 5 different people sitting in chairs playing accordions that has pianos attached to them. there""

Which of the following endings best completes the context?

Choices:
A. are 2 women, and 3 men and all of them, look very serious about what they're doing.
B. are 2 white flags in the center of the room and along with a painted backdrop it has a large halloween themed pumpkin spinning around in the middle of the room.
C. is a shot of the person playing that has a long haired lady in the middle.
D. are also some people in the back of the bus or behind the desk, and now several white and red music boards are on the wall.

Reply with exactly one uppercase letter out of A, B, C, or D.
",164
2836.0,Breakdancing,The man stops dancing and stands in front of the camera talking to it before demonstrating basic break dance moves including using the hands and knees to perform spins from the floor. the man,B,"Context:
""The man stops dancing and stands in front of the camera talking to it before demonstrating basic break dance moves including using the hands and knees to perform spins from the floor. the man""

Which of the following endings best completes the context?

Choices:
A. continues to explain how he does this in previous scenes and kneels on the floor before stepping back several times ready and waiting for the woman to get off of the dance floor.
B. continues to demonstrate break dance moves and talk to the camera until he gives a peace sign to the camera and the screen fades to a marketing graphic.
C. finishes and stops beer.
D. demonstrates each square step for the video including steps on the knees.

Reply with exactly one uppercase letter out of A, B, C, or D.
",158
28861.0,Playing harmonica,"As he plays, more of the young kids gather around to watch him play as he switches the two harmonicas. when he",A,"Context:
""As he plays, more of the young kids gather around to watch him play as he switches the two harmonicas. when he""

Which of the following endings best completes the context?

Choices:
A. is finished, the young boys begin smiling and start to clap in amazement.
B. finishes, the young kids gives each other high five.
C. is done, the dog is ready for the final dish as that is tagged with pins, and trophies.
D. is done, all of the previews are shown and they are all laughing and enjoying themselves in his bedroom.

Reply with exactly one uppercase letter out of A, B, C, or D.
",136
19084.0,Layup drill in basketball,A young team of girls is getting coached during a practice for basketball and the girls are working on their shots. A coach is standing talking to a small group of girls who are playing basket ball. the coach,B,"Context:
""A young team of girls is getting coached during a practice for basketball and the girls are working on their shots. A coach is standing talking to a small group of girls who are playing basket ball. the coach""

Which of the following endings best completes the context?

Choices:
A. showed the team and the girls scored several baskets.
B. gets the ball passed to her.
C. shoots baskets at the girls in front of her and then scores scores for the team, and her teammates applaud.
D. connects a string then cuts the ball in half in the air and give a high ten.

Reply with exactly one uppercase letter out of A, B, C, or D.
",139
44535.0,Playing water polo,"There are a few spectators looking on from the sides of the pool, while a referee is following the actions to stay in control of the match. It is quiet other than the young kids that are involved in the game. they",A,"Context:
""There are a few spectators looking on from the sides of the pool, while a referee is following the actions to stay in control of the match. It is quiet other than the young kids that are involved in the game. they""

Which of the following endings best completes the context?

Choices:
A. are having a great time and are very involved in what they are doing.
B. are playing a game of various games, as they all have their arms thrown up in triumph.
C. have one swimmer swimmer get out of the water and swim towards the other swimmer while the referee continues his instruction from the side shots.
D. move around freely in an attempt to keep score thrived by the kids.

Reply with exactly one uppercase letter out of A, B, C, or D.
",164
615.0,Grooming dog,There's a nbc news reporter wearing a red sweater and white shirt talking about dog grooming by scissor wizard a grooming company. the representative from the company,A,"Context:
""There's a nbc news reporter wearing a red sweater and white shirt talking about dog grooming by scissor wizard a grooming company. the representative from the company""

Which of the following endings best completes the context?

Choices:
A. is talking about the services they offer and how those dogs participate in dog shows.
B. speaks to a woman sitting on a colorful conference room chair next to a brown dog kennel in front of them.
C. tells viewers about a dog grooming company, itv with a website.
D. in grey sweater and black pants talks about the procedures on grooming dogs in life and techniques.

Reply with exactly one uppercase letter out of A, B, C, or D.
",143
48523.0,Wrapping presents,A woman is seen speaking to the camera holding up various objects an then begins tying a box with a bow. the woman,D,"Context:
""A woman is seen speaking to the camera holding up various objects an then begins tying a box with a bow. the woman""

Which of the following endings best completes the context?

Choices:
A. then puts the bow down and begins pulling ingredients out of a box.
B. then holds the box up to show off another untied box in her hands and ends by displaying herself in the distance.
C. then looks back toward the camera and motions to the box while photos of people tethering and flags are shown in the end.
D. demonstrates how to tie a proper bow and ends by presenting it to the camera and smiling.

Reply with exactly one uppercase letter out of A, B, C, or D.
",146
20132.0,Fun sliding down,Woman is kneeling down in the floor talking to the camera holding a bend slide and opens it in the living room. Dog is walking behind th woman. baby,D,"Context:
""Woman is kneeling down in the floor talking to the camera holding a bend slide and opens it in the living room. Dog is walking behind th woman. baby""

Which of the following endings best completes the context?

Choices:
A. is talking to the camera on the sofa and woman is playing with a pair of scissors on the table.
B. is in the living room eating instorms from a rug outside the living room wall.
C. is sleeping on the sofa watching woman do tricks.
D. is walking to the woman and climb to the slide.

Reply with exactly one uppercase letter out of A, B, C, or D.
",133
42426.0,Doing crunches,The young man lifts himself up and places his feet in the gap between the bar and the top of the door frame. the young man,D,"Context:
""The young man lifts himself up and places his feet in the gap between the bar and the top of the door frame. the young man""

Which of the following endings best completes the context?

Choices:
A. then closes the metal door and throws his feet in the air and begins to spin himself.
B. grabs the window controls and is confident that he can lift the bar and is confident about his step.
C. then clamps his legs together, lifts his knees and does a split in the middle while holding on to the bar bar.
D. lowers his body, extending himself the full length of the doorway, hands behind his head, elbows out.

Reply with exactly one uppercase letter out of A, B, C, or D.
",152
38604.0,Cleaning windows,Then he grabs a rolling bucket with supplies and pulls out a gadget that he uses to start cleaning the window of a house. he,D,"Context:
""Then he grabs a rolling bucket with supplies and pulls out a gadget that he uses to start cleaning the window of a house. he""

Which of the following endings best completes the context?

Choices:
A. cleans the windows with the gadget that has power in it and he takes the power off of the cleaner and sits on a bench to wash.
B. then goes a few steps further and uses another to dribble onto the glass in front of him.
C. then proceeds to clean the dents in the window by pushing the metal down.
D. uses a raf to wipe down the window and then he is done.

Reply with exactly one uppercase letter out of A, B, C, or D.
",147
21300.0,Welding,The welder is held over a steel plate and moved slowly. The man pulls the welder over a copper colored piece of metal. the man,A,"Context:
""The welder is held over a steel plate and moved slowly. The man pulls the welder over a copper colored piece of metal. the man""

Which of the following endings best completes the context?

Choices:
A. puts down his face guard and welds a spot on a piece of metal.
B. screws on a small flat plate and lower the metal plate to fit in the metal ring.
C. pointed at the metal piece and started welding the metal one ball at a time.
D. brushed it over the aluminum.

Reply with exactly one uppercase letter out of A, B, C, or D.
",126
48632.0,Discus throw,Man wearing a red outfit is standing in a green large field doing a shot put. Man is in slowly motion making a sho put in a field. man,D,"Context:
""Man wearing a red outfit is standing in a green large field doing a shot put. Man is in slowly motion making a sho put in a field. man""

Which of the following endings best completes the context?

Choices:
A. pointing to a bull and people in boxes are doing a shot put in a square field next to the bull jumping in the air.
B. am holding a single sumo stick and is int spinning around the left side of his hands.
C. is leaning backwards and making several shot put.
D. is standing in a large green grassy field.

Reply with exactly one uppercase letter out of A, B, C, or D.
",137
25614.0,Capoeira,"""professor baterista e formado sozo"" appears on a blue screen. People perform a form of acrobatic non-combat kick fighting while a small group of people watch. two of them",D,"Context:
""""professor baterista e formado sozo"" appears on a blue screen. People perform a form of acrobatic non-combat kick fighting while a small group of people watch. two of them""

Which of the following endings best completes the context?

Choices:
A. , a middle aged male student wearing blue uniform, engage in martial arts arts on a large stage with a large tv screen and a metal pole in his hand.
B. gets knocked down with their original kick kicks.
C. lift the other up, flipping him down, unison, on top.
D. pose together for a photo followed by a copyright.

Reply with exactly one uppercase letter out of A, B, C, or D.
",149
30359.0,Starting a campfire,A man is seen speaking to the camera in front of a large trailer in he moods. the man,B,"Context:
""A man is seen speaking to the camera in front of a large trailer in he moods. the man""

Which of the following endings best completes the context?

Choices:
A. is then seen outdoors and versatile beside a large pile of snow.
B. is then seen kneeling over a fire and begins lighting a flame into a pit.
C. then speaks more to the camera and begin cutting and trimming plants and towards another man who is seen laughing with another.
D. then lifts a tractor and begins pushing it along a dirt trail.

Reply with exactly one uppercase letter out of A, B, C, or D.
",127
18774.0,Archery,He begins by picking up the bow and arrow to show how to correctly hold and position the arrow. He then shows how to stretch the hand to extend the bow by pulling the string towards him. he,A,"Context:
""He begins by picking up the bow and arrow to show how to correctly hold and position the arrow. He then shows how to stretch the hand to extend the bow by pulling the string towards him. he""

Which of the following endings best completes the context?

Choices:
A. also shows how to release the string in order to shoot the arrow straight across.
B. also demonstrates how to position the bow to pull back hard on the string without seeing the arrow.
C. then adjusts the lever from stringing an arrow and adjusts what other things until he is ready to hit an arrow with the bow.
D. demonstrates the correct pinata position.

Reply with exactly one uppercase letter out of A, B, C, or D.
",149
32706.0,Mooping floor,A bag of spill master absorbant is shown on the screen. A man stands in a warehouse talking to the camera and pours some liquid on the ground. he,D,"Context:
""A bag of spill master absorbant is shown on the screen. A man stands in a warehouse talking to the camera and pours some liquid on the ground. he""

Which of the following endings best completes the context?

Choices:
A. sprays down the sole of the shoe to protect it.
B. puts in a ladder and runs water under the circle of water using a hose.
C. then shakes a bottle full and fills it with used alcohol.
D. takes a bowl of some material and sprinkled it over the spills.

Reply with exactly one uppercase letter out of A, B, C, or D.
",127
49165.0,Snatch,Men competes weightlifting successfully in the olympic games. then,B,"Context:
""Men competes weightlifting successfully in the olympic games. then""

Which of the following endings best completes the context?

Choices:
A. , the men lift bodybuilders by two bars and they slide down the bar and weightlift while people stands around watching the performance.
B. , an athlete wearing purple clothes staggers when the weight is above his head, but after the athlete raises the weight better.
C. the men rescues two volunteers and the participants works together in a large group.
D. , a streaker in yellow perform full somersault and the audience cheers.

Reply with exactly one uppercase letter out of A, B, C, or D.
",139
13461.0,Layup drill in basketball,Man throw the ball with someone in the other side of the court and make a lay up and the kids behind him in the court do the same. The coach os hlping the girl to catch the ball and run. the kid,B,"Context:
""Man throw the ball with someone in the other side of the court and make a lay up and the kids behind him in the court do the same. The coach os hlping the girl to catch the ball and run. the kid""

Which of the following endings best completes the context?

Choices:
A. walks to the court and score.
B. make a throw and then score a basket adn the kids behind her keeps doing the same.
C. hits the ball to began on the circle.
D. jump in the air and is carried to the court.

Reply with exactly one uppercase letter out of A, B, C, or D.
",134
42477.0,Doing motocross,A dark sky with a moon and cloud is shown in between trail so dirt. after,A,"Context:
""A dark sky with a moon and cloud is shown in between trail so dirt. after""

Which of the following endings best completes the context?

Choices:
A. , a man wearing a hat is shown walking down the trail and several dirt bikers racing are shown.
B. , a woman standing in the woods running, then young men interviewed her.
C. , the person begins to chop the something hanging from the branches of a tree with a mallet.
D. , a person begins trimming a christmas tree with snowboard boards.

Reply with exactly one uppercase letter out of A, B, C, or D.
",127
40198.0,Doing kickboxing,A young adult male punches and kicks a suspended punching bag. the young male,A,"Context:
""A young adult male punches and kicks a suspended punching bag. the young male""

Which of the following endings best completes the context?

Choices:
A. then starts to move around the punching bag while still punching and kicking it.
B. throws a fist in the air then does crunches in the tiled floor.
C. lifts and steps on the folded punching bag while the young male grabs a right hand and securely pushes it against the punching bag before dropping his arm to his side and his body jerk.
D. shows his foot as he moves, kicking and punching the air up and down.

Reply with exactly one uppercase letter out of A, B, C, or D.
",138
20885.0,Wrapping presents,The woman talks to the camera and begins to wrap the box in gift wrapping paper using a pair of scissors to cut the gift wrapping paper and clear tape to tape the edges of the wrapping paper. the woman,A,"Context:
""The woman talks to the camera and begins to wrap the box in gift wrapping paper using a pair of scissors to cut the gift wrapping paper and clear tape to tape the edges of the wrapping paper. the woman""

Which of the following endings best completes the context?

Choices:
A. then wraps the gift with final ribbon and the camera closes up on the finishes, wrapped, product.
B. folds the bow and ends talks to the camera again.
C. continues wrapping the present with mind bending action and end by reappearing to talk to the camera.
D. then shows the wrapping paper to the camera and then places rice feathers on top to cover it.

Reply with exactly one uppercase letter out of A, B, C, or D.
",152
11198.0,Doing karate,A girl is standing in her home with her hands behind her back and her legs shoulder width apart. the girl,D,"Context:
""A girl is standing in her home with her hands behind her back and her legs shoulder width apart. the girl""

Which of the following endings best completes the context?

Choices:
A. starts spinning around in circles on her shoulders.
B. then starts playing a clarinet, while holding the instrument, by moving her hand to the front not at all provoking the girl's advances.
C. jumps on the bed and begins perform arts.
D. then firmly drops her hands to her side, brings her feet together and does a bow and continues to do a routine of various karate moves.

Reply with exactly one uppercase letter out of A, B, C, or D.
",139
46220.0,Sharpening knives,We see a title screen and a lady take a mug and throws the water on the ground and uses the bottom to sharpen her knife. we,C,"Context:
""We see a title screen and a lady take a mug and throws the water on the ground and uses the bottom to sharpen her knife. we""

Which of the following endings best completes the context?

Choices:
A. see a pink bowling lane and a lady teaming with a bunch of dresses.
B. see the lady sharpening her knife on a ladian sharpener.
C. then see the lady slice her tomato with ease.
D. see the lady's knife and she points it between her legs and shows it's deeper then normal from aiming straight down between her legs.

Reply with exactly one uppercase letter out of A, B, C, or D.
",136
10253.0,Putting in contact lenses,"The contact falls out of his eye and he puts it back in, but it falls out over and over. finally he",A,"Context:
""The contact falls out of his eye and he puts it back in, but it falls out over and over. finally he""

Which of the following endings best completes the context?

Choices:
A. gets it to stay and he gives the camera close up and some moves.
B. puts it on, the contact is back in, a little bit on his finger.
C. scrapes the contacts out on one by one.
D. reaches for a black eye plain with a contact glass attachment, touches the glass, rubs his eye and picks it back up.

Reply with exactly one uppercase letter out of A, B, C, or D.
",133
32319.0,Clean and jerk,"A man walks up to a barbell and bends over, lifting at the knees. He lifts the barbell up to his chest, rests for a moment, then lifts it over his head. he",D,"Context:
""A man walks up to a barbell and bends over, lifting at the knees. He lifts the barbell up to his chest, rests for a moment, then lifts it over his head. he""

Which of the following endings best completes the context?

Choices:
A. drops the barbell to the floor when he lowers it, holding it tightly as he bends over, then into the crowd before dropping it so far it lands on the floor.
B. drops the barbell as another person hits it.
C. throws the barbell across the gym to land on the white mat below him.
D. holds the pose for a few seconds before dropping it to the ground.

Reply with exactly one uppercase letter out of A, B, C, or D.
",156
4690.0,Camel ride,Two young children are seen riding on a camel past a group of people and a man leading them along. the man,B,"Context:
""Two young children are seen riding on a camel past a group of people and a man leading them along. the man""

Which of the following endings best completes the context?

Choices:
A. then puts food on the people's legs while they wrap their legs around their back and walk.
B. continues to lead the camel around with the children on top and ends with them climbing down and others walking up.
C. leads the camels while the children play in the sand and move around.
D. closes the gate leading the camel and leads the kids again.

Reply with exactly one uppercase letter out of A, B, C, or D.
",133
41372.0,Ballet,A young lady dressed in a pink leotard and tuto begins prancing around a large stage. as she,A,"Context:
""A young lady dressed in a pink leotard and tuto begins prancing around a large stage. as she""

Which of the following endings best completes the context?

Choices:
A. continues her routine, she continues doing ballet leaps and swinging her arms and twisting like a ballerina.
B. is about to perform, she begins stepping up and down and one of her feet falls off.
C. leaps she twirls her legs and hocks her body as she leaves the stage to come to a stop at the end.
D. continues prancing, a small monkey appears, screaming continually and banging the girl in the face during her performance.

Reply with exactly one uppercase letter out of A, B, C, or D.
",151
49631.0,Capoeira,The man throws some mock kicks at the boy while the boy tumbles in somersaults in response. The boy and man walk forward together using their hands only. the boy and man,D,"Context:
""The man throws some mock kicks at the boy while the boy tumbles in somersaults in response. The boy and man walk forward together using their hands only. the boy and man""

Which of the following endings best completes the context?

Choices:
A. continue to fly in one continuous motion for the video.
B. tie their legs and lead the boy back to square one.
C. hand hand baskets while the boy stands behind and kneels down to pick the final baskets up.
D. continue to tumble and somersault ending in an eventual hand shake at which point the boy leaves and the man walks over to the drummer.

Reply with exactly one uppercase letter out of A, B, C, or D.
",149
586.0,Applying sunscreen,More and more people begin talking and each of them has a bottle of sun screen and starts to squirt it on their arms in effort to protect their skin. a small blue bottle of the sun screen,C,"Context:
""More and more people begin talking and each of them has a bottle of sun screen and starts to squirt it on their arms in effort to protect their skin. a small blue bottle of the sun screen""

Which of the following endings best completes the context?

Choices:
A. appears and then different people carry it to a table where they mix the liquid with a straw with a straw and take turns squirting the liquid into their skin.
B. appears near each of their hair as they continue to talk but no bottle at all appear.
C. is then shown and several more people begin talking about the product.
D. zooms in on sheers that they have on the floor.

Reply with exactly one uppercase letter out of A, B, C, or D.
",157
14730.0,Futsal,A group of people are seen standing on a soccer field and leads into one falling down and being helped back up. the same shot,D,"Context:
""A group of people are seen standing on a soccer field and leads into one falling down and being helped back up. the same shot""

Which of the following endings best completes the context?

Choices:
A. is shown again in slow motion and ends with more shots of the people throwing up.
B. is shown several more time with people helping another one up as well as speaking to people.
C. is shown to the camera and the two return to play several more times while people walk around.
D. is shown again in slow motion and leads into one scoring a goal with others not paying attention.

Reply with exactly one uppercase letter out of A, B, C, or D.
",140
24428.0,Tumbling,A gymnast is seen standing ready with her arms up that leads into her running down and doing flips down a track into a pit. she,D,"Context:
""A gymnast is seen standing ready with her arms up that leads into her running down and doing flips down a track into a pit. she""

Which of the following endings best completes the context?

Choices:
A. ends with her on the middle and closing her eyes to show herself while holding her arms back up.
B. briefly gets her feet into a pair of shoes and begins jumping and flipping off and stopping in her jump.
C. stands and jumps back up many times and finally lie down beside she before turning to the camera.
D. puts her arms up to finish and her jumps are shown several more times in slow motion.

Reply with exactly one uppercase letter out of A, B, C, or D.
",147
813.0,Cleaning shoes,First she adds water pours a little bit of baby powder into the small bowl and she mixes it up using the toothbrush. she,A,"Context:
""First she adds water pours a little bit of baby powder into the small bowl and she mixes it up using the toothbrush. she""

Which of the following endings best completes the context?

Choices:
A. puts the baby powder soaked toothbrush onto the shoe and starts to rub it there.
B. then puts it in her mouth and shares it with the baby.
C. then opens the cabinet and pulls out the glove box and retrieves the bottle of baby powder that's in there.
D. then adds a little bit of sugar to the other bowl to create swirl.

Reply with exactly one uppercase letter out of A, B, C, or D.
",135
38213.0,Playing bagpipes,A man is seen speaking to the camera while holing bagpipes and the camera pans around to other people laughing. The man then begins playing the instrument while others watch on the sides. the man,B,"Context:
""A man is seen speaking to the camera while holing bagpipes and the camera pans around to other people laughing. The man then begins playing the instrument while others watch on the sides. the man""

Which of the following endings best completes the context?

Choices:
A. pans around to another man where he is playing a small harmonica and also taking pictures.
B. continues playing and stops in the end to walk away.
C. continues playing while looking at the camera and ends by throwing his hands up in the air.
D. harps and plays the drums in the end while still speaking to the camera.

Reply with exactly one uppercase letter out of A, B, C, or D.
",143
45449.0,Sailing,The man is now standing on the boat and is pulling on ropes that move on the boat and then is shown once again as the boat is moving. the outro,D,"Context:
""The man is now standing on the boat and is pulling on ropes that move on the boat and then is shown once again as the boat is moving. the outro""

Which of the following endings best completes the context?

Choices:
A. appears and swoops in 3 different stages and with different cities and scenery.
B. screen then appears with family pictures overlaid.
C. appears and it seems the car is in a different location as he continues to slide along in the wakeboard while part of the car is being driven by a cop and another window is shown that has front and back view.
D. appears and it's a white screen with a picture of the boat and the words "" multihull central "".

Reply with exactly one uppercase letter out of A, B, C, or D.
",165
3788.0,Long jump,A female athlete is standing in a field and takes off running and does a long jump in to the pit. after,B,"Context:
""A female athlete is standing in a field and takes off running and does a long jump in to the pit. after""

Which of the following endings best completes the context?

Choices:
A. , she slams back down onto it gearing up and is congratulated by her coaches.
B. , she walks off and her jump is measures as they show her replay.
C. , the woman stands up and runs in to the crowd with the arm in the air and the crowd applauds.
D. , she turns her body and execute shoulder aces in the air and also down straight while trying to keep her body straight.

Reply with exactly one uppercase letter out of A, B, C, or D.
",145
12632.0,Clipping cat claws,"A man has a tool he uses to trim cat claws, he messes around with it a little bit and then he gets up to find his cat. He pets the cat a little bit as to not make it so suspicious and scared. he",A,"Context:
""A man has a tool he uses to trim cat claws, he messes around with it a little bit and then he gets up to find his cat. He pets the cat a little bit as to not make it so suspicious and scared. he""

Which of the following endings best completes the context?

Choices:
A. gets the kitty in a good position and starts feeling for her claws and one by one starts to clip them.
B. sits back down and rests for a little bit more.
C. continues to do this as he buffs and scratches the cat.
D. then smells the cat to make sure it's really clean.

Reply with exactly one uppercase letter out of A, B, C, or D.
",147
32673.0,Ping-pong,"As they both rise we see that they are actually heading to a table tennis game, the table on an actual tennis court. they",A,"Context:
""As they both rise we see that they are actually heading to a table tennis game, the table on an actual tennis court. they""

Which of the following endings best completes the context?

Choices:
A. being their match, one in a white tank top and green shorts, the other in an orange shirt and white shorts.
B. take their key cards and go over to join other players.
C. begin to go through the game and a white ball lands in a net while the single tennis player in pinata style stands over it with his hands up.
D. are playing doubles doubles, and using two sticks to hit balls.

Reply with exactly one uppercase letter out of A, B, C, or D.
",147
11904.0,Plastering,A man in a yellow construction top is inside painting the wall beige. He goes from the bottom up and grabs more paint on his tool. he,A,"Context:
""A man in a yellow construction top is inside painting the wall beige. He goes from the bottom up and grabs more paint on his tool. he""

Which of the following endings best completes the context?

Choices:
A. is making progress across the wall pretty quickly the way he is doing it.
B. wraps the wall with yellow paper then cuts it with his ker tool.
C. applies the paint pads all over the wall and then removes the pieces before continuing.
D. goes from the top up to the top and back down again.

Reply with exactly one uppercase letter out of A, B, C, or D.
",128
25772.0,Fun sliding down,"A little boy is climbing up the stairs of a play gym, he stops once and points at a red tube opening but passes it. He gets to the red tube slide at the top and points to it and then slides down. once",B,"Context:
""A little boy is climbing up the stairs of a play gym, he stops once and points at a red tube opening but passes it. He gets to the red tube slide at the top and points to it and then slides down. once""

Which of the following endings best completes the context?

Choices:
A. he gets to the bottom, he waits, lifts his legs and slides but doesn't slide.
B. on the ground he walks around for a bit then turns around and points up.
C. on, he slides across it and has a great time sliding down.
D. he reaches the bottom, he comes up and grabs the gear that is underneath him and begins to slide back down.

Reply with exactly one uppercase letter out of A, B, C, or D.
",160
6998.0,Playing pool,The opponent takes his turn but the stripe nine doesn't enter into the pocket and someone ends up pushing it in the hole. after the two,B,"Context:
""The opponent takes his turn but the stripe nine doesn't enter into the pocket and someone ends up pushing it in the hole. after the two""

Which of the following endings best completes the context?

Choices:
A. men take their turn, they both bump into each other, fall down and when they're done they wipe their sweat down on each other.
B. take more turns, the guy bags up his pool stick and walks away from the table.
C. players hit the blue cup in their section and the crowd goes crazy.
D. children masked the winner by scoring a goal.

Reply with exactly one uppercase letter out of A, B, C, or D.
",138
27525.0,Making a cake,All three children wipe the baking tray and pour the batter into it. Then they stick it in the oven and bake the cake. once the cake,C,"Context:
""All three children wipe the baking tray and pour the batter into it. Then they stick it in the oven and bake the cake. once the cake""

Which of the following endings best completes the context?

Choices:
A. is done, they continue to talk and tease each other before wiping it down and stopping it's doing.
B. is ready they remove the wrapping paper and show the complete cake.
C. is ready, they put some white butter forsting on and decorate the cake with sprinkles.
D. is served, they continue to bake with the cookies.

Reply with exactly one uppercase letter out of A, B, C, or D.
",135
8228.0,Trimming branches or hedges,It begins with a title showing the trimmer's name and the various equipment that comes with the trimmer. The man climbs a ladder and starts hedging. the video,C,"Context:
""It begins with a title showing the trimmer's name and the various equipment that comes with the trimmer. The man climbs a ladder and starts hedging. the video""

Which of the following endings best completes the context?

Choices:
A. sections out and the person shows the tool from several angles in red and yellow.
B. ends with the man laying down another ladder and trimming a large patch of wood.
C. then cuts to various other ways the man is using the trimmer.
D. then shows a man using trimmers while he plays the drums and cymbals.

Reply with exactly one uppercase letter out of A, B, C, or D.
",138
9446.0,Camel ride,"People sits on camels in the desert, then the camels that are on their knees stand and walk . a man",A,"Context:
""People sits on camels in the desert, then the camels that are on their knees stand and walk . a man""

Which of the following endings best completes the context?

Choices:
A. takes pictures of two woman that sit on a camel.
B. give to a child camels food.
C. stand with two sumo wrestlers, when a man on the right grabs him by his leg, another comes over to path and get in the sumo fight by his leg.
D. gives the camels a rope, then the camel stands over the people.

Reply with exactly one uppercase letter out of A, B, C, or D.
",134
37676.0,Baking cookies,Home cookies are shown in a tray and a woman is putting the cookies on it. Woman grabs the tray and put them on the oven. when cookies,D,"Context:
""Home cookies are shown in a tray and a woman is putting the cookies on it. Woman grabs the tray and put them on the oven. when cookies""

Which of the following endings best completes the context?

Choices:
A. are baked, woman squeezes special sauce and other stuff out of it including juice, sugar and bologna and polish all around the cookie dough and prep the cookies with inside.
B. are baked, the woman ship the cookies that were already put on the oven.
C. are done on top of the tray woman cookie the white frosting and the covered banana is covered.
D. are ready the woman holds the tray and take them out the oven and serve them in a blue plate.

Reply with exactly one uppercase letter out of A, B, C, or D.
",163
11324.0,Doing fencing,Two girls practice fencing in a school gym with protective gear on and a coach against the wall watching and coaching them as they fence. the two girls,A,"Context:
""Two girls practice fencing in a school gym with protective gear on and a coach against the wall watching and coaching them as they fence. the two girls""

Which of the following endings best completes the context?

Choices:
A. talk to the coach and then begin to fence with each other as the coach motions to where they should stand and navigate the space during the spar.
B. switch places on the ground where one is left standing.
C. step back, ers the camera, and an instructor steps in to take a picture after the girls are done fencing.
D. face toward the camera with the right head to avoid eye contact with the crowd, while keeping their swords in their right hands.

Reply with exactly one uppercase letter out of A, B, C, or D.
",159
37662.0,Cleaning windows,Clips are shown of men hanging off of buildings washing windows while another man speaks to the camera. the men,A,"Context:
""Clips are shown of men hanging off of buildings washing windows while another man speaks to the camera. the men""

Which of the following endings best completes the context?

Choices:
A. wash windows all along a building and stop to smoke cigarettes and speak to one another.
B. blow the windows with spray and clean their hands thoroughly using first spray on each building, start again by spraying an electronic coating on every window as well as the sidewalk.
C. continue cleaning while a man blows leaves in front of them and is seen driving.
D. wash a car in a restaurant while the other speaks.

Reply with exactly one uppercase letter out of A, B, C, or D.
",141
32635.0,Arm wrestling,"She walks up to a man and shakes his hand. She walks away, perusing the items on the shelves before leaning onto the counter, flexing her biceps. the woman",C,"Context:
""She walks up to a man and shakes his hand. She walks away, perusing the items on the shelves before leaning onto the counter, flexing her biceps. the woman""

Which of the following endings best completes the context?

Choices:
A. in the ad covering her body is wearing a red tank top and black thigh-highs.
B. walks away, hitting a button on the register where there are various items for the collection.
C. shows the man her biceps before engaging in arm wrestling with him.
D. snaps and smooths her clothes with her hands.

Reply with exactly one uppercase letter out of A, B, C, or D.
",137
47565.0,Scuba diving,"While the guy is scuba diving, men are shown on the boat talking and they all eventually join the man at the bottom. a shrimp",C,"Context:
""While the guy is scuba diving, men are shown on the boat talking and they all eventually join the man at the bottom. a shrimp""

Which of the following endings best completes the context?

Choices:
A. is being shown with the god of the sea.
B. is in the middle of the ocean and then the guy stands up and starts combing off the bottom of the pool.
C. appears walking across the sand and the men continue being shown in and out of the water.
D. is being clammed up in ice water and the man gives a diver his digital seal camera.

Reply with exactly one uppercase letter out of A, B, C, or D.
",140
46032.0,Doing fencing,Woman is talking to the camera and people are in gym practicing fencing. People are sitting on chairs behind he girls rpacticing fencing. girl,C,"Context:
""Woman is talking to the camera and people are in gym practicing fencing. People are sitting on chairs behind he girls rpacticing fencing. girl""

Which of the following endings best completes the context?

Choices:
A. is hanging from the pullp rope and demonstrates the sword moves sreet.
B. is holding attaboy to the arm of the hand of the expert and the direction of her arm.
C. is in a hallway talking to the camera and the people playing fencingin the gym is shown again.
D. is painting a wooden fence that is white.

Reply with exactly one uppercase letter out of A, B, C, or D.
",135
16267.0,Futsal,An indoor arena appears and a brazil team is competing with a team from japan in a game of indoor soccer. a penalty kick,D,"Context:
""An indoor arena appears and a brazil team is competing with a team from japan in a game of indoor soccer. a penalty kick""

Which of the following endings best completes the context?

Choices:
A. is made and the three continue to play and the coach lets them have it for as long as they need to.
B. is thrown and the teams line up to make the strike.
C. bell is accidentally entered to signal the start of the match.
D. starts the game and the brazil teams jumps in joy because they are leading the game with a two to zero score.

Reply with exactly one uppercase letter out of A, B, C, or D.
",137
34836.0,Playing lacrosse,Several different games begin and a yellow circle is drawn around him for each play when he is running back and forth. when the highlight reel,B,"Context:
""Several different games begin and a yellow circle is drawn around him for each play when he is running back and forth. when the highlight reel""

Which of the following endings best completes the context?

Choices:
A. is complete he stands in front of a suspended cameron and gives him a giant hug.
B. is finished, a black screen appears and shows the high school as well as the name for the player.
C. stops, he is back in the water playing a game and he comes back to life and is on the other side of the island exercising.
D. starts there he's still running, then there's another you will have heard about there is a special event.

Reply with exactly one uppercase letter out of A, B, C, or D.
",158
31845.0,Tumbling,Now he is standing on the side line getting ready to do flips. He is doing some more flips and landing on the red mat. now he,A,"Context:
""Now he is standing on the side line getting ready to do flips. He is doing some more flips and landing on the red mat. now he""

Which of the following endings best completes the context?

Choices:
A. is flipping again and reverses and starts flipping the other way.
B. is on the edge of the ring and he is jumping as hard as he can.
C. is doing more flips and landing on the pink mat in the middle of the ring.
D. is jumping and landing on the line and landing on top of a hanging bag.

Reply with exactly one uppercase letter out of A, B, C, or D.
",133
18494.0,Bullfighting,Pictures of several men are shown out in a field taming a bull. Two men then appear in a field of dirt and begin to chase the bull. the bull,A,"Context:
""Pictures of several men are shown out in a field taming a bull. Two men then appear in a field of dirt and begin to chase the bull. the bull""

Which of the following endings best completes the context?

Choices:
A. then runs over a man and the other tries to help but he ends up on the ground.
B. is going into a house trying to escape the men.
C. is pushed from side to side, then the men continue chasing the bull.
D. hits them and knocks them down but the man is able to climb back up such as continue carrying the bull.

Reply with exactly one uppercase letter out of A, B, C, or D.
",142
13231.0,Snow tubing,A point of view of a person shows himself sitting in a sled holding hands of two children in sleds. a person,A,"Context:
""A point of view of a person shows himself sitting in a sled holding hands of two children in sleds. a person""

Which of the following endings best completes the context?

Choices:
A. pushes the three down a hill while still holding hands and lets go at the bottom to meet with the others.
B. teeth take a piece of a candy then slides down a hill grabbing their arms.
C. then lifts the children up and down over this rope and across it to the light and fire.
D. is then seen melting wax and welding.

Reply with exactly one uppercase letter out of A, B, C, or D.
",130
43927.0,Camel ride,There are tourists waiting to get onto the camels to enjoy a camel back ride. Men in red shirts and cowboy hats are helping the tourists get on the camels' backs. the camels,B,"Context:
""There are tourists waiting to get onto the camels to enjoy a camel back ride. Men in red shirts and cowboy hats are helping the tourists get on the camels' backs. the camels""

Which of the following endings best completes the context?

Choices:
A. are standing and showing off their front paws to the camera.
B. slowly raise themselves up and begin walking around with the tourists on their backs.
C. are taking off and taking off the arena.
D. are shown swaying back and forth, on the way to their boam.

Reply with exactly one uppercase letter out of A, B, C, or D.
",133
7250.0,Fixing the roof,One of the men points out the flaws in the pipe that caused it to leak as well as prepares the pipe to be fixed. after,B,"Context:
""One of the men points out the flaws in the pipe that caused it to leak as well as prepares the pipe to be fixed. after""

Which of the following endings best completes the context?

Choices:
A. , they smooth it out and the pipe is fitted into place.
B. preparing the pipe, the man puts some rubber compound around the pipe and attaches a new gasket.
C. , the man hands the pipe to another man that turns the tube of product to shine in the pipe.
D. relaxing, the man uses a coil of cable to clamp the pipe.

Reply with exactly one uppercase letter out of A, B, C, or D.
",136
32999.0,Sumo,Two sumos prepares to wrestle in a ring while a judge stands in middle of them. then the sumos,C,"Context:
""Two sumos prepares to wrestle in a ring while a judge stands in middle of them. then the sumos""

Which of the following endings best completes the context?

Choices:
A. kneel down while the judge stands high above them then they duel over the man.
B. begin wrestling until the judge knocks one down before one helps him up.
C. wrestle, and the thin sumo throws the fat sumo to the floor.
D. retrain to fight while the judge stands in the middle of them.

Reply with exactly one uppercase letter out of A, B, C, or D.
",127
28165.0,Disc dog,"A person throws a frisbee and the dog runs to get it. The man lays down and put his feet up, and the dog jumps on the feet. then",A,"Context:
""A person throws a frisbee and the dog runs to get it. The man lays down and put his feet up, and the dog jumps on the feet. then""

Which of the following endings best completes the context?

Choices:
A. , the man throws the frisbee and the dog runs to get it.
B. , people run to bag the frisbee, and the people are standing behind the man talking.
C. , the man puts his feet down and a dog jumped on his feet.
D. , the man the man toss the frisbee and the dog runs to fetch it.

Reply with exactly one uppercase letter out of A, B, C, or D.
",144
8184.0,Triple jump,"A man in a black and white film is shown doing a running long jump. We then see several clips of men doing the same thing at competitions, including in the ussr. a man",C,"Context:
""A man in a black and white film is shown doing a running long jump. We then see several clips of men doing the same thing at competitions, including in the ussr. a man""

Which of the following endings best completes the context?

Choices:
A. lies down and runs till his lungs are filled with water and gets up and runs.
B. irons irons shoes, then sets them next to a two way mirror.
C. is finally shown doing a long landing jump.
D. then runs, kicking the sand into a pile onto the field.

Reply with exactly one uppercase letter out of A, B, C, or D.
",134
43938.0,Sharpening knives,This elderly man is standing up cutting the red tomato into slices. He is in the kitchen cutting the tomato using a cheap knife. it,D,"Context:
""This elderly man is standing up cutting the red tomato into slices. He is in the kitchen cutting the tomato using a cheap knife. it""

Which of the following endings best completes the context?

Choices:
A. takes awhile to get an image of the tomato he cut and the dried tomato they cut.
B. looked good on the bread.
C. takes 2 hours doing this before the tomato is fully cooked.
D. looks hard for him trying to use a knife that barely does anything to try and cut the tomato, but the difference shows in good products.

Reply with exactly one uppercase letter out of A, B, C, or D.
",133
36348.0,Hitting a pinata,A group of kids are standing inside of a garage as a man begins putting a blindfold on a young child. the little boy,A,"Context:
""A group of kids are standing inside of a garage as a man begins putting a blindfold on a young child. the little boy""

Which of the following endings best completes the context?

Choices:
A. then takes a green plastic bat, takes one hit at the pinata, and then walks away.
B. begins playing with the toys the man has on him.
C. is playing with a toy airplane once the man finishes and the man finishes with the blindfold.
D. begins falling and a camera flashes to a woman who runs to pick the boy up.

Reply with exactly one uppercase letter out of A, B, C, or D.
",134
17793.0,Cleaning shoes,A man is seen speaking to the camera while holding up a pair of shoes and leads into him untying the shoes and rubbing a rag along it. the man,B,"Context:
""A man is seen speaking to the camera while holding up a pair of shoes and leads into him untying the shoes and rubbing a rag along it. the man""

Which of the following endings best completes the context?

Choices:
A. then then puts the shoes on while still rubbing the rag all along the shoes.
B. continues to wipe down the shoe using various tools and spray and ends by presenting them.
C. uses an electric razor and begins rubbing the object all along the shoes while moving it all around.
D. pauses to speak to the camera and holds up a cigarette while speaking and then tossing the two back into the fire.

Reply with exactly one uppercase letter out of A, B, C, or D.
",149
961.0,Calf roping,"A horse is behind a yellow gate as a man sits on top holding a rope. The gate is opened, and a black calf comes running out into the field of dirt. almost",C,"Context:
""A horse is behind a yellow gate as a man sits on top holding a rope. The gate is opened, and a black calf comes running out into the field of dirt. almost""

Which of the following endings best completes the context?

Choices:
A. immediately, he hits the dirt and the gate opens to let him out, but he is trampled by the other horses.
B. immediately, the horse runs around the gate and to the man giving him the rope in the end.
C. instantly, the man throws his lasso and jumps off to secure the cow.
D. immediately, several other men arrive amidst the calf pulling him on the rope.

Reply with exactly one uppercase letter out of A, B, C, or D.
",153
52.0,Painting,"A lady named linda, creator of paint along is demonstrating how to do an acrylic painting. She starts with a one inch flat brush and yellow and white acrylic paint. she",B,"Context:
""A lady named linda, creator of paint along is demonstrating how to do an acrylic painting. She starts with a one inch flat brush and yellow and white acrylic paint. she""

Which of the following endings best completes the context?

Choices:
A. then paints about six shades of purple color on the paper.
B. makes x patterns across the canvas with the yellow color.
C. puts on a cream colored coat and begins painting the white wooden fence without a paint shaker.
D. powders the paint in an electric flat brush and applies it over the wall.

Reply with exactly one uppercase letter out of A, B, C, or D.
",134
15126.0,Disc dog,A woman is seen playing frisbee out in a back yard with a dog and performs several tricks with the dog. she,A,"Context:
""A woman is seen playing frisbee out in a back yard with a dog and performs several tricks with the dog. she""

Which of the following endings best completes the context?

Choices:
A. continuously plays with several toys with the dog when another person watches on the side.
B. continues spinning around on the dog while the dog dodges obstacles with her lunge.
C. keeps performing all around as the camera follows her movements.
D. is seen afterwards playing with a trainer and the dog on floor and throwing frisbees.

Reply with exactly one uppercase letter out of A, B, C, or D.
",129
15170.0,Hitting a pinata,Old man is holding a green pole hitting a pinata in the middle of a room. little kids,A,"Context:
""Old man is holding a green pole hitting a pinata in the middle of a room. little kids""

Which of the following endings best completes the context?

Choices:
A. are dancin and jumpin behind the man.
B. are standing in a room full of throwing balls, old man is holding a green pole in the middle of a bowling lane throwing a ball at a bowling pin.
C. are standing next to the man in white shirts while the lady in black pants hit him.
D. pass by the man and the man wake jumps.

Reply with exactly one uppercase letter out of A, B, C, or D.
",133
31152.0,Baking cookies,She mixes the ingredients using a mixer then puts more ingredients in the bowl. The mixes again and finally puts another small amount of ingredients in the bowl. she,A,"Context:
""She mixes the ingredients using a mixer then puts more ingredients in the bowl. The mixes again and finally puts another small amount of ingredients in the bowl. she""

Which of the following endings best completes the context?

Choices:
A. mixes a third time and adds chocolate chips, finally mixing one more time.
B. finishes stirring and adding them all into a bowl and covers it with a towel.
C. toasts and tosses her cup in the air.
D. covers the bowl with paper every time she puts more ingredients into the bowl.

Reply with exactly one uppercase letter out of A, B, C, or D.
",129
1865.0,Shaving legs,A woman with short hair and a white tank top is sitting in her bathroom talking about a cyclist who is going to shave his legs. She stands up and shows the cycling team printed on her tank top. she,A,"Context:
""A woman with short hair and a white tank top is sitting in her bathroom talking about a cyclist who is going to shave his legs. She stands up and shows the cycling team printed on her tank top. she""

Which of the following endings best completes the context?

Choices:
A. shows the viewers the type of razor she will be using.
B. then on an electric razor begins cutting the legs of the cyclist who is going to shave his leg on a blue stool created by some scrub products.
C. then grabs the other tube and starts going down the steep trail with it and makes it to the last track.
D. also shows the salon chair with its hood up after she is done.

Reply with exactly one uppercase letter out of A, B, C, or D.
",160
35277.0,Blowing leaves,A man walks through his yard and retrieves a push leaf blower. The man walks the blower around the yard and blows leaves to the side. the man,D,"Context:
""A man walks through his yard and retrieves a push leaf blower. The man walks the blower around the yard and blows leaves to the side. the man""

Which of the following endings best completes the context?

Choices:
A. finishes and takes off the rake, steps over the rake and steps on the pile of leaves.
B. takes the tinder out of his pocket and throws the bunch of leaves.
C. checks with his hand propped against the side of his house.
D. finishes and pushes the leaf blower beside the fence with the other machinery then walks away.

Reply with exactly one uppercase letter out of A, B, C, or D.
",137
10335.0,Scuba diving,A man in scuba gear enters the water while filming himself while holding a selfie stick. The diver films himself while diving underwater. the ddiver,A,"Context:
""A man in scuba gear enters the water while filming himself while holding a selfie stick. The diver films himself while diving underwater. the ddiver""

Which of the following endings best completes the context?

Choices:
A. films a school of fish a nd bright yellow tropical fish.
B. reappears quickly holding his camera, then the man underwater removes his sunglasses and then he goes back to deep swimming.
C. is then seen again underwater, then under water.
D. manipulates a paper ball in his hand as the moving silhouette of his body.

Reply with exactly one uppercase letter out of A, B, C, or D.
",133
21947.0,Longboarding,He skates past a field and mountains that are filled with greenery. He tries various stunts and tricks on his skateboard. He continues to skateboard through the roads. he,D,"Context:
""He skates past a field and mountains that are filled with greenery. He tries various stunts and tricks on his skateboard. He continues to skateboard through the roads. he""

Which of the following endings best completes the context?

Choices:
A. talks to people while skating together.
B. slows down some and tries to get close to the long hills in the center of town.
C. breaks a few cars with his skateboard.
D. falls off the skateboard on the side of the road, but gets right back on it and skates away.

Reply with exactly one uppercase letter out of A, B, C, or D.
",131
8407.0,Knitting,The black cat is sitting right next to her and playing with the yarn while the brown cat is watching them. the black cat,A,"Context:
""The black cat is sitting right next to her and playing with the yarn while the brown cat is watching them. the black cat""

Which of the following endings best completes the context?

Choices:
A. grabs the yarn ball and start playing with it.
B. got up and the brown cat followed, then the black cat walked in front of the ball smoking a cigarette.
C. is enjoying the yarn being knit in her lap.
D. is smiling to the camera smiling as he uses his claws to draw the yarn on the blue yarn.

Reply with exactly one uppercase letter out of A, B, C, or D.
",128
24906.0,Snatch,"In the second round, the athlete with blue uniform rise successfully and kiss the bar of the weight, also the other athletes are successful. On the third round, the indian athlete let fall the weight. the athlete with red uniform",B,"Context:
""In the second round, the athlete with blue uniform rise successfully and kiss the bar of the weight, also the other athletes are successful. On the third round, the indian athlete let fall the weight. the athlete with red uniform""

Which of the following endings best completes the context?

Choices:
A. rise score, but he falls at the end.
B. is congratulated, then stand on the first place of the podium and talks.
C. raised and was released the weight bar, he and his other teammates then she jumped to the ground and watches.
D. and white uniform raised but, no weight, the blue uniform fell and also dropped the weight, then off the weight.

Reply with exactly one uppercase letter out of A, B, C, or D.
",158
32233.0,River tubing,"The man, now wearing life jacket, with his wife float down a river in the middle of a large group. a group",C,"Context:
""The man, now wearing life jacket, with his wife float down a river in the middle of a large group. a group""

Which of the following endings best completes the context?

Choices:
A. of people sits in motorboats going through the ocean.
B. of people float down the ocean of a river, the company is putting a new airwashing truck.
C. from behind floats next to the man and woman as they slow down near the side of the river.
D. of people are standing in a group playing beer pong.

Reply with exactly one uppercase letter out of A, B, C, or D.
",128
21241.0,Making a cake,A persons hands are seen laying clay out onto a cake and begins painting objects on the side. The woman puts the decorations around the cake and continues decorating more objects on the side. she,B,"Context:
""A persons hands are seen laying clay out onto a cake and begins painting objects on the side. The woman puts the decorations around the cake and continues decorating more objects on the side. she""

Which of the following endings best completes the context?

Choices:
A. eventually ends by painting the cake a series of different colors with many different ending lights attached.
B. finishes the cake by adding the final decorations and presenting it to the camera.
C. moves all the stem away from the cake and continues laying wax.
D. takes a long piece of paper off and tries to make holes through the edges and ends with her putting the piece of paper down.

Reply with exactly one uppercase letter out of A, B, C, or D.
",150
42523.0,Using parallel bars,A young male gymnast is is an arena standing on a mat preparing to do his routine. the boy,D,"Context:
""A young male gymnast is is an arena standing on a mat preparing to do his routine. the boy""

Which of the following endings best completes the context?

Choices:
A. begins to go back and forth on the mat flipping his body while bars make acrobatic leaps in the air above him.
B. stand on the line of three parallel bars then flips backwards and lands on the mat as he claps for his opponent and scrolls through his information.
C. walks and performs the dismount, landing on a mat and the routine continues.
D. then approached the bars and does a series of swings and hand stand in the air.

Reply with exactly one uppercase letter out of A, B, C, or D.
",149
24687.0,Playing pool,"After, the girl turns and grabs the boy shirt while making a sexy gesture, then she turns to play again. a man",C,"Context:
""After, the girl turns and grabs the boy shirt while making a sexy gesture, then she turns to play again. a man""

Which of the following endings best completes the context?

Choices:
A. approach the girl and explains the lesson to her, that he is the teacher of the boy.
B. walks on front the girl and photographs what her moves, and then she hit what she just did.
C. wants to touch the butt of a girl.
D. stands next and talks while the girl continues making funny faces to the camera.

Reply with exactly one uppercase letter out of A, B, C, or D.
",129
493.0,Cutting the grass,He starts mowing his lawn casually going over all the grass. His dog comes outside and starts to follow him a little while he's closer to the house. the yard,A,"Context:
""He starts mowing his lawn casually going over all the grass. His dog comes outside and starts to follow him a little while he's closer to the house. the yard""

Which of the following endings best completes the context?

Choices:
A. is slowly starting to look really really nice, once he is completely finished the yard looks great, nice and smooth.
B. is very neat and clean and very active under the circumstances.
C. gets mowed quicker by the dog.
D. eventually looks happy on the outside and appears to be going pretty happily.

Reply with exactly one uppercase letter out of A, B, C, or D.
",132
26807.0,Having an ice cream,An introduction comes onto the screen for a video about ice cream. Some people are standing by an ice cream truck talking about getting some ice cream. they,C,"Context:
""An introduction comes onto the screen for a video about ice cream. Some people are standing by an ice cream truck talking about getting some ice cream. they""

Which of the following endings best completes the context?

Choices:
A. get some out of a carton and they eat it.
B. give instructions about how to use the ice cream and what you'll like it on.
C. walk up to the truck window and get their ice cream.
D. go into a small ice cream dome, and a person starts to do tricks off of it.

Reply with exactly one uppercase letter out of A, B, C, or D.
",132
39768.0,Painting furniture,"A man standing at the table, he is showing the vaseline, a block of bronze or metal and a wooden brush. the man",B,"Context:
""A man standing at the table, he is showing the vaseline, a block of bronze or metal and a wooden brush. the man""

Which of the following endings best completes the context?

Choices:
A. then rolls up a cabinet board, he measures the panel with the brush.
B. rub the vaseline with the brush on all sides of the block, then spray paint it with white paint.
C. clears all the surfaces, in places the tables, wall and bed frame is scraped.
D. applies the product to the tattoo screen.

Reply with exactly one uppercase letter out of A, B, C, or D.
",130
2953.0,Painting furniture,"A man professionally paints several pieces of furniture using a spray painter in a paint shop while wearing overalls, a denim shirt and a paint mask. the man",A,"Context:
""A man professionally paints several pieces of furniture using a spray painter in a paint shop while wearing overalls, a denim shirt and a paint mask. the man""

Which of the following endings best completes the context?

Choices:
A. begins by painting a wooden armchair metallic gray with a gold spray paint can.
B. then paints a floor with buckets of paint and he uses several buckets to paint the room.
C. gently glides the paint brush along more of the furniture making white lines on the fine rectangular piece of furniture.
D. drops the paint painting and talks to the camera for a while holding a paintbrush and showing off various brushes and sketches.

Reply with exactly one uppercase letter out of A, B, C, or D.
",152
2112.0,Building sandcastles,"Family day at the beach, father and son are walking around and then they start to play in the sand. They have a sand in buckets trying to build sand castles. when they",D,"Context:
""Family day at the beach, father and son are walking around and then they start to play in the sand. They have a sand in buckets trying to build sand castles. when they""

Which of the following endings best completes the context?

Choices:
A. are done, father sets up the basket and makes a child touch his face in front of it.
B. are done making their castles, they go to the field to shovel it into a big metal bowl to build a sand castle.
C. are done they check the money to see if they have enough for a new sand castle.
D. take the bucket up the sand isn't very stable at all.

Reply with exactly one uppercase letter out of A, B, C, or D.
",156
29162.0,Mowing the lawn,A man and a child are driving on a red and black lawnmower around a very large yard filled with green grass and the girl waves a few times. a white dog,A,"Context:
""A man and a child are driving on a red and black lawnmower around a very large yard filled with green grass and the girl waves a few times. a white dog""

Which of the following endings best completes the context?

Choices:
A. is standing on the grass and out of the way of the lawn mower.
B. are able to trot by and the boy stops the mower while he has a book in his hand.
C. walks around and looks at the somebody on the lawn as he walks around.
D. attempts to wrangle the mower from the woman who tries to pull it away.

Reply with exactly one uppercase letter out of A, B, C, or D.
",142
9350.0,Ironing clothes,A man shows a plaid shirt while explaining. then,A,"Context:
""A man shows a plaid shirt while explaining. then""

Which of the following endings best completes the context?

Choices:
A. , the man puts the shirt on the board and iron the cuff, after he puts the shirt on a hanger.
B. , the man is wearing a karate uniform and a helmet while explaining.
C. , a man shows a pair of grey jean shorts, then the man puts on a white shirt.
D. , the man stands in front of a wall rug and demonstrates procedure with a knitting needle.

Reply with exactly one uppercase letter out of A, B, C, or D.
",129
1798.0,Decorating the Christmas tree,He takes a red garland and demonstrates how to wrap it around the tree. He then takes some red and gold ornaments and shows how to place them on the tree. he,A,"Context:
""He takes a red garland and demonstrates how to wrap it around the tree. He then takes some red and gold ornaments and shows how to place them on the tree. he""

Which of the following endings best completes the context?

Choices:
A. also takes a red ribbon and red berries to add to the tree.
B. then hangs the tree up on a large tree.
C. is shown by another man and he finishes by explaining his techniques on how to wrap paper properly.
D. then takes a pair of jack o lanterns that he also sticks along with a few gift wrap attachments.

Reply with exactly one uppercase letter out of A, B, C, or D.
",140
3583.0,Blowing leaves,A little girl is blowing leaves in fall outside of a house. She pauses for a moment to get a better grasp of the leaf blower. she,B,"Context:
""A little girl is blowing leaves in fall outside of a house. She pauses for a moment to get a better grasp of the leaf blower. she""

Which of the following endings best completes the context?

Choices:
A. begins to violently blow the leaves in the yard.
B. walks by a little boy and continues to blow the leaves.
C. takes a small piece of wood and begins to blow the leaves with it.
D. focuses on what she is doing and effects come in from the log and the wind blowing the leaves around.

Reply with exactly one uppercase letter out of A, B, C, or D.
",129
12114.0,Mowing the lawn,"A circle of green grass is shown with a trail of rocks surrounding it, a brick wall, and some trees. A man then comes and starts to cut the grass going around its perimeter. after",C,"Context:
""A circle of green grass is shown with a trail of rocks surrounding it, a brick wall, and some trees. A man then comes and starts to cut the grass going around its perimeter. after""

Which of the following endings best completes the context?

Choices:
A. he leaves, he walks around the area and looks at the plant.
B. , he stretches the weeds around, resets his tools, and finally finishes cutting it.
C. , he takes the lawn mower and starts going vertically across the grass until the whole thing has been completed.
D. , he takes a close up close up of the wall and begins mowing it.

Reply with exactly one uppercase letter out of A, B, C, or D.
",149
27068.0,Putting on makeup,A woman is seen getting makeup put on and leads into two women speaking. One woman then begins putting makeup on the other while still speaking. they,A,"Context:
""A woman is seen getting makeup put on and leads into two women speaking. One woman then begins putting makeup on the other while still speaking. they""

Which of the following endings best completes the context?

Choices:
A. continue to put makeup on the girl and she shows it off.
B. try again and two women are seen putting makeup on the other as well.
C. then play a game of table tennis while speaking.
D. continue to speak while more people wearing makeup come into frame and end by getting a cigarette and smoke it.

Reply with exactly one uppercase letter out of A, B, C, or D.
",129
26090.0,Rollerblading,A man on a street surrounded by a crowd is wearing roller blades with rods attached and using ski poles to propel him forward. the rods on his roller blades,C,"Context:
""A man on a street surrounded by a crowd is wearing roller blades with rods attached and using ski poles to propel him forward. the rods on his roller blades""

Which of the following endings best completes the context?

Choices:
A. stay in position as the person on the other side of the sidewalk helps him your by demonstrating how to move backward while a skateboard does it's own work.
B. are shown and the score board shows its numbers.
C. strike bottles on the ground that make music as he skates by them.
D. begin to play in the air and he begins a quick, long back and forth while wearing a red sweater.

Reply with exactly one uppercase letter out of A, B, C, or D.
",150
6997.0,Playing pool,An aerial view of the room then appears before a boy hits an orange solid ball into the corner pocket. The guy then begins to smile because the cue ball didn't enter. the opponent,C,"Context:
""An aerial view of the room then appears before a boy hits an orange solid ball into the corner pocket. The guy then begins to smile because the cue ball didn't enter. the opponent""

Which of the following endings best completes the context?

Choices:
A. throws down the ball with the white cue ball.
B. then begins to take his turn and concludes by walking away while playing the now wling game of shooting the ball.
C. takes his turn but the stripe nine doesn't enter into the pocket and someone ends up pushing it in the hole.
D. then approaches the table and starts to drop one of his tokens.

Reply with exactly one uppercase letter out of A, B, C, or D.
",148
1494.0,Paintball,A shot of a sunset set is shown followed by peaking smoking and walking around a paint ball pit. The men speak to one another and lead into running around and playing paint ball. they,C,"Context:
""A shot of a sunset set is shown followed by peaking smoking and walking around a paint ball pit. The men speak to one another and lead into running around and playing paint ball. they""

Which of the following endings best completes the context?

Choices:
A. are seen outside again with one man speaking and dancing in the same spot.
B. jump and skydive into the water at various speeds, tossing each other around.
C. pauses for a few moments to speak to one another and the camera captures the shooters from different angles.
D. finish and walk into each other holding a pose and cheering.

Reply with exactly one uppercase letter out of A, B, C, or D.
",143
25122.0,Arm wrestling,This is a video for arm wrestling tips. A screen with caption is shown describing the video. there,C,"Context:
""This is a video for arm wrestling tips. A screen with caption is shown describing the video. there""

Which of the following endings best completes the context?

Choices:
A. 's a blue sheet on the floor with blue ink as well as a blue gear attached to the body.
B. is a person now taping the costumers movements.
C. are two men at an arm wrestling table a man in a white t-shirt and glasses is informing on how to properly prepare for an arm wrestling match with stance, arm position, finger position, wrist placement, body position, body and arm movement.
D. is a shot of a girl being awkward toward the camera.

Reply with exactly one uppercase letter out of A, B, C, or D.
",156
36504.0,Spinning,"A stationary bike appears with the words ""h8715 carbon bike gsg"" above it. Video and photos of the bike are shown followed by a woman adjusting the seat of the bike. she",C,"Context:
""A stationary bike appears with the words ""h8715 carbon bike gsg"" above it. Video and photos of the bike are shown followed by a woman adjusting the seat of the bike. she""

Which of the following endings best completes the context?

Choices:
A. continues adjusting the handles and the knees on the bike, then begins to move the bike.
B. adjusts the seat further for the pairs use.
C. puts on a heart monitor and starts using the connected bike.
D. moves the bike to the top of a stair and adjusts the pedals.

Reply with exactly one uppercase letter out of A, B, C, or D.
",133
39940.0,Grooming dog,A woman is seen walking into frame with a dog and leads into her brushing the dog while speaking to the camera. the dog,C,"Context:
""A woman is seen walking into frame with a dog and leads into her brushing the dog while speaking to the camera. the dog""

Which of the following endings best completes the context?

Choices:
A. walks into frame standing next to her and waving.
B. attempts to help a man brush the dog and the man continues speaking to the camera.
C. rolls over as the woman continues brushing and ends by petting the dog on its sides.
D. brushes off the spit and other things as well as a person's head as well as several neck and followed by more shots of different clips of the woman and her dog.

Reply with exactly one uppercase letter out of A, B, C, or D.
",145
2755.0,Breakdancing,"As he continues, he grabs a beanie and puts it on his hand to make him turn easier. the man",B,"Context:
""As he continues, he grabs a beanie and puts it on his hand to make him turn easier. the man""

Which of the following endings best completes the context?

Choices:
A. playing then puts the at an angle and makes a cap.
B. then does the twist continuously and shows off the cricket position before returning to talk again.
C. flips on his back so his armpits are high.
D. then allows himself to walk, as he's very proud of his skateboard, even though they're polished.

Reply with exactly one uppercase letter out of A, B, C, or D.
",126
10003.0,Cleaning shoes,A close up of sneakers and polish is shown followed by a person's hands putting objects into shoes. they,C,"Context:
""A close up of sneakers and polish is shown followed by a person's hands putting objects into shoes. they""

Which of the following endings best completes the context?

Choices:
A. then begin tube tubing down a hill and into a lake of water.
B. use all the cosmetics they're using to paint the shoes and polish them up in the end.
C. fill up a tin of water, pour polish inside, and then scrub the outside of the shoes.
D. then throw the shoes into a container and the person continuously shoes out.

Reply with exactly one uppercase letter out of A, B, C, or D.
",129
10513.0,Canoeing,She then adds the legs and begins doing lunges in the grass before she continues to do curls with her hands. the lady,B,"Context:
""She then adds the legs and begins doing lunges in the grass before she continues to do curls with her hands. the lady""

Which of the following endings best completes the context?

Choices:
A. continue to do her own flips and she solves two goals in one go.
B. has now moved to a patio an is laying down flat on her back doing leg exercises.
C. results in fourth consecutive chin lifts and the biking hit of the day continues.
D. finishes swirling her hair and gives a thumbs up as the crowd claps.

Reply with exactly one uppercase letter out of A, B, C, or D.
",129
18605.0,Applying sunscreen,Various shots shots are shown of people on the beach putting sun screen on and a skin doctor speaking to the camera. more people,A,"Context:
""Various shots shots are shown of people on the beach putting sun screen on and a skin doctor speaking to the camera. more people""

Which of the following endings best completes the context?

Choices:
A. are shown on the news segment with the host wearing sun screen and pointing to all the bottles on her table.
B. are shown speaking to the camera while laying on the beach holding proper clothes and scratching their face.
C. are seen putting sunscreen on and people sliding on the sand and writing on paper.
D. are shown putting sunscreen on their skin and then decorate around the sunscreen.

Reply with exactly one uppercase letter out of A, B, C, or D.
",138
30822.0,Wakeboarding,A man is seen speaking to the camera that leads into several clips of people wake boarding. the man,C,"Context:
""A man is seen speaking to the camera that leads into several clips of people wake boarding. the man""

Which of the following endings best completes the context?

Choices:
A. then speaks with a girl making room while the girl continues to wakeboard.
B. is then seen in water and walking the the dog and shows off his shaking paws.
C. then speaks to a woman and helps demonstrate how to properly ride the wake board.
D. speaks to a man that is sitting on a rowing machine while while he holds onto the handles.

Reply with exactly one uppercase letter out of A, B, C, or D.
",130
29629.0,Triple jump,Colombian woman is running in a race track and make a high jump while people is watching her. russian woman,B,"Context:
""Colombian woman is running in a race track and make a high jump while people is watching her. russian woman""

Which of the following endings best completes the context?

Choices:
A. is running and make another huge one.
B. is running in a race track making big steps and make a high jump while people is watching her.
C. is now in the green and calm greenn't doing a very good job but she's trying harder and eventually makes it and jumps in the green line.
D. is running and do high jump and make a high jump and make a high jump.

Reply with exactly one uppercase letter out of A, B, C, or D.
",141
31187.0,Grooming dog,The speaks more to the camera while other dogs are shown groomed and one woman walks away holding two excited dogs. more shots of dogs held,C,"Context:
""The speaks more to the camera while other dogs are shown groomed and one woman walks away holding two excited dogs. more shots of dogs held""

Which of the following endings best completes the context?

Choices:
A. than speaking are shown and more dogs being groomed as well.
B. in the service are shown as well as dogs rafting, getting water, and interacting with one another.
C. are shown while the man speaks and the camera pans around the building.
D. by a woman as well as a man showcases while they look at different dogs in the world.

Reply with exactly one uppercase letter out of A, B, C, or D.
",136
47130.0,Futsal,Another player is briefly shown being interviewed and more clips of the game play again while the crowd cheers on. the game,D,"Context:
""Another player is briefly shown being interviewed and more clips of the game play again while the crowd cheers on. the game""

Which of the following endings best completes the context?

Choices:
A. continues and women continue cheering and batting a few times in the end.
B. ends and ends with the words "" the parade type "" shown across the screen.
C. continues and another player is interviewed, demonstrating more a play any hockey game on hockey equipment.
D. ends and two players get interviewed but we can't see the man interviewing them just his hand holding the microphone while people walk off the court.

Reply with exactly one uppercase letter out of A, B, C, or D.
",141
5505.0,Running a marathon,"Several individuals are dressed in workout clothes, tying up their shoes, and placing numbers on their shirts. All of the people meet at the starting line and begin a marathon throughout the city. as they",A,"Context:
""Several individuals are dressed in workout clothes, tying up their shoes, and placing numbers on their shirts. All of the people meet at the starting line and begin a marathon throughout the city. as they""

Which of the following endings best completes the context?

Choices:
A. run, people are on the side of the road encouraging them with water on their tables, signs and clapping for them.
B. go, they are shown playing some stringed instruments.
C. finish, someone drops an item, along with their name, at the end of the video.
D. run, they pass two teams of players who have long lines and a large number of spectators watching or cheering them on.

Reply with exactly one uppercase letter out of A, B, C, or D.
",160
13430.0,Beach soccer,A large group of people are seen standing around a sand pit shaking hands and speaking with one another. The men then begin a soccer match with one another and cheering when they score a goal. the men,A,"Context:
""A large group of people are seen standing around a sand pit shaking hands and speaking with one another. The men then begin a soccer match with one another and cheering when they score a goal. the men""

Which of the following endings best completes the context?

Choices:
A. continue to play against one another while the audience cheers and the ref stands on the side.
B. play a game of beer pong and end by throwing the paper at one another before running to celebrate.
C. keep playing the game with one another and end by stomping on the ball and walking away.
D. continue to dance around while standing around and begin another match with one another.

Reply with exactly one uppercase letter out of A, B, C, or D.
",153
32665.0,Table soccer,One man is seen moving a fooseball table around quickly as possible while another man watches on the side. the men,C,"Context:
""One man is seen moving a fooseball table around quickly as possible while another man watches on the side. the men""

Which of the following endings best completes the context?

Choices:
A. move the fooseball table swiftly up and down at one another and ends with a close up of the ball behind him.
B. continue moving all around and ends with one grabbing a ball on the side.
C. then play a game against one another while one continues to move the poles quickly.
D. continue moving around, solving the game with ease.

Reply with exactly one uppercase letter out of A, B, C, or D.
",131
9758.0,Elliptical trainer,A man and woman are shown in various shots riding on a piece of exercise equipment moving up and down. the people,A,"Context:
""A man and woman are shown in various shots riding on a piece of exercise equipment moving up and down. the people""

Which of the following endings best completes the context?

Choices:
A. continue working out and the camera fades to black.
B. are doing push ups on the machine while others watch on the side.
C. ride around in alternating circles on the machine doing various taunts and tricks with the machine.
D. are riding down a steep incline on a machine and start walking out to the side as a man comes running on the machine and reenters.

Reply with exactly one uppercase letter out of A, B, C, or D.
",136
36922.0,Cleaning shoes,"A person sitting down at a wooden table grabs a black piece of square cloth and begins placing objects on it. After, a brown suede shoe appears and the man begins cleaning it with a small white brick. next",B,"Context:
""A person sitting down at a wooden table grabs a black piece of square cloth and begins placing objects on it. After, a brown suede shoe appears and the man begins cleaning it with a small white brick. next""

Which of the following endings best completes the context?

Choices:
A. were a pair of gloves and a brown square cloth.
B. , he grabs a smaller wooden brush, dips it into some liquid in a cap and cleans the boot.
C. , the white pieces of cloth are put in a brown bucket and they're dried off with a blow dryer.
D. , more items are shown and the man folds the brown cloth in half and uses a tool.

Reply with exactly one uppercase letter out of A, B, C, or D.
",156
30317.0,Spread mulch,A small group of people are seen pulling mulch into a bin when another is seen raking around the tree. they,A,"Context:
""A small group of people are seen pulling mulch into a bin when another is seen raking around the tree. they""

Which of the following endings best completes the context?

Choices:
A. continue to scrape out of the mulch while measuring out the area and leads into one cutting the grass around the tree.
B. put mulch on the branches and begin painting the trunk.
C. measure and apply the mulch to the front of the tree.
D. continue gathering more mulch around the tree and looking up for the camera.

Reply with exactly one uppercase letter out of A, B, C, or D.
",129
44445.0,Using uneven bars,"In the gym, several young girls begin doing gymnastics and performing before coming back and doing an interview with the reporter. next",B,"Context:
""In the gym, several young girls begin doing gymnastics and performing before coming back and doing an interview with the reporter. next""

Which of the following endings best completes the context?

Choices:
A. , a group of young girls do a music stand.
B. , a young man approaches the bars, does his routine, and then comes back to to his interview.
C. , the young gymnasts perform with a baton and mostly leave the gym.
D. , two other gymnasts come back and all begin doing leg hop and doing long back flips while doing a series of high springs and somersaults before coming back to the starting line.

Reply with exactly one uppercase letter out of A, B, C, or D.
",152
7466.0,Shoveling snow,A man speaks to the camera while a woman behind him shovels snow. The man lifts up snow and throws it at the girl while the camera pans around. the man,B,"Context:
""A man speaks to the camera while a woman behind him shovels snow. The man lifts up snow and throws it at the girl while the camera pans around. the man""

Which of the following endings best completes the context?

Choices:
A. pushes snow off from the camera and stands on his hands to show it to the camera the whole time.
B. then begins shoveling while the girl throws snow up in the air.
C. continues talking and a man behind her puts a roof on the car.
D. scrambles to put the snow out and a man with a shovel help her shovel the snow.

Reply with exactly one uppercase letter out of A, B, C, or D.
",145
25686.0,Fixing bicycle,"A black tool clip is sitting on a wooden table by itself and then suddenly someone grabs it and begins to turn it, to show the tools inside. a bike",B,"Context:
""A black tool clip is sitting on a wooden table by itself and then suddenly someone grabs it and begins to turn it, to show the tools inside. a bike""

Which of the following endings best completes the context?

Choices:
A. is then shown, with tires inflated and brakes attached, and then they take off in a blue bike to go on a dirt path in the woods.
B. then appears and the person starts to move the seat back and forth illustrating its looseness.
C. is shown in a parking garage and a number of cars are shown parked near it.
D. is red and white and pulls a tire off of a machine sitting in a sink.

Reply with exactly one uppercase letter out of A, B, C, or D.
",155
28500.0,Doing kickboxing,"A man in a red shirt, black gym shorts and boxing gloves begins talking to the camera. after",D,"Context:
""A man in a red shirt, black gym shorts and boxing gloves begins talking to the camera. after""

Which of the following endings best completes the context?

Choices:
A. , several studio scenery scenes from workout are shown and the boxing videos have only two standalone scenes.
B. , a man takes out a ten gallon bucket that is filled with rounds of boxing supplies.
C. , several people start boxing on a mat while the man on the left is talking to him in a blue shirt.
D. , the man does a series of punches and begins to hit the bag excessively.

Reply with exactly one uppercase letter out of A, B, C, or D.
",137
42679.0,Croquet,There are some people playing croquet in their backyard that is covered with fall leaves. There's a teenage boy and a teenage girl playing croquet on some wooden boards. they,C,"Context:
""There are some people playing croquet in their backyard that is covered with fall leaves. There's a teenage boy and a teenage girl playing croquet on some wooden boards. they""

Which of the following endings best completes the context?

Choices:
A. are using violins to play as they swing gently back and forth on the croquet boards.
B. take turns crodging the length of the wooden boards while trying hard to get to the other side.
C. use their wooden mallet to hit the ball down the wooden boards.
D. make a good game with swinging the croquet sticks at each other.

Reply with exactly one uppercase letter out of A, B, C, or D.
",144
19828.0,Swimming,Several clips are shown of a man swimming around in a pool and speaking to the camera. the man,D,"Context:
""Several clips are shown of a man swimming around in a pool and speaking to the camera. the man""

Which of the following endings best completes the context?

Choices:
A. is then shown in shots attempting to pull up water through a bridge and shows several shots of the man drawing and speaking to the camera and being interviewed.
B. continues talking to the camera while hundreds of towels are laid out on the pool floor and a person tosses a ball around.
C. continues to speak to the camera while showing off his arms and body strength as well as helping other fish.
D. continues moving around in the pool demonstrating how to do proper technique while still speaking to the camera.

Reply with exactly one uppercase letter out of A, B, C, or D.
",157
21408.0,Gargling mouthwash,They are swishing it in their mouths and almost all of them have their hands over their mouths. one of them,B,"Context:
""They are swishing it in their mouths and almost all of them have their hands over their mouths. one of them""

Which of the following endings best completes the context?

Choices:
A. is screaming at the camera.
B. spits it out in the sink and the other three are trying to carry on.
C. has a giant alligator in his hands and he starts pulling on it so that it doesn't bite him as he moves back and forth with the same claw nails.
D. catches one of the girls in his mouth by her face, she hits him and he flashes a big smile at her while she mystery friends are sitting around looking very intrigued.

Reply with exactly one uppercase letter out of A, B, C, or D.
",154
41632.0,Preparing salad,"A woman talks in kitchen, then come two boys and talk whiles showing the fruits on the counter. Then, a man comes and puts all the fruits in a large bowl while explaining. after",B,"Context:
""A woman talks in kitchen, then come two boys and talk whiles showing the fruits on the counter. Then, a man comes and puts all the fruits in a large bowl while explaining. after""

Which of the following endings best completes the context?

Choices:
A. , the man cleans the refrigerator and then continues talking wandering the inside of the refrigerator and eating the fruits.
B. , the man adds on top the fruits yogurt, chocolate and cereal.
C. , after the men talk together and show the fruits in a net of ice cream.
D. , people take a wooden spatula and cuts a piece ofthe fruit.

Reply with exactly one uppercase letter out of A, B, C, or D.
",147
24269.0,Getting a tattoo,A man wearing a white shirt and a camouflage print hat and ear and lip piercings is demonstrating how to do permanent tattoos. he,B,"Context:
""A man wearing a white shirt and a camouflage print hat and ear and lip piercings is demonstrating how to do permanent tattoos. he""

Which of the following endings best completes the context?

Choices:
A. shows a marker and a dot of ink on his tongue as he talks.
B. shows how he shaves the client's arm with a razor and rubs some alcohol on it to prep the skin.
C. starts by showing how to apply a layer of ink on a finger in the right direction.
D. introduces himself as buxley computer graphics graphics services.

Reply with exactly one uppercase letter out of A, B, C, or D.
",136
11461.0,Making a sandwich,"Two slicess of bread, a plate, and two slices of cheese are on the counter. the person",B,"Context:
""Two slicess of bread, a plate, and two slices of cheese are on the counter. the person""

Which of the following endings best completes the context?

Choices:
A. takes a bite of one of the slices of bread.
B. then takes one slice, spreads the butter over it and puts two slices of cheese on it and adds the other slice on top of it.
C. then peels the bread in half, put on the plate and puts the straitjacket around the insides of the sandwich.
D. puts the shredded cheese into the sandwich.

Reply with exactly one uppercase letter out of A, B, C, or D.
",137
14854.0,Preparing pasta,"A person slices and ground garlic and chop parsley. Then, the person adds the garlic in the hot oil in a pan. the person",A,"Context:
""A person slices and ground garlic and chop parsley. Then, the person adds the garlic in the hot oil in a pan. the person""

Which of the following endings best completes the context?

Choices:
A. cooks and drain the pasta, then put the pasta in the pot and add chicken broth, the cooked garlic, parsley, salt, pepper and cheese on top.
B. cook the cooked parsley in the pan.
C. put salt on the garlic and gather in a pot.
D. spreads garnish on garnish.

Reply with exactly one uppercase letter out of A, B, C, or D.
",126
167.0,Welding,He shows two aluminum plates that are joined together for demonstration purposes. He takes the nova rod and shows how he can weld the two pieces together. he,C,"Context:
""He shows two aluminum plates that are joined together for demonstration purposes. He takes the nova rod and shows how he can weld the two pieces together. he""

Which of the following endings best completes the context?

Choices:
A. moves the star shaped welder on the one side of the sandy area because of the sand that covered it.
B. lays down the rod and shows how he can weld the outside of a car from the inside.
C. begins welding the two plates of aluminum.
D. then demonstrates how to weld with a pump until the concrete is clean.

Reply with exactly one uppercase letter out of A, B, C, or D.
",134
39579.0,Doing kickboxing,A laptop is shown followed by a person climbing out of bed and washing their face. several shots of women,C,"Context:
""A laptop is shown followed by a person climbing out of bed and washing their face. several shots of women""

Which of the following endings best completes the context?

Choices:
A. are shown performing tai chi moves while a woman touches instruction pads.
B. perform sit ups with different faces and faces shown as well as more shots of the girls exercising and the video ending with the other looking up and speaking to the camera.
C. are seen hitting a punching bag in a large room and fist bumping one another.
D. are seen smile and speak to the camera with one showing an asian look.

Reply with exactly one uppercase letter out of A, B, C, or D.
",140
36048.0,Sharpening knives,He cleans the knife on a towel and shows the residue left behind. He explains the difference between a honing steel and a sharpening steel. a black screen,C,"Context:
""He cleans the knife on a towel and shows the residue left behind. He explains the difference between a honing steel and a sharpening steel. a black screen""

Which of the following endings best completes the context?

Choices:
A. appears with blue and white drawings of swords and arrows on it and the word "" swords lacrosse "" on it.
B. appears on black, then black again.
C. appears and fades into a white screen with online culinary schools, websites and a copyright to a company.
D. flashes and the new recipe appears.

Reply with exactly one uppercase letter out of A, B, C, or D.
",131
14822.0,Doing motocross,A person is seen looking to the camera in several shots as well as a close up of a dirt bike. people,D,"Context:
""A person is seen looking to the camera in several shots as well as a close up of a dirt bike. people""

Which of the following endings best completes the context?

Choices:
A. ride around in a dirt track followed by more shots of people and riding around.
B. are seen riding dirt bikes in the dark and one man comes close to the camera and his bike.
C. are shown riding around the area using the dirt bike along with several landscapes and animals.
D. are then shown in several shots riding around a track and performing tricks.

Reply with exactly one uppercase letter out of A, B, C, or D.
",131
32339.0,Hanging wallpaper,"A man rolls out a sheet of wallpaper from a tube, then a large photo. He applies the sheet and photos to the wall, creating a real life photography mural. he",A,"Context:
""A man rolls out a sheet of wallpaper from a tube, then a large photo. He applies the sheet and photos to the wall, creating a real life photography mural. he""

Which of the following endings best completes the context?

Choices:
A. wipes the images onto the wall cleanly.
B. lays the wallpaper onto an iron, then polishes it with a white towel.
C. begins by panning the walls and wallpaper, adjusting and at the same time doing things like slipping and balancing up and down on the paint.
D. then does the same with the wall again.

Reply with exactly one uppercase letter out of A, B, C, or D.
",137
19148.0,Playing harmonica,A blurry black stage is present and then all of a sudden a woman appears playing the piano. while the woman,C,"Context:
""A blurry black stage is present and then all of a sudden a woman appears playing the piano. while the woman""

Which of the following endings best completes the context?

Choices:
A. is playing she continues to lead and begins to strum her hair and when she finishes she shows the camera her face.
B. plays the screen moves and a 3d bass drum appears zooming over the office as well as a person's faces.
C. is playing, the blind artist stevie wonder appears playing the harmonica into his microphone.
D. is playing, a nurse is standing in the room beiging the keyboard and buttons.

Reply with exactly one uppercase letter out of A, B, C, or D.
",148
4848.0,Sharpening knives,"A man stands in front of a counter with his hands down in front of equipment. He uses the surface to rub a knife blade back and forth, sharpening it. when he",D,"Context:
""A man stands in front of a counter with his hands down in front of equipment. He uses the surface to rub a knife blade back and forth, sharpening it. when he""

Which of the following endings best completes the context?

Choices:
A. 's done, he shows off a close up shot before throwing in a print and showing the finished product.
B. is finished, he begins cutting the knife in half.
C. is finished, the object in question is a cylinder.
D. is done, he checks the blade before lying the knife back down.

Reply with exactly one uppercase letter out of A, B, C, or D.
",135
11997.0,Mixing drinks,Then he shakes beverage vigorously and pours into a conical glass. He then tops the drink with whipped cream from a can and puts a cherry on the top. he,C,"Context:
""Then he shakes beverage vigorously and pours into a conical glass. He then tops the drink with whipped cream from a can and puts a cherry on the top. he""

Which of the following endings best completes the context?

Choices:
A. takes ice cubes and adds that as well as a slice of lemon in a glass.
B. adds ice to the glass and showcases a sparkling, fizzy drink.
C. gives information about his facebook page and other details.
D. adds fruit juices to the drink that has a nice taste.

Reply with exactly one uppercase letter out of A, B, C, or D.
",128
44970.0,Putting in contact lenses,"A teen talks, then he takes off a contact lens from the right eye. then",C,"Context:
""A teen talks, then he takes off a contact lens from the right eye. then""

Which of the following endings best completes the context?

Choices:
A. , the boy moves his right eyeball, then the boy hold a contact lens.
B. , the teen touch a nose piercing and remove the contact lens.
C. , teen puts the contact lens on the index finger and then puts again it in his right aye.
D. , the teen pulls the contact number out of the eye, then two girls talks.

Reply with exactly one uppercase letter out of A, B, C, or D.
",126
33078.0,Laying tile,"There are many different tiles being shown and there is wooden floors being shown. First the man removes the baseboard, then he gets a drill and puts screws in the floor. then he",D,"Context:
""There are many different tiles being shown and there is wooden floors being shown. First the man removes the baseboard, then he gets a drill and puts screws in the floor. then he""

Which of the following endings best completes the context?

Choices:
A. puts the basketballs put back in the spaces.
B. primes the board back on and racks it up but then replaces it again.
C. is shown making a light on the tile and replacing it with a new one.
D. draws lines to put tiles on the floor.

Reply with exactly one uppercase letter out of A, B, C, or D.
",128
1551.0,Shoveling snow,A man in a brown coat and hat is shoveling the snow from his driveway. Pictures of the man are being shown. the man,D,"Context:
""A man in a brown coat and hat is shoveling the snow from his driveway. Pictures of the man are being shown. the man""

Which of the following endings best completes the context?

Choices:
A. does not seem to notice any snow at all, until he is so deep into his task that he needs help which he receives quickly and easily.
B. vigorously shovels the snow and cow shit out of a truck.
C. 's dog is shown shoving snow into a bucket on his porch.
D. gets out a snowblower and starts snowblowing his driveway.

Reply with exactly one uppercase letter out of A, B, C, or D.
",141
46565.0,Cheerleading,"First, the team throws a girl into the air, but when she comes back down she is on the ground. next",D,"Context:
""First, the team throws a girl into the air, but when she comes back down she is on the ground. next""

Which of the following endings best completes the context?

Choices:
A. , the team begins to run towards the goal and raise their arms.
B. , the board is shown and individuals begin skiing and competing.
C. , people grab a net and start throwing a throw.
D. , another man grabs the woman and tries to hold her in the air using his hands, and he drops her causing both of them to fall to the ground.

Reply with exactly one uppercase letter out of A, B, C, or D.
",135
22914.0,Sharpening knives,He picks up the sharpening tool and talks about what he will do next and begins to sharpen again. then he,D,"Context:
""He picks up the sharpening tool and talks about what he will do next and begins to sharpen again. then he""

Which of the following endings best completes the context?

Choices:
A. gets down off the bed and the video ends.
B. gets in the car and drives off of the street.
C. swings the sharpener to sharpen the sharpening stone another time and then takes his knife and scrambles to sharpen another piece.
D. shows all of the pieces that come with the kit and talks about it all.

Reply with exactly one uppercase letter out of A, B, C, or D.
",126
40428.0,Cheerleading,An intro leads into a group of cheerleaders performing several moves as a team and girls being interviewed on camera. they,A,"Context:
""An intro leads into a group of cheerleaders performing several moves as a team and girls being interviewed on camera. they""

Which of the following endings best completes the context?

Choices:
A. perform a routine shown by several videos and pictures and continue showing various tricks backstage and on stage.
B. switch to several more moves from the middle east while still speaking directly into a microphone and ends with credits shown.
C. then perform several batons, swirling them around with twirling them in their hands.
D. do several stunts on the bars that leads into more clips of the cheerleaders performing incredible stunts.

Reply with exactly one uppercase letter out of A, B, C, or D.
",144
15717.0,Doing crunches,"First he shows viewers how to properly do a crunch and his feet are apart, arms on his chest, and each time he goes up the elbows touch his legs. when he",D,"Context:
""First he shows viewers how to properly do a crunch and his feet are apart, arms on his chest, and each time he goes up the elbows touch his legs. when he""

Which of the following endings best completes the context?

Choices:
A. gets to the end he faces right at the camera.
B. goes back he's smiling and holding his arms up stretching his body and looking into the camera.
C. finishes his basic crunch he is very pleased that his technique is finally working as the two men lead with a "" ooooo "".
D. 's done, he stands up and tells viewers more helpful information about how to have a good workout.

Reply with exactly one uppercase letter out of A, B, C, or D.
",153
1591.0,Getting a haircut,He takes a small amount of hair gel on his finger from the container and rubs it through the long section of his hair. He then combs the hair to style it. he,D,"Context:
""He takes a small amount of hair gel on his finger from the container and rubs it through the long section of his hair. He then combs the hair to style it. he""

Which of the following endings best completes the context?

Choices:
A. then takes the long band and pours a liquid from the container onto the curly hairs and roves it in.
B. valued at least ten years back hair styles for his employees and they're all very thorough and master at this task.
C. then grabs some pins to braid it, which he places behind his head and irons it.
D. runs his fingers through the hair to finish off the look.

Reply with exactly one uppercase letter out of A, B, C, or D.
",155
25388.0,Removing curlers,"The girls are talking to the camera, one of the girls is licking the food in her fork. The girl in pink shirt is kissing the cheek of the other girl and began poking her. the girls",C,"Context:
""The girls are talking to the camera, one of the girls is licking the food in her fork. The girl in pink shirt is kissing the cheek of the other girl and began poking her. the girls""

Which of the following endings best completes the context?

Choices:
A. ate the food then rinse their fork in the lake in the end.
B. then started throwing darts at the camera.
C. are eating and talking to the camera.
D. are hanging from the ceiling with other teen, one of them looked very sad as she watched.

Reply with exactly one uppercase letter out of A, B, C, or D.
",131
1799.0,Decorating the Christmas tree,He then takes some red and gold ornaments and shows how to place them on the tree. He also takes a red ribbon and red berries to add to the tree. he,D,"Context:
""He then takes some red and gold ornaments and shows how to place them on the tree. He also takes a red ribbon and red berries to add to the tree. he""

Which of the following endings best completes the context?

Choices:
A. then cuts the top of the christmas tree in half and places the finished in the complete box.
B. continues decorating the tree while taking the colors and decorations off and letting them go.
C. clips all of the tubes into place up on the tree.
D. stands next to the fully decorated tree as he completes his tutorial.

Reply with exactly one uppercase letter out of A, B, C, or D.
",135
13901.0,Playing polo,A woman rides a horse in an indoor barn and plays polo while holding a polo stick and chasing a red ball in the indoor setting. the woman,C,"Context:
""A woman rides a horse in an indoor barn and plays polo while holding a polo stick and chasing a red ball in the indoor setting. the woman""

Which of the following endings best completes the context?

Choices:
A. takes turns to pass the ball to a blind indicated person on the left.
B. jumps rope wearing a suit while dropping the ball, and the man complains to the cameraman.
C. hits at the ball while riding the horse in circles.
D. wipes the balls on a towel and then puts it aside.

Reply with exactly one uppercase letter out of A, B, C, or D.
",127
46039.0,Snatch,"One by one, they squat down, grab the weight, stand, and lift it over their heads before dropping it. the seventh man",D,"Context:
""One by one, they squat down, grab the weight, stand, and lift it over their heads before dropping it. the seventh man""

Which of the following endings best completes the context?

Choices:
A. doubles back, grabs the weight, then walks out of the screen.
B. is hollered at and then the man in black finally calls the score.
C. holds a torch up and screams when all of them alone begin to drop the weight, and jump to the ground when he flips it to recover it after the entire match.
D. fails on his first try, and drops the weight before raising it overhead.

Reply with exactly one uppercase letter out of A, B, C, or D.
",147
19864.0,Snatch,"Many large men lift a heavy barbell in the competition, one after the other. They hold the barbell over their head, and then receive a score on their efforts. when they",B,"Context:
""Many large men lift a heavy barbell in the competition, one after the other. They hold the barbell over their head, and then receive a score on their efforts. when they""

Which of the following endings best completes the context?

Choices:
A. are done with their high jumps, they stand, see their score and clap.
B. are done and the victor has been declared, the top three men pose with their medals.
C. are finished, one by one, they shake hands and salute.
D. are done, they walk away and bow before it goes onto their shoulders.

Reply with exactly one uppercase letter out of A, B, C, or D.
",142
1009.0,Pole vault,Another black screen appears and a different person tries to do the jump but he too hits the pole. once he,B,"Context:
""Another black screen appears and a different person tries to do the jump but he too hits the pole. once he""

Which of the following endings best completes the context?

Choices:
A. is done in the bar he walks towards a friend and shakes his hand.
B. is done, a different man attempts to do it but he isn't successful either.
C. is done and done the camera leaves and all kinds of colorful words flash across the screen that say "" theme "".
D. hits the pole, he goes into slow motion and is able to do the jump successfully.

Reply with exactly one uppercase letter out of A, B, C, or D.
",136
30976.0,Camel ride,A woman and her 2 children are riding around on a camel at a fair or some event. there,A,"Context:
""A woman and her 2 children are riding around on a camel at a fair or some event. there""

Which of the following endings best completes the context?

Choices:
A. is a worker who is walking with them in circles walking the camel with a rope as they ride.
B. are people riding the camels to enjoy the sights and smells of the city.
C. are three dogs in the back of the camels, a man wearing sunglasses is holding the kids on his back.
D. are people below her, attending a _start_and including her.

Reply with exactly one uppercase letter out of A, B, C, or D.
",134
11025.0,Playing violin,An intro leads into a man holding a violin and playing with his hands. the man,A,"Context:
""An intro leads into a man holding a violin and playing with his hands. the man""

Which of the following endings best completes the context?

Choices:
A. continues to play and then pauses to speak to the camera while also demonstrating how to properly play.
B. continues playing while turning red and then green lights begin flashing around and music begins to play.
C. finishes tapping the violin to the side while the camera captures him from several angles.
D. continues playing with the violin in front of him and ends by leading the camera around.

Reply with exactly one uppercase letter out of A, B, C, or D.
",129
27540.0,Beach soccer,A group of young people play soccer in a large sand pit bordering a large green field. a group of young men and one woman,B,"Context:
""A group of young people play soccer in a large sand pit bordering a large green field. a group of young men and one woman""

Which of the following endings best completes the context?

Choices:
A. does clips of the people playing soccer inside the sand mound as little girls watch on the sidelines.
B. play soccer in a sand pit using their feet to kick and sometimes their heads.
C. take turns swinging the ball over the net in three short volleys.
D. talk to javelin players as they lay on the ground.

Reply with exactly one uppercase letter out of A, B, C, or D.
",129
35313.0,Javelin throw,An intro of text leads into several clips of athletes throwing javelins off into the distance. the video,D,"Context:
""An intro of text leads into several clips of athletes throwing javelins off into the distance. the video""

Which of the following endings best completes the context?

Choices:
A. contains different clips of the athletes scoring impressive points and more clips of them failing to score.
B. continues with many more athletes throwing a javelins onto a field of onlookers.
C. ends with the coach hitting a pinata and then a graphic naming the event.
D. continues with several more athletes being shown performing impressive throws with the javelin.

Reply with exactly one uppercase letter out of A, B, C, or D.
",130
40162.0,Sailing,The person at the front of the boat is leaning off to the side and is seemingly hitting the water. The water starts to become more and more choppy. the boat,D,"Context:
""The person at the front of the boat is leaning off to the side and is seemingly hitting the water. The water starts to become more and more choppy. the boat""

Which of the following endings best completes the context?

Choices:
A. trips several times and ends up in the water.
B. continues to climb up and down and just lets it go until the boat pulls it up at the boat park.
C. eventually hits the water and the man is pulled by a strong rope into the waves.
D. makes a turn to the right.

Reply with exactly one uppercase letter out of A, B, C, or D.
",131
27504.0,Smoking a cigarette,"Two women are outside walking away from a blue building with the sign owen's above it. As they walk, the woman begins smoking a cigarette and looking out into the city. the younger girl",A,"Context:
""Two women are outside walking away from a blue building with the sign owen's above it. As they walk, the woman begins smoking a cigarette and looking out into the city. the younger girl""

Which of the following endings best completes the context?

Choices:
A. then grabs her cigarette and starts smoking as well and looking around.
B. finally takes a break and takes a final drag off her cigarette.
C. continues to walk out, taking another small puff off her cigarette and continuously exhaling it into the big cement crosser she just walked through.
D. just keeps slowly smoking, checking the smokes as the hand continues to hold the cigarette.

Reply with exactly one uppercase letter out of A, B, C, or D.
",153
41917.0,Cutting the grass,A shirtless man with a machete walks out into the front yard. He starts hitting the grass repeatedly over and over cutting the grass. instead,B,"Context:
""A shirtless man with a machete walks out into the front yard. He starts hitting the grass repeatedly over and over cutting the grass. instead""

Which of the following endings best completes the context?

Choices:
A. of spinning around on the grass, he starts again and ends by walking away.
B. of using a lawnmower he is cutting the grass with a machete.
C. of stopping an gored up woman walks out from behind the house looking at the man.
D. of cutting corners, the man starts to spread an shaped sheet out covering the entire yard.

Reply with exactly one uppercase letter out of A, B, C, or D.
",138
27634.0,Washing face,A little boy is sitting down on a crate and he pours some water out on his hand and washes his face. Near the market walking past shops there are many citizens. they,C,"Context:
""A little boy is sitting down on a crate and he pours some water out on his hand and washes his face. Near the market walking past shops there are many citizens. they""

Which of the following endings best completes the context?

Choices:
A. are dressed in armor, helmets, and riding horses.
B. smoke a cigarette and continue to walk by restaurants.
C. are just going about thier day like normal.
D. step up to the counter and take a drink of their water and try to pretend like they are on fire.

Reply with exactly one uppercase letter out of A, B, C, or D.
",130
35023.0,Chopping wood,Two athletes walk through a hallway then chop an upright log in a competition. Cheerleaders enter through a hallway then dance on stage. two athletes,C,"Context:
""Two athletes walk through a hallway then chop an upright log in a competition. Cheerleaders enter through a hallway then dance on stage. two athletes""

Which of the following endings best completes the context?

Choices:
A. lift a smaller girl and place her on a stretcher.
B. enter the hall and touch hand they bow, spit on the ground, then hug and start dancing.
C. enter through a hallway then use a hand saw to cut through a log.
D. are carried to the center of the sign.

Reply with exactly one uppercase letter out of A, B, C, or D.
",126
14788.0,Getting a piercing,She hangs up and starts talking out loud and then her and her friend are walking through a parking garage. the girls,B,"Context:
""She hangs up and starts talking out loud and then her and her friend are walking through a parking garage. the girls""

Which of the following endings best completes the context?

Choices:
A. gather, pause, stand, and talk to each other one hands to the other and hugs.
B. are walking and talking through the mall, then they go to claires to get ears pierced.
C. then stop in the corner of the parking garage, talking and then begins walking back together pulling their shirts off.
D. get in their car, and bark at each of the men.

Reply with exactly one uppercase letter out of A, B, C, or D.
",137
28821.0,Snow tubing,Nother shot is shown of a train of kids on inner tubes going down the hill. A child's face is shown as he is speaking to the camera. they,C,"Context:
""Nother shot is shown of a train of kids on inner tubes going down the hill. A child's face is shown as he is speaking to the camera. they""

Which of the following endings best completes the context?

Choices:
A. go down the hill, moving as fast as they can.
B. are riding down the hill, the coaches are driving them and they are going so fast.
C. then slide down the hill very fast and they are excited.
D. stop at a stop and the boy gets off.

Reply with exactly one uppercase letter out of A, B, C, or D.
",126
19363.0,Making a lemonade,"She turns to the counter where the ingredients are, she grabs a lemons and begins to cut it in half. she",C,"Context:
""She turns to the counter where the ingredients are, she grabs a lemons and begins to cut it in half. she""

Which of the following endings best completes the context?

Choices:
A. olives the lemon and pours it in a glass, then she adds in some' olive oil' then mixes the mixture with a juice, sugar and wine, leaves and mixes the olive oil together.
B. dumps some of the ingredients into a jar and takes one of the lemons from the jar.
C. squeezes the the lemon trying to get all the juice out that she can.
D. takes some of it and pours it into a clear bowl.

Reply with exactly one uppercase letter out of A, B, C, or D.
",152
45329.0,Playing harmonica,Four men in the studio are playing different instrument. The man with big guitar is singing while playing his guitar. the man playing harmonica,D,"Context:
""Four men in the studio are playing different instrument. The man with big guitar is singing while playing his guitar. the man playing harmonica""

Which of the following endings best completes the context?

Choices:
A. is hanging next to the man playing his guitar which started playing very rapid, the man twirled his legs with his harmonica.
B. is rapping and the other men were singing.
C. passed the scene and went and see another time.
D. stopped playing and looked at the man singing, then he continue to play his harmonica.

Reply with exactly one uppercase letter out of A, B, C, or D.
",134
