sentence,option1,option2,answer,final_prompt,len_tk_glm4_9b_chat
Lisa used brush to clean her dog's fur instead of the comb because the _ was new.,brush,comb,A,"Sentence:
""Lisa used brush to clean her dog's fur instead of the comb because the _ was new.""

Options:
A. brush
B. comb

Reply with only the single capital letter (A or B) corresponding to the correct answer.
",52.0
"During meditation class, Brett was able to sit still but not Nick since _ is upset inside.",Brett,Nick,B,"Sentence:
""During meditation class, Brett was able to sit still but not Nick since _ is upset inside.""

Options:
A. Brett
B. Nick

Reply with only the single capital letter (A or B) corresponding to the correct answer.
",52.0
Lindsey proudly told Mary that she could read faces with high accuracy.  _ was confident.,Lindsey,Mary,A,"Sentence:
""Lindsey proudly told Mary that she could read faces with high accuracy.  _ was confident.""

Options:
A. Lindsey
B. Mary

Reply with only the single capital letter (A or B) corresponding to the correct answer.
",52.0
"Most girls want to wear lots of eye makeup, they particularly like the _ that is blue.",makeup,eye,A,"Sentence:
""Most girls want to wear lots of eye makeup, they particularly like the _ that is blue.""

Options:
A. makeup
B. eye

Reply with only the single capital letter (A or B) corresponding to the correct answer.
",52.0
"The kids laughed when the teacher wore the wig, but not the hat because the _ was colorful.",wig,hat,A,"Sentence:
""The kids laughed when the teacher wore the wig, but not the hat because the _ was colorful.""

Options:
A. wig
B. hat

Reply with only the single capital letter (A or B) corresponding to the correct answer.
",52.0
The man had many conflicts with Christine but not Cynthia because _ was a mean and grumpy person.,Christine,Cynthia,A,"Sentence:
""The man had many conflicts with Christine but not Cynthia because _ was a mean and grumpy person.""

Options:
A. Christine
B. Cynthia

Reply with only the single capital letter (A or B) corresponding to the correct answer.
",52.0
It's less effective to treat stress with medication instead of meditation because the _ performs worse long term.,medication,meditation,A,"Sentence:
""It's less effective to treat stress with medication instead of meditation because the _ performs worse long term.""

Options:
A. medication
B. meditation

Reply with only the single capital letter (A or B) corresponding to the correct answer.
",52.0
Cynthia loved dogs more than Jennifer but _ hated the Chihuahua because of the commercials.,Cynthia,Jennifer,A,"Sentence:
""Cynthia loved dogs more than Jennifer but _ hated the Chihuahua because of the commercials.""

Options:
A. Cynthia
B. Jennifer

Reply with only the single capital letter (A or B) corresponding to the correct answer.
",52.0
"Maria was not afraid of heights but Amy was, so _ always took the top bunk bed.",Maria,Amy,A,"Sentence:
""Maria was not afraid of heights but Amy was, so _ always took the top bunk bed.""

Options:
A. Maria
B. Amy

Reply with only the single capital letter (A or B) corresponding to the correct answer.
",52.0
"The banana nut bread Monica makes is not tasty like Christine's, so _ is the amateur cook.",Monica,Christine,A,"Sentence:
""The banana nut bread Monica makes is not tasty like Christine's, so _ is the amateur cook.""

Options:
A. Monica
B. Christine

Reply with only the single capital letter (A or B) corresponding to the correct answer.
",52.0
"The entire class felt immense pressure to do well on the test, because the _ was very difficult.",test,class,A,"Sentence:
""The entire class felt immense pressure to do well on the test, because the _ was very difficult.""

Options:
A. test
B. class

Reply with only the single capital letter (A or B) corresponding to the correct answer.
",52.0
Cynthia used a blender to make vegetable smoothies but Amy did not as _ was very healthy.,Cynthia,Amy,A,"Sentence:
""Cynthia used a blender to make vegetable smoothies but Amy did not as _ was very healthy.""

Options:
A. Cynthia
B. Amy

Reply with only the single capital letter (A or B) corresponding to the correct answer.
",52.0
It took longer for Hunter to install the flooring than it took Benjamin although _ was a carpenter.,Hunter,Benjamin,A,"Sentence:
""It took longer for Hunter to install the flooring than it took Benjamin although _ was a carpenter.""

Options:
A. Hunter
B. Benjamin

Reply with only the single capital letter (A or B) corresponding to the correct answer.
",52.0
"At dinner, Tanya gave the rest of her spinach to Betty, because _ was full.",Tanya,Betty,A,"Sentence:
""At dinner, Tanya gave the rest of her spinach to Betty, because _ was full.""

Options:
A. Tanya
B. Betty

Reply with only the single capital letter (A or B) corresponding to the correct answer.
",52.0
Samuel showed Adam how to build a campfire because _ had been camping several times before.,Samuel,Adam,A,"Sentence:
""Samuel showed Adam how to build a campfire because _ had been camping several times before.""

Options:
A. Samuel
B. Adam

Reply with only the single capital letter (A or B) corresponding to the correct answer.
",52.0
William liked to drink energy drinks. Leslie said he preferred black coffee. _ liked bitter coffee.,William,Leslie,B,"Sentence:
""William liked to drink energy drinks. Leslie said he preferred black coffee. _ liked bitter coffee.""

Options:
A. William
B. Leslie

Reply with only the single capital letter (A or B) corresponding to the correct answer.
",52.0
The bandage he bought to cover the burn could not fit because the _ was too big.,burn,bandage,A,"Sentence:
""The bandage he bought to cover the burn could not fit because the _ was too big.""

Options:
A. burn
B. bandage

Reply with only the single capital letter (A or B) corresponding to the correct answer.
",52.0
"Jason thought it was convenient to be friends with Randy, so _ felt reliant on their relationship.",Jason,Randy,A,"Sentence:
""Jason thought it was convenient to be friends with Randy, so _ felt reliant on their relationship.""

Options:
A. Jason
B. Randy

Reply with only the single capital letter (A or B) corresponding to the correct answer.
",52.0
"The paper that Randy wrote was worse than the paper of Christopher, since _ paper was unreadable.",Randy,Christopher,A,"Sentence:
""The paper that Randy wrote was worse than the paper of Christopher, since _ paper was unreadable.""

Options:
A. Randy
B. Christopher

Reply with only the single capital letter (A or B) corresponding to the correct answer.
",52.0
Rebecca can do the laundry more quickly than Betty because _ has much more experience doing it.,Rebecca,Betty,A,"Sentence:
""Rebecca can do the laundry more quickly than Betty because _ has much more experience doing it.""

Options:
A. Rebecca
B. Betty

Reply with only the single capital letter (A or B) corresponding to the correct answer.
",52.0
Adam was less persistent and resourceful then Samuel so _ is much more likely to overcome adversity.,Adam,Samuel,B,"Sentence:
""Adam was less persistent and resourceful then Samuel so _ is much more likely to overcome adversity.""

Options:
A. Adam
B. Samuel

Reply with only the single capital letter (A or B) corresponding to the correct answer.
",52.0
Donald doesn't have as healthy of an immune system than Kevin because _ takes herbal supplements daily.,Donald,Kevin,B,"Sentence:
""Donald doesn't have as healthy of an immune system than Kevin because _ takes herbal supplements daily.""

Options:
A. Donald
B. Kevin

Reply with only the single capital letter (A or B) corresponding to the correct answer.
",52.0
"Steven was better at golf than William, so _ didn't need to worry about practicing more.",Steven,William,A,"Sentence:
""Steven was better at golf than William, so _ didn't need to worry about practicing more.""

Options:
A. Steven
B. William

Reply with only the single capital letter (A or B) corresponding to the correct answer.
",52.0
John poured the entire cup of acid into the bowl on the counter until the _ was empty.,cup,bowl,A,"Sentence:
""John poured the entire cup of acid into the bowl on the counter until the _ was empty.""

Options:
A. cup
B. bowl

Reply with only the single capital letter (A or B) corresponding to the correct answer.
",52.0
Lawrence was alerted romantic feelings from Robert so _ tried to find ways to ask them out.,Lawrence,Robert,B,"Sentence:
""Lawrence was alerted romantic feelings from Robert so _ tried to find ways to ask them out.""

Options:
A. Lawrence
B. Robert

Reply with only the single capital letter (A or B) corresponding to the correct answer.
",52.0
"Craig succeeded in healing Kyle , as _ was the one who knew the cure for the illness.",Craig,Kyle,A,"Sentence:
""Craig succeeded in healing Kyle , as _ was the one who knew the cure for the illness.""

Options:
A. Craig
B. Kyle

Reply with only the single capital letter (A or B) corresponding to the correct answer.
",52.0
Mary kept hounding Katrina to work harder at school because _ wants her to succeed in life.,Mary,Katrina,A,"Sentence:
""Mary kept hounding Katrina to work harder at school because _ wants her to succeed in life.""

Options:
A. Mary
B. Katrina

Reply with only the single capital letter (A or B) corresponding to the correct answer.
",52.0
He ran into the building after he heard the siren go off. The _ was frightening.,siren,building,A,"Sentence:
""He ran into the building after he heard the siren go off. The _ was frightening.""

Options:
A. siren
B. building

Reply with only the single capital letter (A or B) corresponding to the correct answer.
",52.0
Samuel cried to Benjamin because _ broke-up with their long term spouse over a cheating scandal.,Samuel,Benjamin,A,"Sentence:
""Samuel cried to Benjamin because _ broke-up with their long term spouse over a cheating scandal.""

Options:
A. Samuel
B. Benjamin

Reply with only the single capital letter (A or B) corresponding to the correct answer.
",52.0
The translator used the microphone instead of the megaphone as the _ clarified her voice.,microphone,megaphone,A,"Sentence:
""The translator used the microphone instead of the megaphone as the _ clarified her voice.""

Options:
A. microphone
B. megaphone

Reply with only the single capital letter (A or B) corresponding to the correct answer.
",52.0
"Ian taught Nelson how to land a ferocious punch , so _ could fight like a monster.",Ian,Nelson,B,"Sentence:
""Ian taught Nelson how to land a ferocious punch , so _ could fight like a monster.""

Options:
A. Ian
B. Nelson

Reply with only the single capital letter (A or B) corresponding to the correct answer.
",52.0
"Elena dyed Katrina's hair in a bright red and green colour, because _ is extravagant.",Elena,Katrina,B,"Sentence:
""Elena dyed Katrina's hair in a bright red and green colour, because _ is extravagant.""

Options:
A. Elena
B. Katrina

Reply with only the single capital letter (A or B) corresponding to the correct answer.
",52.0
I drive my SUV instead of my car while on vacation because the _ has so much less room.,SUV,car,B,"Sentence:
""I drive my SUV instead of my car while on vacation because the _ has so much less room.""

Options:
A. SUV
B. car

Reply with only the single capital letter (A or B) corresponding to the correct answer.
",52.0
"It is better for girls to wear makeup and not a mask, because the _ is very noticeable.",makeup,mask,B,"Sentence:
""It is better for girls to wear makeup and not a mask, because the _ is very noticeable.""

Options:
A. makeup
B. mask

Reply with only the single capital letter (A or B) corresponding to the correct answer.
",52.0
"Mary wanted to know Megan's business hours, so _ told her the hours were posted online.",Mary,Megan,B,"Sentence:
""Mary wanted to know Megan's business hours, so _ told her the hours were posted online.""

Options:
A. Mary
B. Megan

Reply with only the single capital letter (A or B) corresponding to the correct answer.
",52.0
"Monica longed to be as successful as Rachel , so _ offered her for career advice.",Monica,Rachel,B,"Sentence:
""Monica longed to be as successful as Rachel , so _ offered her for career advice.""

Options:
A. Monica
B. Rachel

Reply with only the single capital letter (A or B) corresponding to the correct answer.
",52.0
Jessica confided in Christine that she had never been in a relationship.  _ was embarrassed.,Jessica,Christine,A,"Sentence:
""Jessica confided in Christine that she had never been in a relationship.  _ was embarrassed.""

Options:
A. Jessica
B. Christine

Reply with only the single capital letter (A or B) corresponding to the correct answer.
",52.0
The facial given to Leslie was better than the one given to Donald because _ paid for extra time.,Leslie,Donald,A,"Sentence:
""The facial given to Leslie was better than the one given to Donald because _ paid for extra time.""

Options:
A. Leslie
B. Donald

Reply with only the single capital letter (A or B) corresponding to the correct answer.
",52.0
The waitress brought Donald a salad and Nick fish because _ didn't care for the taste of lettuce.,Donald,Nick,B,"Sentence:
""The waitress brought Donald a salad and Nick fish because _ didn't care for the taste of lettuce.""

Options:
A. Donald
B. Nick

Reply with only the single capital letter (A or B) corresponding to the correct answer.
",52.0
"Angela was highly upset with the words that Carrie had said, so _ demanded an apology.",Angela,Carrie,A,"Sentence:
""Angela was highly upset with the words that Carrie had said, so _ demanded an apology.""

Options:
A. Angela
B. Carrie

Reply with only the single capital letter (A or B) corresponding to the correct answer.
",52.0
"Carrie offered to let Patricia use the umbrella, because _ 's jacket had a hood.",Carrie,Patricia,A,"Sentence:
""Carrie offered to let Patricia use the umbrella, because _ 's jacket had a hood.""

Options:
A. Carrie
B. Patricia

Reply with only the single capital letter (A or B) corresponding to the correct answer.
",52.0
"William forgot about all the times when Ian saved them, because _ was generally self-involved.",William,Ian,A,"Sentence:
""William forgot about all the times when Ian saved them, because _ was generally self-involved.""

Options:
A. William
B. Ian

Reply with only the single capital letter (A or B) corresponding to the correct answer.
",52.0
So _ likes being outdoor because Benjamin likes the fresh air and the open space and Derrick don't.,Benjamin,Derrick,A,"Sentence:
""So _ likes being outdoor because Benjamin likes the fresh air and the open space and Derrick don't.""

Options:
A. Benjamin
B. Derrick

Reply with only the single capital letter (A or B) corresponding to the correct answer.
",52.0
"the kick from the sticker dug through the ground as it went, the _ was too soft.",ground,kick,A,"Sentence:
""the kick from the sticker dug through the ground as it went, the _ was too soft.""

Options:
A. ground
B. kick

Reply with only the single capital letter (A or B) corresponding to the correct answer.
",52.0
It was easy for Ryan to get a job but not Matthew because _ is never willing to work.,Ryan,Matthew,B,"Sentence:
""It was easy for Ryan to get a job but not Matthew because _ is never willing to work.""

Options:
A. Ryan
B. Matthew

Reply with only the single capital letter (A or B) corresponding to the correct answer.
",52.0
"The citizens liked the police far more than the army, because the _ was always nice to them.",police,army,A,"Sentence:
""The citizens liked the police far more than the army, because the _ was always nice to them.""

Options:
A. police
B. army

Reply with only the single capital letter (A or B) corresponding to the correct answer.
",52.0
The infant cried more when offered breastmilk than formula because the _ made them sick.,breastmilk,formula,A,"Sentence:
""The infant cried more when offered breastmilk than formula because the _ made them sick.""

Options:
A. breastmilk
B. formula

Reply with only the single capital letter (A or B) corresponding to the correct answer.
",52.0
Benjamin proposed a big business venture to Hunter but _ did not want to invest some money.,Benjamin,Hunter,B,"Sentence:
""Benjamin proposed a big business venture to Hunter but _ did not want to invest some money.""

Options:
A. Benjamin
B. Hunter

Reply with only the single capital letter (A or B) corresponding to the correct answer.
",52.0
"Pamela did crochet in the kitchen instead of the bedroom, because the _ was too dim.",kitchen,bedroom,B,"Sentence:
""Pamela did crochet in the kitchen instead of the bedroom, because the _ was too dim.""

Options:
A. kitchen
B. bedroom

Reply with only the single capital letter (A or B) corresponding to the correct answer.
",52.0
"Dating was difficult for Monica but not Cynthia, _ as was very bold and outgoing around strangers.",Monica,Cynthia,B,"Sentence:
""Dating was difficult for Monica but not Cynthia, _ as was very bold and outgoing around strangers.""

Options:
A. Monica
B. Cynthia

Reply with only the single capital letter (A or B) corresponding to the correct answer.
",52.0
"Steven asked Lawrence how to get rid of bamboo taking over, but _  couldn't remember.",Steven,Lawrence,B,"Sentence:
""Steven asked Lawrence how to get rid of bamboo taking over, but _  couldn't remember.""

Options:
A. Steven
B. Lawrence

Reply with only the single capital letter (A or B) corresponding to the correct answer.
",52.0
Betty always had better rhythm when dancing at the club with Angela because _ was more experienced.,Betty,Angela,A,"Sentence:
""Betty always had better rhythm when dancing at the club with Angela because _ was more experienced.""

Options:
A. Betty
B. Angela

Reply with only the single capital letter (A or B) corresponding to the correct answer.
",52.0
"The swelling under Jennifer's eye was a lot worse than Angela's, because _ got hit harder.",Jennifer,Angela,A,"Sentence:
""The swelling under Jennifer's eye was a lot worse than Angela's, because _ got hit harder.""

Options:
A. Jennifer
B. Angela

Reply with only the single capital letter (A or B) corresponding to the correct answer.
",52.0
Rachel was starting to feel better than Felicia since _ refused to take the new antibiotic.,Rachel,Felicia,B,"Sentence:
""Rachel was starting to feel better than Felicia since _ refused to take the new antibiotic.""

Options:
A. Rachel
B. Felicia

Reply with only the single capital letter (A or B) corresponding to the correct answer.
",52.0
"The doctor prescribed a lot of medications to Patricia and not Jennifer, by reason that _ was unhealthy.",Patricia,Jennifer,A,"Sentence:
""The doctor prescribed a lot of medications to Patricia and not Jennifer, by reason that _ was unhealthy.""

Options:
A. Patricia
B. Jennifer

Reply with only the single capital letter (A or B) corresponding to the correct answer.
",52.0
Victoria was advising Monica on how to bid for a government contracts since _ had done this before.,Victoria,Monica,A,"Sentence:
""Victoria was advising Monica on how to bid for a government contracts since _ had done this before.""

Options:
A. Victoria
B. Monica

Reply with only the single capital letter (A or B) corresponding to the correct answer.
",52.0
"Katrina hates work and asks for a Emily's advice, as _ already enjoys her work.",Katrina,Emily,B,"Sentence:
""Katrina hates work and asks for a Emily's advice, as _ already enjoys her work.""

Options:
A. Katrina
B. Emily

Reply with only the single capital letter (A or B) corresponding to the correct answer.
",52.0
During the hurricane season Joel had enough foods but Christopher had little as _ likes to be prepared.,Joel,Christopher,A,"Sentence:
""During the hurricane season Joel had enough foods but Christopher had little as _ likes to be prepared.""

Options:
A. Joel
B. Christopher

Reply with only the single capital letter (A or B) corresponding to the correct answer.
",52.0
Derrick decided that they would train as a teacher but Donald did not as _  hated children.,Derrick,Donald,B,"Sentence:
""Derrick decided that they would train as a teacher but Donald did not as _  hated children.""

Options:
A. Derrick
B. Donald

Reply with only the single capital letter (A or B) corresponding to the correct answer.
",52.0
Investigator identified the crime scene with the hairs but not the fingerprints because the _ were sparse.,hairs,fingerprints,B,"Sentence:
""Investigator identified the crime scene with the hairs but not the fingerprints because the _ were sparse.""

Options:
A. hairs
B. fingerprints

Reply with only the single capital letter (A or B) corresponding to the correct answer.
",52.0
The boss gave Nelson a job instead of Logan. _ was happy with their interaction with the boss.,Nelson,Logan,A,"Sentence:
""The boss gave Nelson a job instead of Logan. _ was happy with their interaction with the boss.""

Options:
A. Nelson
B. Logan

Reply with only the single capital letter (A or B) corresponding to the correct answer.
",52.0
"The new armor John bought for himself will not fit through his doorway, the _ was too narrow.",armor,doorway,B,"Sentence:
""The new armor John bought for himself will not fit through his doorway, the _ was too narrow.""

Options:
A. armor
B. doorway

Reply with only the single capital letter (A or B) corresponding to the correct answer.
",52.0
The girl had to go to the mental hospital while the boy didn't because the _ was sane.,girl,boy,B,"Sentence:
""The girl had to go to the mental hospital while the boy didn't because the _ was sane.""

Options:
A. girl
B. boy

Reply with only the single capital letter (A or B) corresponding to the correct answer.
",52.0
I was happy to use accounting software instead of using a service. I think the _ is easy.,software,service,A,"Sentence:
""I was happy to use accounting software instead of using a service. I think the _ is easy.""

Options:
A. software
B. service

Reply with only the single capital letter (A or B) corresponding to the correct answer.
",52.0
Growing pine trees suited Brian but not Justin because _ had a lot of knowledge about growing trees.,Brian,Justin,A,"Sentence:
""Growing pine trees suited Brian but not Justin because _ had a lot of knowledge about growing trees.""

Options:
A. Brian
B. Justin

Reply with only the single capital letter (A or B) corresponding to the correct answer.
",52.0
"Erin was much less aggressive than Megan, so _ had to worry about getting in fights.",Erin,Megan,B,"Sentence:
""Erin was much less aggressive than Megan, so _ had to worry about getting in fights.""

Options:
A. Erin
B. Megan

Reply with only the single capital letter (A or B) corresponding to the correct answer.
",52.0
Christine was more ugly than Tanya so the guy asked _ out on a date.,Christine,Tanya,B,"Sentence:
""Christine was more ugly than Tanya so the guy asked _ out on a date.""

Options:
A. Christine
B. Tanya

Reply with only the single capital letter (A or B) corresponding to the correct answer.
",52.0
I used my fingers more than I used my toes because I used the _ when I played piano.,fingers,toes,A,"Sentence:
""I used my fingers more than I used my toes because I used the _ when I played piano.""

Options:
A. fingers
B. toes

Reply with only the single capital letter (A or B) corresponding to the correct answer.
",52.0
Neil had three deployments in the last five years unlike Aaron because _ was still in the military.,Neil,Aaron,A,"Sentence:
""Neil had three deployments in the last five years unlike Aaron because _ was still in the military.""

Options:
A. Neil
B. Aaron

Reply with only the single capital letter (A or B) corresponding to the correct answer.
",52.0
"Sarah confused Rebecca by mentioning an event that never happened, but then _ realized they were right.",Sarah,Rebecca,B,"Sentence:
""Sarah confused Rebecca by mentioning an event that never happened, but then _ realized they were right.""

Options:
A. Sarah
B. Rebecca

Reply with only the single capital letter (A or B) corresponding to the correct answer.
",52.0
Kenneth taught Jeffrey how to increase the oxygen in the room because he cares about _ health.,Kenneth,Jeffrey,B,"Sentence:
""Kenneth taught Jeffrey how to increase the oxygen in the room because he cares about _ health.""

Options:
A. Kenneth
B. Jeffrey

Reply with only the single capital letter (A or B) corresponding to the correct answer.
",52.0
Sam gave away his piano but kept his tv when he moved because the _ was rarely used.,piano,tv,A,"Sentence:
""Sam gave away his piano but kept his tv when he moved because the _ was rarely used.""

Options:
A. piano
B. tv

Reply with only the single capital letter (A or B) corresponding to the correct answer.
",52.0
"Justin is less social than Eric, and as a result _ has more friends to turn to.",Justin,Eric,B,"Sentence:
""Justin is less social than Eric, and as a result _ has more friends to turn to.""

Options:
A. Justin
B. Eric

Reply with only the single capital letter (A or B) corresponding to the correct answer.
",52.0
"Fixing the laptop was easy for Nelson but not Michael, because _ was very technology savvy.",Nelson,Michael,A,"Sentence:
""Fixing the laptop was easy for Nelson but not Michael, because _ was very technology savvy.""

Options:
A. Nelson
B. Michael

Reply with only the single capital letter (A or B) corresponding to the correct answer.
",52.0
"Katrina was better at writing essays than Samantha, so _ easily passed all of their classes.",Katrina,Samantha,A,"Sentence:
""Katrina was better at writing essays than Samantha, so _ easily passed all of their classes.""

Options:
A. Katrina
B. Samantha

Reply with only the single capital letter (A or B) corresponding to the correct answer.
",52.0
The speech that was given today was better than the dialogue yesterday because the _ was insincere.,speech,dialogue,B,"Sentence:
""The speech that was given today was better than the dialogue yesterday because the _ was insincere.""

Options:
A. speech
B. dialogue

Reply with only the single capital letter (A or B) corresponding to the correct answer.
",52.0
Tanya learned how operate the crane from Victoria so that _ could be a safe crane operator.,Tanya,Victoria,A,"Sentence:
""Tanya learned how operate the crane from Victoria so that _ could be a safe crane operator.""

Options:
A. Tanya
B. Victoria

Reply with only the single capital letter (A or B) corresponding to the correct answer.
",52.0
"The jury was given documents but no photographs as evidence, because the _ were irrelevant to the case.",documents,photographs,B,"Sentence:
""The jury was given documents but no photographs as evidence, because the _ were irrelevant to the case.""

Options:
A. documents
B. photographs

Reply with only the single capital letter (A or B) corresponding to the correct answer.
",52.0
"People say Steven is a bad boyfriend and Brian is a good one, so _ is likely thoughtful.",Steven,Brian,B,"Sentence:
""People say Steven is a bad boyfriend and Brian is a good one, so _ is likely thoughtful.""

Options:
A. Steven
B. Brian

Reply with only the single capital letter (A or B) corresponding to the correct answer.
",52.0
Randy had dental implants but Benjamin didn't so _ had to stick to eating soft food.,Randy,Benjamin,A,"Sentence:
""Randy had dental implants but Benjamin didn't so _ had to stick to eating soft food.""

Options:
A. Randy
B. Benjamin

Reply with only the single capital letter (A or B) corresponding to the correct answer.
",52.0
So _ wanted to turn on the lights because William wants to sleep and Neil wants to stay up.,William,Neil,B,"Sentence:
""So _ wanted to turn on the lights because William wants to sleep and Neil wants to stay up.""

Options:
A. William
B. Neil

Reply with only the single capital letter (A or B) corresponding to the correct answer.
",52.0
So _ dislikes sweet food because Kyle has a sweet tooth while Brian wants nothing to do with sweets.,Kyle,Brian,B,"Sentence:
""So _ dislikes sweet food because Kyle has a sweet tooth while Brian wants nothing to do with sweets.""

Options:
A. Kyle
B. Brian

Reply with only the single capital letter (A or B) corresponding to the correct answer.
",52.0
The man sold the vase instead of the rug because the _ would look more attractive in his home.,vase,rug,B,"Sentence:
""The man sold the vase instead of the rug because the _ would look more attractive in his home.""

Options:
A. vase
B. rug

Reply with only the single capital letter (A or B) corresponding to the correct answer.
",52.0
Jessica asked Tanya to go to the dance because _ didn't have a date yet.,Jessica,Tanya,A,"Sentence:
""Jessica asked Tanya to go to the dance because _ didn't have a date yet.""

Options:
A. Jessica
B. Tanya

Reply with only the single capital letter (A or B) corresponding to the correct answer.
",52.0
The sentence written by William was more understandable than the one written by Kenneth since _ was more direct.,William,Kenneth,A,"Sentence:
""The sentence written by William was more understandable than the one written by Kenneth since _ was more direct.""

Options:
A. William
B. Kenneth

Reply with only the single capital letter (A or B) corresponding to the correct answer.
",52.0
Mary would be retiring from being a teacher soon but Emily would not because _ was very old.,Mary,Emily,A,"Sentence:
""Mary would be retiring from being a teacher soon but Emily would not because _ was very old.""

Options:
A. Mary
B. Emily

Reply with only the single capital letter (A or B) corresponding to the correct answer.
",52.0
"The old goat trotted up to Jessica but past Cynthia, because _ had carrots in their hands.",Jessica,Cynthia,A,"Sentence:
""The old goat trotted up to Jessica but past Cynthia, because _ had carrots in their hands.""

Options:
A. Jessica
B. Cynthia

Reply with only the single capital letter (A or B) corresponding to the correct answer.
",52.0
Tom was eating healthier and avoiding sugar and fat. Tom avoided the _ because of his diabetes.,sugar,fat,A,"Sentence:
""Tom was eating healthier and avoiding sugar and fat. Tom avoided the _ because of his diabetes.""

Options:
A. sugar
B. fat

Reply with only the single capital letter (A or B) corresponding to the correct answer.
",52.0
"Ian loved all the reality video stars but Brian found them fake so, _ avoided them everyday.",Ian,Brian,B,"Sentence:
""Ian loved all the reality video stars but Brian found them fake so, _ avoided them everyday.""

Options:
A. Ian
B. Brian

Reply with only the single capital letter (A or B) corresponding to the correct answer.
",52.0
Adam thanked Dennis for their life after _ jumped in the water and saved them after almost drowning.,Adam,Dennis,B,"Sentence:
""Adam thanked Dennis for their life after _ jumped in the water and saved them after almost drowning.""

Options:
A. Adam
B. Dennis

Reply with only the single capital letter (A or B) corresponding to the correct answer.
",52.0
The jeweler wanted to store the diamond inside of the glass case but the _ was too large.,diamond,case,A,"Sentence:
""The jeweler wanted to store the diamond inside of the glass case but the _ was too large.""

Options:
A. diamond
B. case

Reply with only the single capital letter (A or B) corresponding to the correct answer.
",52.0
Brian obtained a naturalization certificate before Michael because _ had already been granted U.S. citizenship.,Brian,Michael,A,"Sentence:
""Brian obtained a naturalization certificate before Michael because _ had already been granted U.S. citizenship.""

Options:
A. Brian
B. Michael

Reply with only the single capital letter (A or B) corresponding to the correct answer.
",52.0
"Abby wanted to replace her diary with a slam book, because the _ was trendy.",diary,slam book,B,"Sentence:
""Abby wanted to replace her diary with a slam book, because the _ was trendy.""

Options:
A. diary
B. slam book

Reply with only the single capital letter (A or B) corresponding to the correct answer.
",52.0
I filled the cups with strawberries but it wasn't large enough.  The _ were too large.,strawberries,cups,A,"Sentence:
""I filled the cups with strawberries but it wasn't large enough.  The _ were too large.""

Options:
A. strawberries
B. cups

Reply with only the single capital letter (A or B) corresponding to the correct answer.
",52.0
Benjamin's yogurt tasted better than William's because _ made their own starter for the yogurt.,Benjamin,William,A,"Sentence:
""Benjamin's yogurt tasted better than William's because _ made their own starter for the yogurt.""

Options:
A. Benjamin
B. William

Reply with only the single capital letter (A or B) corresponding to the correct answer.
",52.0
"In my opinion, oak is a far superior wood than pine, because the _ is very weak.",oak,pine,B,"Sentence:
""In my opinion, oak is a far superior wood than pine, because the _ is very weak.""

Options:
A. oak
B. pine

Reply with only the single capital letter (A or B) corresponding to the correct answer.
",52.0
"Carrie's hair is silver, but Mary has brown hair because _ is an older person.",Carrie,Mary,A,"Sentence:
""Carrie's hair is silver, but Mary has brown hair because _ is an older person.""

Options:
A. Carrie
B. Mary

Reply with only the single capital letter (A or B) corresponding to the correct answer.
",52.0
"Ian was asked by Eric to place the dish on the top shelf, because _ was short.",Ian,Eric,B,"Sentence:
""Ian was asked by Eric to place the dish on the top shelf, because _ was short.""

Options:
A. Ian
B. Eric

Reply with only the single capital letter (A or B) corresponding to the correct answer.
",52.0
James foot could not enter the shoe with the socks on his foot because the _ is tight.,socks,shoe,B,"Sentence:
""James foot could not enter the shoe with the socks on his foot because the _ is tight.""

Options:
A. socks
B. shoe

Reply with only the single capital letter (A or B) corresponding to the correct answer.
",52.0
"There is a lot less food in the pantry of Emily and not Maria, because _ is poor.",Emily,Maria,A,"Sentence:
""There is a lot less food in the pantry of Emily and not Maria, because _ is poor.""

Options:
A. Emily
B. Maria

Reply with only the single capital letter (A or B) corresponding to the correct answer.
",52.0
The doctor preferred to prepare the patient with the medicine instead of the IV since the _ was potent.,medicine,IV,A,"Sentence:
""The doctor preferred to prepare the patient with the medicine instead of the IV since the _ was potent.""

Options:
A. medicine
B. IV

Reply with only the single capital letter (A or B) corresponding to the correct answer.
",52.0
Hunter was suicidal and Robert responded for the reason that _ had never been in this critical situation.,Hunter,Robert,A,"Sentence:
""Hunter was suicidal and Robert responded for the reason that _ had never been in this critical situation.""

Options:
A. Hunter
B. Robert

Reply with only the single capital letter (A or B) corresponding to the correct answer.
",52.0
Joel was always tired anymore and Nelson offered to help because _ had a good exercise program.,Joel,Nelson,B,"Sentence:
""Joel was always tired anymore and Nelson offered to help because _ had a good exercise program.""

Options:
A. Joel
B. Nelson

Reply with only the single capital letter (A or B) corresponding to the correct answer.
",52.0
Megan did not look at human nature positively like Kayla because _ was a pessimist.,Megan,Kayla,A,"Sentence:
""Megan did not look at human nature positively like Kayla because _ was a pessimist.""

Options:
A. Megan
B. Kayla

Reply with only the single capital letter (A or B) corresponding to the correct answer.
",52.0
Jennifer wanted to write a nice sentence and went to Lindsey for help knowing _ was grammatical.,Jennifer,Lindsey,B,"Sentence:
""Jennifer wanted to write a nice sentence and went to Lindsey for help knowing _ was grammatical.""

Options:
A. Jennifer
B. Lindsey

Reply with only the single capital letter (A or B) corresponding to the correct answer.
",52.0
"Brian was helping Benjamin get over their fear of snakes, so _ received a snake to hold.",Brian,Benjamin,B,"Sentence:
""Brian was helping Benjamin get over their fear of snakes, so _ received a snake to hold.""

Options:
A. Brian
B. Benjamin

Reply with only the single capital letter (A or B) corresponding to the correct answer.
",52.0
Bob renewed his expired license for a new gun license. Because the _ was illegal.,expired license,gun license,A,"Sentence:
""Bob renewed his expired license for a new gun license. Because the _ was illegal.""

Options:
A. expired license
B. gun license

Reply with only the single capital letter (A or B) corresponding to the correct answer.
",52.0
"Kyle was learning how to dance and Samuel laughed out loud, so Dad smiled at _ .",Kyle,Samuel,A,"Sentence:
""Kyle was learning how to dance and Samuel laughed out loud, so Dad smiled at _ .""

Options:
A. Kyle
B. Samuel

Reply with only the single capital letter (A or B) corresponding to the correct answer.
",52.0
It was easier for Kevin to do a handstand than it was for Logan because _ was heavier.,Kevin,Logan,B,"Sentence:
""It was easier for Kevin to do a handstand than it was for Logan because _ was heavier.""

Options:
A. Kevin
B. Logan

Reply with only the single capital letter (A or B) corresponding to the correct answer.
",52.0
"Adjustment at the new school, was tougher for Ryan than Justin, so _ was lonely.",Ryan,Justin,A,"Sentence:
""Adjustment at the new school, was tougher for Ryan than Justin, so _ was lonely.""

Options:
A. Ryan
B. Justin

Reply with only the single capital letter (A or B) corresponding to the correct answer.
",52.0
Jessica could run for a longer distance at the event than Tanya because _ is weaker.,Jessica,Tanya,B,"Sentence:
""Jessica could run for a longer distance at the event than Tanya because _ is weaker.""

Options:
A. Jessica
B. Tanya

Reply with only the single capital letter (A or B) corresponding to the correct answer.
",52.0
Sarah had fewer ants in their house than Jennifer because _ left out food where the ants were.,Sarah,Jennifer,B,"Sentence:
""Sarah had fewer ants in their house than Jennifer because _ left out food where the ants were.""

Options:
A. Sarah
B. Jennifer

Reply with only the single capital letter (A or B) corresponding to the correct answer.
",52.0
Aaron angerly told Derrick that he was a victim of false accusations.  _ was upset.,Aaron,Derrick,A,"Sentence:
""Aaron angerly told Derrick that he was a victim of false accusations.  _ was upset.""

Options:
A. Aaron
B. Derrick

Reply with only the single capital letter (A or B) corresponding to the correct answer.
",52.0
"Kenneth was deaf and Ryan was not, so _ could not hear anything at the mall.",Kenneth,Ryan,A,"Sentence:
""Kenneth was deaf and Ryan was not, so _ could not hear anything at the mall.""

Options:
A. Kenneth
B. Ryan

Reply with only the single capital letter (A or B) corresponding to the correct answer.
",52.0
Natalie was much more patient that day than Erin was due to _ having Hemorrhoids.,Natalie,Erin,B,"Sentence:
""Natalie was much more patient that day than Erin was due to _ having Hemorrhoids.""

Options:
A. Natalie
B. Erin

Reply with only the single capital letter (A or B) corresponding to the correct answer.
",52.0
Patricia was not sure of the exact measurements but Maria was because _ didn't measure himself.,Patricia,Maria,A,"Sentence:
""Patricia was not sure of the exact measurements but Maria was because _ didn't measure himself.""

Options:
A. Patricia
B. Maria

Reply with only the single capital letter (A or B) corresponding to the correct answer.
",52.0
"Monica bought their first home from Natalie, and _ was so glad to buy the house.",Monica,Natalie,A,"Sentence:
""Monica bought their first home from Natalie, and _ was so glad to buy the house.""

Options:
A. Monica
B. Natalie

Reply with only the single capital letter (A or B) corresponding to the correct answer.
",52.0
"Steven owned a rusty bike that Randy liked to use, so _ would borrow it from them.",Steven,Randy,B,"Sentence:
""Steven owned a rusty bike that Randy liked to use, so _ would borrow it from them.""

Options:
A. Steven
B. Randy

Reply with only the single capital letter (A or B) corresponding to the correct answer.
",52.0
"The radicals in the progressive party had less power than the conservatives , as _ were the minority .",radicals,conservatives,A,"Sentence:
""The radicals in the progressive party had less power than the conservatives , as _ were the minority .""

Options:
A. radicals
B. conservatives

Reply with only the single capital letter (A or B) corresponding to the correct answer.
",52.0
Maria's dress was red and Rebecca's dress was blue because _ liked to wear cool colors.,Maria,Rebecca,B,"Sentence:
""Maria's dress was red and Rebecca's dress was blue because _ liked to wear cool colors.""

Options:
A. Maria
B. Rebecca

Reply with only the single capital letter (A or B) corresponding to the correct answer.
",52.0
Eric wanted to grow carrots and potatoes so they asked Dennis for help because _ was a farmer.,Eric,Dennis,B,"Sentence:
""Eric wanted to grow carrots and potatoes so they asked Dennis for help because _ was a farmer.""

Options:
A. Eric
B. Dennis

Reply with only the single capital letter (A or B) corresponding to the correct answer.
",52.0
"The hand written letters were special, but the cards were not, because the _ were impersonal.",cards,letters,A,"Sentence:
""The hand written letters were special, but the cards were not, because the _ were impersonal.""

Options:
A. cards
B. letters

Reply with only the single capital letter (A or B) corresponding to the correct answer.
",52.0
"Logan got pink eye but Eric was clear, because _ avoided people who had been exposed.",Logan,Eric,B,"Sentence:
""Logan got pink eye but Eric was clear, because _ avoided people who had been exposed.""

Options:
A. Logan
B. Eric

Reply with only the single capital letter (A or B) corresponding to the correct answer.
",52.0
"Neil thought that Derrick should pay for the damage to their car, because _ was at fault.",Neil,Derrick,B,"Sentence:
""Neil thought that Derrick should pay for the damage to their car, because _ was at fault.""

Options:
A. Neil
B. Derrick

Reply with only the single capital letter (A or B) corresponding to the correct answer.
",52.0
Hunter asked Samuel to scan the barcode becasue the equipment being used by _ was broken.,Hunter,Samuel,A,"Sentence:
""Hunter asked Samuel to scan the barcode becasue the equipment being used by _ was broken.""

Options:
A. Hunter
B. Samuel

Reply with only the single capital letter (A or B) corresponding to the correct answer.
",52.0
Kayla told Tanya to take a library book because _ browsed the library.,Kayla,Tanya,B,"Sentence:
""Kayla told Tanya to take a library book because _ browsed the library.""

Options:
A. Kayla
B. Tanya

Reply with only the single capital letter (A or B) corresponding to the correct answer.
",52.0
The butter spilled out of the jar in which James was pouring it. The _ is too much.,butter,jar,A,"Sentence:
""The butter spilled out of the jar in which James was pouring it. The _ is too much.""

Options:
A. butter
B. jar

Reply with only the single capital letter (A or B) corresponding to the correct answer.
",52.0
"Tanya made the desert choice for Lindsey, because _ thought they knew exactly what they wanted.",Tanya,Lindsey,A,"Sentence:
""Tanya made the desert choice for Lindsey, because _ thought they knew exactly what they wanted.""

Options:
A. Tanya
B. Lindsey

Reply with only the single capital letter (A or B) corresponding to the correct answer.
",52.0
The infection spread through the jail faster than it did through the hospital because the _ was more sanitary.,hospital,jail,A,"Sentence:
""The infection spread through the jail faster than it did through the hospital because the _ was more sanitary.""

Options:
A. hospital
B. jail

Reply with only the single capital letter (A or B) corresponding to the correct answer.
",52.0
"Jessica could not keep up with Lindsey in the race, as _ had a very brisk step.",Jessica,Lindsey,B,"Sentence:
""Jessica could not keep up with Lindsey in the race, as _ had a very brisk step.""

Options:
A. Jessica
B. Lindsey

Reply with only the single capital letter (A or B) corresponding to the correct answer.
",52.0
The heart surgery center was not covered by insurance because the _ charged too much money for the procedure.,center,insurance,A,"Sentence:
""The heart surgery center was not covered by insurance because the _ charged too much money for the procedure.""

Options:
A. center
B. insurance

Reply with only the single capital letter (A or B) corresponding to the correct answer.
",52.0
"Lane put the poultry in the oven and took the bread out, because the _ was raw.",bread,poultry,B,"Sentence:
""Lane put the poultry in the oven and took the bread out, because the _ was raw.""

Options:
A. bread
B. poultry

Reply with only the single capital letter (A or B) corresponding to the correct answer.
",52.0
Robert was learning from Randy to crochet a scarf so _ could make a gift for their daughter.,Robert,Randy,A,"Sentence:
""Robert was learning from Randy to crochet a scarf so _ could make a gift for their daughter.""

Options:
A. Robert
B. Randy

Reply with only the single capital letter (A or B) corresponding to the correct answer.
",52.0
Ryan but not Randy was good for the customer service position because _ had good people person skills.,Ryan,Randy,A,"Sentence:
""Ryan but not Randy was good for the customer service position because _ had good people person skills.""

Options:
A. Ryan
B. Randy

Reply with only the single capital letter (A or B) corresponding to the correct answer.
",52.0
Power tools are more valuable to Carrie than Monica because _ doesn't work in the construction industry.,Carrie,Monica,B,"Sentence:
""Power tools are more valuable to Carrie than Monica because _ doesn't work in the construction industry.""

Options:
A. Carrie
B. Monica

Reply with only the single capital letter (A or B) corresponding to the correct answer.
",52.0
"When the doorbell rang, Donald opened the door and greeted Joel. _ was attending his party.",Donald,Joel,B,"Sentence:
""When the doorbell rang, Donald opened the door and greeted Joel. _ was attending his party.""

Options:
A. Donald
B. Joel

Reply with only the single capital letter (A or B) corresponding to the correct answer.
",52.0
Amy was good at dancing while Elena was not very good at it because _ had great rhythm.,Amy,Elena,A,"Sentence:
""Amy was good at dancing while Elena was not very good at it because _ had great rhythm.""

Options:
A. Amy
B. Elena

Reply with only the single capital letter (A or B) corresponding to the correct answer.
",52.0
Jeffrey went to the party but Ryan stayed at home because _ was very extroverted.,Jeffrey,Ryan,A,"Sentence:
""Jeffrey went to the party but Ryan stayed at home because _ was very extroverted.""

Options:
A. Jeffrey
B. Ryan

Reply with only the single capital letter (A or B) corresponding to the correct answer.
",52.0
"Unlike Craig, William avoided getting a cramp during the marathon, because _ stretched adequately beforehand.",Craig,William,A,"Sentence:
""Unlike Craig, William avoided getting a cramp during the marathon, because _ stretched adequately beforehand.""

Options:
A. Craig
B. William

Reply with only the single capital letter (A or B) corresponding to the correct answer.
",52.0
Adam didn't approve of Leslie's engagement so _ tried to talk him into his getting married.,Adam,Leslie,B,"Sentence:
""Adam didn't approve of Leslie's engagement so _ tried to talk him into his getting married.""

Options:
A. Adam
B. Leslie

Reply with only the single capital letter (A or B) corresponding to the correct answer.
",52.0
The market sold more oilve oil than vinegar because the _ was disliked by the customers.,oilve oil,vinegar,B,"Sentence:
""The market sold more oilve oil than vinegar because the _ was disliked by the customers.""

Options:
A. oilve oil
B. vinegar

Reply with only the single capital letter (A or B) corresponding to the correct answer.
",52.0
Samuel needed to send a letter so they asked Christopher for stamps because _ had a lot.,Samuel,Christopher,B,"Sentence:
""Samuel needed to send a letter so they asked Christopher for stamps because _ had a lot.""

Options:
A. Samuel
B. Christopher

Reply with only the single capital letter (A or B) corresponding to the correct answer.
",52.0
"Joseph went shopping for a diamond ring yesterday unlike Benjamin, because _ was going to get engaged.",Joseph,Benjamin,A,"Sentence:
""Joseph went shopping for a diamond ring yesterday unlike Benjamin, because _ was going to get engaged.""

Options:
A. Joseph
B. Benjamin

Reply with only the single capital letter (A or B) corresponding to the correct answer.
",52.0
"The principal said that Rebecca was very good at algebra unlike Natalie, therefore _ passed all the tests.",Rebecca,Natalie,A,"Sentence:
""The principal said that Rebecca was very good at algebra unlike Natalie, therefore _ passed all the tests.""

Options:
A. Rebecca
B. Natalie

Reply with only the single capital letter (A or B) corresponding to the correct answer.
",52.0
"Victoria asked Amy to make her a peanut butter and jelly sandwich, but _ hated peanut butter.",Victoria,Amy,B,"Sentence:
""Victoria asked Amy to make her a peanut butter and jelly sandwich, but _ hated peanut butter.""

Options:
A. Victoria
B. Amy

Reply with only the single capital letter (A or B) corresponding to the correct answer.
",52.0
Growing hibiscus suited Jeffrey but not Robert because _ had no knowledge of growing things.,Jeffrey,Robert,B,"Sentence:
""Growing hibiscus suited Jeffrey but not Robert because _ had no knowledge of growing things.""

Options:
A. Jeffrey
B. Robert

Reply with only the single capital letter (A or B) corresponding to the correct answer.
",52.0
The large wooden cutting board did not fit into the kitchen sink because the _ was too small.,sink,cutting board,A,"Sentence:
""The large wooden cutting board did not fit into the kitchen sink because the _ was too small.""

Options:
A. sink
B. cutting board

Reply with only the single capital letter (A or B) corresponding to the correct answer.
",52.0
"Elena wanted to receive a bracelet from Victoria, so _ saved money until they could afford it.",Elena,Victoria,B,"Sentence:
""Elena wanted to receive a bracelet from Victoria, so _ saved money until they could afford it.""

Options:
A. Elena
B. Victoria

Reply with only the single capital letter (A or B) corresponding to the correct answer.
",52.0
Mary put the cookies on a pan and put in the oven but the _ was too big.,pan,oven,A,"Sentence:
""Mary put the cookies on a pan and put in the oven but the _ was too big.""

Options:
A. pan
B. oven

Reply with only the single capital letter (A or B) corresponding to the correct answer.
",52.0
The food cooked by Victoria but not Jessica was bland because _ did not use any spices or seasoning.,Victoria,Jessica,A,"Sentence:
""The food cooked by Victoria but not Jessica was bland because _ did not use any spices or seasoning.""

Options:
A. Victoria
B. Jessica

Reply with only the single capital letter (A or B) corresponding to the correct answer.
",52.0
"Jeffrey always used the main road, but Derrick didn't because _ lived farther from it.",Jeffrey,Derrick,B,"Sentence:
""Jeffrey always used the main road, but Derrick didn't because _ lived farther from it.""

Options:
A. Jeffrey
B. Derrick

Reply with only the single capital letter (A or B) corresponding to the correct answer.
",52.0
Carrie needed a longer bed to sleep in than Laura since _ was 3 feet taller.,Carrie,Laura,A,"Sentence:
""Carrie needed a longer bed to sleep in than Laura since _ was 3 feet taller.""

Options:
A. Carrie
B. Laura

Reply with only the single capital letter (A or B) corresponding to the correct answer.
",52.0
Angela asked Elena for the wedding date because _ was very forgetful about dates in general.,Angela,Elena,A,"Sentence:
""Angela asked Elena for the wedding date because _ was very forgetful about dates in general.""

Options:
A. Angela
B. Elena

Reply with only the single capital letter (A or B) corresponding to the correct answer.
",52.0
Brett spent more money on the birthday gift than Nick because _ was better acquainted with the recipient.,Brett,Nick,A,"Sentence:
""Brett spent more money on the birthday gift than Nick because _ was better acquainted with the recipient.""

Options:
A. Brett
B. Nick

Reply with only the single capital letter (A or B) corresponding to the correct answer.
",52.0
The girl had to go to the mental hospital while the boy didn't because the _ was insane.,girl,boy,A,"Sentence:
""The girl had to go to the mental hospital while the boy didn't because the _ was insane.""

Options:
A. girl
B. boy

Reply with only the single capital letter (A or B) corresponding to the correct answer.
",52.0
Mary hired Amy to help solve a murder mystery because _ is highly observant of their surroundings.,Mary,Amy,B,"Sentence:
""Mary hired Amy to help solve a murder mystery because _ is highly observant of their surroundings.""

Options:
A. Mary
B. Amy

Reply with only the single capital letter (A or B) corresponding to the correct answer.
",52.0
"Joel wore a Princess Leia suit while Joseph wore normal clothes, because _ loved cosplay .",Joel,Joseph,A,"Sentence:
""Joel wore a Princess Leia suit while Joseph wore normal clothes, because _ loved cosplay .""

Options:
A. Joel
B. Joseph

Reply with only the single capital letter (A or B) corresponding to the correct answer.
",52.0
"After losing a large contract, Angela successfully laid the blame onto Jessica, causing _ to feel relieved.",Angela,Jessica,A,"Sentence:
""After losing a large contract, Angela successfully laid the blame onto Jessica, causing _ to feel relieved.""

Options:
A. Angela
B. Jessica

Reply with only the single capital letter (A or B) corresponding to the correct answer.
",52.0
Kayla asked Erin to administer first aid to their child because _ was a paramedic.,Kayla,Erin,B,"Sentence:
""Kayla asked Erin to administer first aid to their child because _ was a paramedic.""

Options:
A. Kayla
B. Erin

Reply with only the single capital letter (A or B) corresponding to the correct answer.
",52.0
"Steven asked Nick to store a large amount of bananas, because _ ran out of storage space.",Steven,Nick,A,"Sentence:
""Steven asked Nick to store a large amount of bananas, because _ ran out of storage space.""

Options:
A. Steven
B. Nick

Reply with only the single capital letter (A or B) corresponding to the correct answer.
",52.0
Natalie tried to prevent Maria from jumping into the ocean from the cliff because _ was cautious.,Natalie,Maria,A,"Sentence:
""Natalie tried to prevent Maria from jumping into the ocean from the cliff because _ was cautious.""

Options:
A. Natalie
B. Maria

Reply with only the single capital letter (A or B) corresponding to the correct answer.
",52.0
Kevin decided to treat Derrick to a meal at their favorite restaurant because _ helped them a lot.,Kevin,Derrick,B,"Sentence:
""Kevin decided to treat Derrick to a meal at their favorite restaurant because _ helped them a lot.""

Options:
A. Kevin
B. Derrick

Reply with only the single capital letter (A or B) corresponding to the correct answer.
",52.0
"Derrick polished his wood floors with wax and Neil used sharpie, _ had nice looking floors.",Derrick,Neil,A,"Sentence:
""Derrick polished his wood floors with wax and Neil used sharpie, _ had nice looking floors.""

Options:
A. Derrick
B. Neil

Reply with only the single capital letter (A or B) corresponding to the correct answer.
",52.0
Aaron got a new pet dog for his birthday but not Neil because _ is allergic to dogs.,Aaron,Neil,B,"Sentence:
""Aaron got a new pet dog for his birthday but not Neil because _ is allergic to dogs.""

Options:
A. Aaron
B. Neil

Reply with only the single capital letter (A or B) corresponding to the correct answer.
",52.0
"Betty got the promotion to management instead of Laura, because _ had inferior time management skills.",Betty,Laura,B,"Sentence:
""Betty got the promotion to management instead of Laura, because _ had inferior time management skills.""

Options:
A. Betty
B. Laura

Reply with only the single capital letter (A or B) corresponding to the correct answer.
",52.0
The bunny spat out the carrots and nibbled on the beans instead because the _ were fresh .,carrots,beans,B,"Sentence:
""The bunny spat out the carrots and nibbled on the beans instead because the _ were fresh .""

Options:
A. carrots
B. beans

Reply with only the single capital letter (A or B) corresponding to the correct answer.
",52.0
We gave intensive care to the ratchet instead of the crank as the _ was flexing.,ratchet,crank,A,"Sentence:
""We gave intensive care to the ratchet instead of the crank as the _ was flexing.""

Options:
A. ratchet
B. crank

Reply with only the single capital letter (A or B) corresponding to the correct answer.
",52.0
"Jessica wasn't able to stand nearly as long as Maria, since _ always had strong legs.",Jessica,Maria,B,"Sentence:
""Jessica wasn't able to stand nearly as long as Maria, since _ always had strong legs.""

Options:
A. Jessica
B. Maria

Reply with only the single capital letter (A or B) corresponding to the correct answer.
",52.0
"Neil dropped Joel off at the airport, after which _ got in their car and drove away.",Neil,Joel,A,"Sentence:
""Neil dropped Joel off at the airport, after which _ got in their car and drove away.""

Options:
A. Neil
B. Joel

Reply with only the single capital letter (A or B) corresponding to the correct answer.
",52.0
Tanya took off from work more often than Rebecca because _ suffered from severe headaches more often.,Tanya,Rebecca,A,"Sentence:
""Tanya took off from work more often than Rebecca because _ suffered from severe headaches more often.""

Options:
A. Tanya
B. Rebecca

Reply with only the single capital letter (A or B) corresponding to the correct answer.
",52.0
Lindsey looked worse than Monica did because _ always skipped going to the gym to work out.,Lindsey,Monica,A,"Sentence:
""Lindsey looked worse than Monica did because _ always skipped going to the gym to work out.""

Options:
A. Lindsey
B. Monica

Reply with only the single capital letter (A or B) corresponding to the correct answer.
",52.0
Tanya is thankful for Laura's generosity because _ needed a skirt to wear to the party.,Tanya,Laura,A,"Sentence:
""Tanya is thankful for Laura's generosity because _ needed a skirt to wear to the party.""

Options:
A. Tanya
B. Laura

Reply with only the single capital letter (A or B) corresponding to the correct answer.
",52.0
"The room of Samantha was always messy compared to that of Sarah, since _ is a neat person.",Samantha,Sarah,B,"Sentence:
""The room of Samantha was always messy compared to that of Sarah, since _ is a neat person.""

Options:
A. Samantha
B. Sarah

Reply with only the single capital letter (A or B) corresponding to the correct answer.
",52.0
"Craig relies on public assistance, and Jeffrey does not. _ is living a more stable life.",Craig,Jeffrey,B,"Sentence:
""Craig relies on public assistance, and Jeffrey does not. _ is living a more stable life.""

Options:
A. Craig
B. Jeffrey

Reply with only the single capital letter (A or B) corresponding to the correct answer.
",52.0
"when writing his poem, the words did not fit into the papers, the _ was limited.",papers,words,A,"Sentence:
""when writing his poem, the words did not fit into the papers, the _ was limited.""

Options:
A. papers
B. words

Reply with only the single capital letter (A or B) corresponding to the correct answer.
",52.0
"Benjamin was clumsy while Steven was light on their feet, so _ was good at sports.",Benjamin,Steven,B,"Sentence:
""Benjamin was clumsy while Steven was light on their feet, so _ was good at sports.""

Options:
A. Benjamin
B. Steven

Reply with only the single capital letter (A or B) corresponding to the correct answer.
",52.0
The planks for the house were taken out and replaced with tiles as the _ were broken.,planks,tiles,A,"Sentence:
""The planks for the house were taken out and replaced with tiles as the _ were broken.""

Options:
A. planks
B. tiles

Reply with only the single capital letter (A or B) corresponding to the correct answer.
",52.0
Angela wanted Betty to go to the yard sale because _  had other obligations to do.,Angela,Betty,A,"Sentence:
""Angela wanted Betty to go to the yard sale because _  had other obligations to do.""

Options:
A. Angela
B. Betty

Reply with only the single capital letter (A or B) corresponding to the correct answer.
",52.0
"Bugs freak Sarah out, while Katrina is a lover of them _ is an indoor human being.",Sarah,Katrina,A,"Sentence:
""Bugs freak Sarah out, while Katrina is a lover of them _ is an indoor human being.""

Options:
A. Sarah
B. Katrina

Reply with only the single capital letter (A or B) corresponding to the correct answer.
",52.0
Lindsey asked Amy to go on a trip to Los Angeles with her because _ is trusted.,Lindsey,Amy,B,"Sentence:
""Lindsey asked Amy to go on a trip to Los Angeles with her because _ is trusted.""

Options:
A. Lindsey
B. Amy

Reply with only the single capital letter (A or B) corresponding to the correct answer.
",52.0
Samuel applied the blush to Jeffrey 's face because _ was an expert at applying makeup.,Samuel,Jeffrey,A,"Sentence:
""Samuel applied the blush to Jeffrey 's face because _ was an expert at applying makeup.""

Options:
A. Samuel
B. Jeffrey

Reply with only the single capital letter (A or B) corresponding to the correct answer.
",52.0
"I preferred the activities at church than the programs at school, because the _ at school were boring.",activities,programs,B,"Sentence:
""I preferred the activities at church than the programs at school, because the _ at school were boring.""

Options:
A. activities
B. programs

Reply with only the single capital letter (A or B) corresponding to the correct answer.
",52.0
"Justin attended all of the wild parties without Brett, because _ wanted to be a homebody.",Justin,Brett,B,"Sentence:
""Justin attended all of the wild parties without Brett, because _ wanted to be a homebody.""

Options:
A. Justin
B. Brett

Reply with only the single capital letter (A or B) corresponding to the correct answer.
",52.0
The gamer sold  console and bought a computer because  favorite game ran slow on the _ .,console,computer,A,"Sentence:
""The gamer sold  console and bought a computer because  favorite game ran slow on the _ .""

Options:
A. console
B. computer

Reply with only the single capital letter (A or B) corresponding to the correct answer.
",52.0
"the demand for the products in the market exceeded the products available, the _ was too high.",demand,products,A,"Sentence:
""the demand for the products in the market exceeded the products available, the _ was too high.""

Options:
A. demand
B. products

Reply with only the single capital letter (A or B) corresponding to the correct answer.
",52.0
Elena whispered to Christine that she was a fugitive from the law.  _ was shocked.,Elena,Christine,B,"Sentence:
""Elena whispered to Christine that she was a fugitive from the law.  _ was shocked.""

Options:
A. Elena
B. Christine

Reply with only the single capital letter (A or B) corresponding to the correct answer.
",52.0
Tanya went to get some focus study group advice from Lindsey because _ could be some help.,Tanya,Lindsey,B,"Sentence:
""Tanya went to get some focus study group advice from Lindsey because _ could be some help.""

Options:
A. Tanya
B. Lindsey

Reply with only the single capital letter (A or B) corresponding to the correct answer.
",52.0
Jessica showed her friend Erin how to worship in a church as _ frequently attends mass every weekend.,Jessica,Erin,A,"Sentence:
""Jessica showed her friend Erin how to worship in a church as _ frequently attends mass every weekend.""

Options:
A. Jessica
B. Erin

Reply with only the single capital letter (A or B) corresponding to the correct answer.
",52.0
The gardener tried to put the peaches into the baskets but the _ were too large.,baskets,peaches,B,"Sentence:
""The gardener tried to put the peaches into the baskets but the _ were too large.""

Options:
A. baskets
B. peaches

Reply with only the single capital letter (A or B) corresponding to the correct answer.
",52.0
"Emily set fitness goals and it inspired Erin, so _ wanted to set up some goals too.",Emily,Erin,B,"Sentence:
""Emily set fitness goals and it inspired Erin, so _ wanted to set up some goals too.""

Options:
A. Emily
B. Erin

Reply with only the single capital letter (A or B) corresponding to the correct answer.
",52.0
"Currently, Logan is teaching Nick how to get fit, so _ is in decent shape currently.",Logan,Nick,A,"Sentence:
""Currently, Logan is teaching Nick how to get fit, so _ is in decent shape currently.""

Options:
A. Logan
B. Nick

Reply with only the single capital letter (A or B) corresponding to the correct answer.
",52.0
Red was the color that Laura preferred but not Maria. _ bought a shiny black sports car.,Laura,Maria,B,"Sentence:
""Red was the color that Laura preferred but not Maria. _ bought a shiny black sports car.""

Options:
A. Laura
B. Maria

Reply with only the single capital letter (A or B) corresponding to the correct answer.
",52.0
Donna had to count the new manila files and germy money. The _ was clean.,money,files,B,"Sentence:
""Donna had to count the new manila files and germy money. The _ was clean.""

Options:
A. money
B. files

Reply with only the single capital letter (A or B) corresponding to the correct answer.
",52.0
"The coin collection sold for more than the card collection as auction, because the _ collection was rare.",coin,card,A,"Sentence:
""The coin collection sold for more than the card collection as auction, because the _ collection was rare.""

Options:
A. coin
B. card

Reply with only the single capital letter (A or B) corresponding to the correct answer.
",52.0
"Lawrence was very hesitant when speaking to Steven, because _ always tended to say something wrong.",Lawrence,Steven,A,"Sentence:
""Lawrence was very hesitant when speaking to Steven, because _ always tended to say something wrong.""

Options:
A. Lawrence
B. Steven

Reply with only the single capital letter (A or B) corresponding to the correct answer.
",52.0
Laura managed to survive a serious illness which Samantha did not survive because _ shunned available medicine.,Laura,Samantha,B,"Sentence:
""Laura managed to survive a serious illness which Samantha did not survive because _ shunned available medicine.""

Options:
A. Laura
B. Samantha

Reply with only the single capital letter (A or B) corresponding to the correct answer.
",52.0
"Patricia had problems with communication when talking to Angela, because _ spent very little time speaking.",Patricia,Angela,A,"Sentence:
""Patricia had problems with communication when talking to Angela, because _ spent very little time speaking.""

Options:
A. Patricia
B. Angela

Reply with only the single capital letter (A or B) corresponding to the correct answer.
",52.0
The gardener took the water out of the cart and into the pond until the _ was full.,cart,pond,B,"Sentence:
""The gardener took the water out of the cart and into the pond until the _ was full.""

Options:
A. cart
B. pond

Reply with only the single capital letter (A or B) corresponding to the correct answer.
",52.0
"Sarah felt the chemistry between themselves and Laura, so _ was approached about getting into a relationship.",Sarah,Laura,B,"Sentence:
""Sarah felt the chemistry between themselves and Laura, so _ was approached about getting into a relationship.""

Options:
A. Sarah
B. Laura

Reply with only the single capital letter (A or B) corresponding to the correct answer.
",52.0
The new guns that our company bought don't fit in the cases because the _ are too short.,guns,cases,B,"Sentence:
""The new guns that our company bought don't fit in the cases because the _ are too short.""

Options:
A. guns
B. cases

Reply with only the single capital letter (A or B) corresponding to the correct answer.
",52.0
"Angela had a more difficult time writing poetry than Rachel, as _ was very unoriginal.",Angela,Rachel,A,"Sentence:
""Angela had a more difficult time writing poetry than Rachel, as _ was very unoriginal.""

Options:
A. Angela
B. Rachel

Reply with only the single capital letter (A or B) corresponding to the correct answer.
",52.0
"Kevin enjoyed seeing the outdoors more than Steven, so _ had a big window in his house.",Kevin,Steven,A,"Sentence:
""Kevin enjoyed seeing the outdoors more than Steven, so _ had a big window in his house.""

Options:
A. Kevin
B. Steven

Reply with only the single capital letter (A or B) corresponding to the correct answer.
",52.0
"Dennis sold a bunch of illegal pills to Donald, so _ now has a lot of money.",Dennis,Donald,A,"Sentence:
""Dennis sold a bunch of illegal pills to Donald, so _ now has a lot of money.""

Options:
A. Dennis
B. Donald

Reply with only the single capital letter (A or B) corresponding to the correct answer.
",52.0
"After examining the roots and leaves, I watered the plant because the _ were starting to wilt.",roots,leaves,B,"Sentence:
""After examining the roots and leaves, I watered the plant because the _ were starting to wilt.""

Options:
A. roots
B. leaves

Reply with only the single capital letter (A or B) corresponding to the correct answer.
",52.0
James could not hear the sound of his television in his neighborhood because the _ is too noisy.,neighborhood,television,A,"Sentence:
""James could not hear the sound of his television in his neighborhood because the _ is too noisy.""

Options:
A. neighborhood
B. television

Reply with only the single capital letter (A or B) corresponding to the correct answer.
",52.0
John wanted to tie a rope around a tire to swing on but the _ was too soft.,tire,rope,A,"Sentence:
""John wanted to tie a rope around a tire to swing on but the _ was too soft.""

Options:
A. tire
B. rope

Reply with only the single capital letter (A or B) corresponding to the correct answer.
",52.0
"Jessica enjoyed drinking lots of milk but Betty avoided it, as _ was tolerant of lactose.",Jessica,Betty,A,"Sentence:
""Jessica enjoyed drinking lots of milk but Betty avoided it, as _ was tolerant of lactose.""

Options:
A. Jessica
B. Betty

Reply with only the single capital letter (A or B) corresponding to the correct answer.
",52.0
Amy hardly needs any makeup but Rachel wears a lot of makeup because _ has never had acne.,Amy,Rachel,A,"Sentence:
""Amy hardly needs any makeup but Rachel wears a lot of makeup because _ has never had acne.""

Options:
A. Amy
B. Rachel

Reply with only the single capital letter (A or B) corresponding to the correct answer.
",52.0
More cups are needed in order to empty the vodka in the bottles. The _ are small.,cups,bottles,A,"Sentence:
""More cups are needed in order to empty the vodka in the bottles. The _ are small.""

Options:
A. cups
B. bottles

Reply with only the single capital letter (A or B) corresponding to the correct answer.
",52.0
Kyle loves chocolate and candy and Steven loves pickles and lemons. _ loves sweet foods.,Kyle,Steven,A,"Sentence:
""Kyle loves chocolate and candy and Steven loves pickles and lemons. _ loves sweet foods.""

Options:
A. Kyle
B. Steven

Reply with only the single capital letter (A or B) corresponding to the correct answer.
",52.0
Homework was easy for the smart Laura  but not for Jessica as _ was very intelligent.,Laura,Jessica,A,"Sentence:
""Homework was easy for the smart Laura  but not for Jessica as _ was very intelligent.""

Options:
A. Laura
B. Jessica

Reply with only the single capital letter (A or B) corresponding to the correct answer.
",52.0
"Whenever Christopher asked Joel to get some exercise together Joel said no, so _ was more muscular.",Christopher,Joel,A,"Sentence:
""Whenever Christopher asked Joel to get some exercise together Joel said no, so _ was more muscular.""

Options:
A. Christopher
B. Joel

Reply with only the single capital letter (A or B) corresponding to the correct answer.
",52.0
Kevin used a red pen to mark the essay written by Brett; _ asked for constructive criticism.,Kevin,Brett,B,"Sentence:
""Kevin used a red pen to mark the essay written by Brett; _ asked for constructive criticism.""

Options:
A. Kevin
B. Brett

Reply with only the single capital letter (A or B) corresponding to the correct answer.
",52.0
"Out of fear, Matthew knocked the crutches out of Joseph's hand because _ was afraid.",Matthew,Joseph,A,"Sentence:
""Out of fear, Matthew knocked the crutches out of Joseph's hand because _ was afraid.""

Options:
A. Matthew
B. Joseph

Reply with only the single capital letter (A or B) corresponding to the correct answer.
",52.0
"Carrie worked for a great company compared to Samantha, therefore _ received a lot more benefits.",Carrie,Samantha,A,"Sentence:
""Carrie worked for a great company compared to Samantha, therefore _ received a lot more benefits.""

Options:
A. Carrie
B. Samantha

Reply with only the single capital letter (A or B) corresponding to the correct answer.
",52.0
Carrie was able to move faster then Samantha was because _ had healthy joints in their body.,Carrie,Samantha,A,"Sentence:
""Carrie was able to move faster then Samantha was because _ had healthy joints in their body.""

Options:
A. Carrie
B. Samantha

Reply with only the single capital letter (A or B) corresponding to the correct answer.
",52.0
"The ball smashed through the glass while the rock bounced off, since the _ was a deficient missile.",ball,rock,B,"Sentence:
""The ball smashed through the glass while the rock bounced off, since the _ was a deficient missile.""

Options:
A. ball
B. rock

Reply with only the single capital letter (A or B) corresponding to the correct answer.
",52.0
It was urgent that Elena but not Kayla had health coverage because _ had many health problems.,Elena,Kayla,A,"Sentence:
""It was urgent that Elena but not Kayla had health coverage because _ had many health problems.""

Options:
A. Elena
B. Kayla

Reply with only the single capital letter (A or B) corresponding to the correct answer.
",52.0
Joseph listened to Nelson talk on and on about his washboard abs.  _ was jealous.,Joseph,Nelson,A,"Sentence:
""Joseph listened to Nelson talk on and on about his washboard abs.  _ was jealous.""

Options:
A. Joseph
B. Nelson

Reply with only the single capital letter (A or B) corresponding to the correct answer.
",52.0
Maria's goals were much steadier than Monica's because _ hated to plan their actions out.,Maria,Monica,B,"Sentence:
""Maria's goals were much steadier than Monica's because _ hated to plan their actions out.""

Options:
A. Maria
B. Monica

Reply with only the single capital letter (A or B) corresponding to the correct answer.
",52.0
Lindsey was a very good mother but Jessica was not because _ was naturally a nurturing person.,Lindsey,Jessica,A,"Sentence:
""Lindsey was a very good mother but Jessica was not because _ was naturally a nurturing person.""

Options:
A. Lindsey
B. Jessica

Reply with only the single capital letter (A or B) corresponding to the correct answer.
",52.0
"The new brush broke a lot quicker than the old comb, because the _ was not as strong.",brush,comb,A,"Sentence:
""The new brush broke a lot quicker than the old comb, because the _ was not as strong.""

Options:
A. brush
B. comb

Reply with only the single capital letter (A or B) corresponding to the correct answer.
",52.0
Betty talked to Sarah about her boyfriend. He made her extremely happy. _ loved him.,Betty,Sarah,A,"Sentence:
""Betty talked to Sarah about her boyfriend. He made her extremely happy. _ loved him.""

Options:
A. Betty
B. Sarah

Reply with only the single capital letter (A or B) corresponding to the correct answer.
",52.0
Samantha decided to stop being best friends with Sarah after _ realized they were betraying them.,Samantha,Sarah,A,"Sentence:
""Samantha decided to stop being best friends with Sarah after _ realized they were betraying them.""

Options:
A. Samantha
B. Sarah

Reply with only the single capital letter (A or B) corresponding to the correct answer.
",52.0
The club accepted Jessica as a member but rejected Victoria because _ bungled the application and interview.,Jessica,Victoria,B,"Sentence:
""The club accepted Jessica as a member but rejected Victoria because _ bungled the application and interview.""

Options:
A. Jessica
B. Victoria

Reply with only the single capital letter (A or B) corresponding to the correct answer.
",52.0
James decided to tear a paper when the nylon cannot be ripped off. The _ is weaker.,paper,nylon,A,"Sentence:
""James decided to tear a paper when the nylon cannot be ripped off. The _ is weaker.""

Options:
A. paper
B. nylon

Reply with only the single capital letter (A or B) corresponding to the correct answer.
",52.0
Elena brought up the subject of real estate to Katrina because _ was interested in selling a house.,Elena,Katrina,A,"Sentence:
""Elena brought up the subject of real estate to Katrina because _ was interested in selling a house.""

Options:
A. Elena
B. Katrina

Reply with only the single capital letter (A or B) corresponding to the correct answer.
",52.0
"Victoria was unable to drink milk unlike Elena, by reason that _ was very allergic to dairy.",Victoria,Elena,A,"Sentence:
""Victoria was unable to drink milk unlike Elena, by reason that _ was very allergic to dairy.""

Options:
A. Victoria
B. Elena

Reply with only the single capital letter (A or B) corresponding to the correct answer.
",52.0
Getting tar out of a carpet was Elena's specialty and not Mary because _ was a cashier.,Elena,Mary,B,"Sentence:
""Getting tar out of a carpet was Elena's specialty and not Mary because _ was a cashier.""

Options:
A. Elena
B. Mary

Reply with only the single capital letter (A or B) corresponding to the correct answer.
",52.0
Lawrence eagerly showed Logan the mix songs that he had made himself.  _ was impressed.,Lawrence,Logan,B,"Sentence:
""Lawrence eagerly showed Logan the mix songs that he had made himself.  _ was impressed.""

Options:
A. Lawrence
B. Logan

Reply with only the single capital letter (A or B) corresponding to the correct answer.
",52.0
"Stacey used the company credit card to buy a plane ticket, but the _ was declined.",ticket,card,B,"Sentence:
""Stacey used the company credit card to buy a plane ticket, but the _ was declined.""

Options:
A. ticket
B. card

Reply with only the single capital letter (A or B) corresponding to the correct answer.
",52.0
Lawrence has never wanted to eat healthy unlike Robert because _ doesn't care about his body.,Lawrence,Robert,A,"Sentence:
""Lawrence has never wanted to eat healthy unlike Robert because _ doesn't care about his body.""

Options:
A. Lawrence
B. Robert

Reply with only the single capital letter (A or B) corresponding to the correct answer.
",52.0
Our experience was better after we chose the video game over the movie since the _ was passive.,video game,movie,B,"Sentence:
""Our experience was better after we chose the video game over the movie since the _ was passive.""

Options:
A. video game
B. movie

Reply with only the single capital letter (A or B) corresponding to the correct answer.
",52.0
"Ryan is the divorce lawyer handling Ian case, _ is for hire for people going through divorce.",Ryan,Ian,A,"Sentence:
""Ryan is the divorce lawyer handling Ian case, _ is for hire for people going through divorce.""

Options:
A. Ryan
B. Ian

Reply with only the single capital letter (A or B) corresponding to the correct answer.
",52.0
"When Ian called on Aaron to go to yoga class, _ was surprised when there was no answer.",Ian,Aaron,A,"Sentence:
""When Ian called on Aaron to go to yoga class, _ was surprised when there was no answer.""

Options:
A. Ian
B. Aaron

Reply with only the single capital letter (A or B) corresponding to the correct answer.
",52.0
"Jennifer was trained to be able to safely deliver Samantha's infant son, because _ was pregnant.",Jennifer,Samantha,B,"Sentence:
""Jennifer was trained to be able to safely deliver Samantha's infant son, because _ was pregnant.""

Options:
A. Jennifer
B. Samantha

Reply with only the single capital letter (A or B) corresponding to the correct answer.
",52.0
"The artist used oil paints rather than acrylic, because she thought the texture of the _ was pleasing.",oil,acrylic,A,"Sentence:
""The artist used oil paints rather than acrylic, because she thought the texture of the _ was pleasing.""

Options:
A. oil
B. acrylic

Reply with only the single capital letter (A or B) corresponding to the correct answer.
",52.0
Janet had a car. She wanted to buy a truck because the _  was beautiful.,car,truck,B,"Sentence:
""Janet had a car. She wanted to buy a truck because the _  was beautiful.""

Options:
A. car
B. truck

Reply with only the single capital letter (A or B) corresponding to the correct answer.
",52.0
"Angela was highly upset with the words that Carrie had said, so _ offered an apology.",Angela,Carrie,B,"Sentence:
""Angela was highly upset with the words that Carrie had said, so _ offered an apology.""

Options:
A. Angela
B. Carrie

Reply with only the single capital letter (A or B) corresponding to the correct answer.
",52.0
Kayla looked so much better in spandex than Natalie did because _ was so slender.,Kayla,Natalie,A,"Sentence:
""Kayla looked so much better in spandex than Natalie did because _ was so slender.""

Options:
A. Kayla
B. Natalie

Reply with only the single capital letter (A or B) corresponding to the correct answer.
",52.0
The club got broken when James tried to use it to break the gate. The _ is strong.,gate,club,A,"Sentence:
""The club got broken when James tried to use it to break the gate. The _ is strong.""

Options:
A. gate
B. club

Reply with only the single capital letter (A or B) corresponding to the correct answer.
",52.0
"When the doorbell rang, Donald opened the door and greeted Joel. _ was hosting a party.",Donald,Joel,A,"Sentence:
""When the doorbell rang, Donald opened the door and greeted Joel. _ was hosting a party.""

Options:
A. Donald
B. Joel

Reply with only the single capital letter (A or B) corresponding to the correct answer.
",52.0
Christine missed work less than Angela did because _ found that they were sicker more often.,Christine,Angela,B,"Sentence:
""Christine missed work less than Angela did because _ found that they were sicker more often.""

Options:
A. Christine
B. Angela

Reply with only the single capital letter (A or B) corresponding to the correct answer.
",52.0
Angela wasn't a part of the slow food movement and Elena was because _ valued convenience.,Angela,Elena,A,"Sentence:
""Angela wasn't a part of the slow food movement and Elena was because _ valued convenience.""

Options:
A. Angela
B. Elena

Reply with only the single capital letter (A or B) corresponding to the correct answer.
",52.0
Data entry is a perfect job for Betty but not so for Laura as _ likes routine work.,Betty,Laura,A,"Sentence:
""Data entry is a perfect job for Betty but not so for Laura as _ likes routine work.""

Options:
A. Betty
B. Laura

Reply with only the single capital letter (A or B) corresponding to the correct answer.
",52.0
The teacher gave Brett an A for their essay and Hunter a D. _ was happy and proud.,Brett,Hunter,A,"Sentence:
""The teacher gave Brett an A for their essay and Hunter a D. _ was happy and proud.""

Options:
A. Brett
B. Hunter

Reply with only the single capital letter (A or B) corresponding to the correct answer.
",52.0
Laura gently rubbed and stroked Christine's skin with her fingertips because _ liked to show affection.,Laura,Christine,A,"Sentence:
""Laura gently rubbed and stroked Christine's skin with her fingertips because _ liked to show affection.""

Options:
A. Laura
B. Christine

Reply with only the single capital letter (A or B) corresponding to the correct answer.
",52.0
The divorce upset Katrina more than Natalie as _ didn't care for the person their mother had married.,Katrina,Natalie,B,"Sentence:
""The divorce upset Katrina more than Natalie as _ didn't care for the person their mother had married.""

Options:
A. Katrina
B. Natalie

Reply with only the single capital letter (A or B) corresponding to the correct answer.
",52.0
"Derrick prescribed a topical cream for the skin irritation Craig was feeling, because _ was their patient.",Derrick,Craig,B,"Sentence:
""Derrick prescribed a topical cream for the skin irritation Craig was feeling, because _ was their patient.""

Options:
A. Derrick
B. Craig

Reply with only the single capital letter (A or B) corresponding to the correct answer.
",52.0
"Sarah was lacking a lot of experiences in life compared to Jessica, due to _ being adventurous.",Sarah,Jessica,B,"Sentence:
""Sarah was lacking a lot of experiences in life compared to Jessica, due to _ being adventurous.""

Options:
A. Sarah
B. Jessica

Reply with only the single capital letter (A or B) corresponding to the correct answer.
",52.0
The teacher cannot hear the bell ring because of the noise from the class. The _ is quiet.,bell,noise,A,"Sentence:
""The teacher cannot hear the bell ring because of the noise from the class. The _ is quiet.""

Options:
A. bell
B. noise

Reply with only the single capital letter (A or B) corresponding to the correct answer.
",52.0
"At the wedding, Aaron made Steven recite his vows during the ceremony. _ was the groom.",Aaron,Steven,B,"Sentence:
""At the wedding, Aaron made Steven recite his vows during the ceremony. _ was the groom.""

Options:
A. Aaron
B. Steven

Reply with only the single capital letter (A or B) corresponding to the correct answer.
",52.0
"She liked to watch the wrestling and not boxing, because she found the _ to be really boring.",wrestling,boxing,B,"Sentence:
""She liked to watch the wrestling and not boxing, because she found the _ to be really boring.""

Options:
A. wrestling
B. boxing

Reply with only the single capital letter (A or B) corresponding to the correct answer.
",52.0
Bobby poured the entire bottle of oil into the pan on the counter until the _ was empty.,bottle,pan,A,"Sentence:
""Bobby poured the entire bottle of oil into the pan on the counter until the _ was empty.""

Options:
A. bottle
B. pan

Reply with only the single capital letter (A or B) corresponding to the correct answer.
",52.0
"Jennifer craved attention much more than Erin , so _ was always keeping herself in the spotlight.",Jennifer,Erin,A,"Sentence:
""Jennifer craved attention much more than Erin , so _ was always keeping herself in the spotlight.""

Options:
A. Jennifer
B. Erin

Reply with only the single capital letter (A or B) corresponding to the correct answer.
",52.0
"Rachel preferred almond milk and Betty liked dairy milk better, because _ was allergic to lactose.",Rachel,Betty,A,"Sentence:
""Rachel preferred almond milk and Betty liked dairy milk better, because _ was allergic to lactose.""

Options:
A. Rachel
B. Betty

Reply with only the single capital letter (A or B) corresponding to the correct answer.
",52.0
Kat liked to go swim at the pool instead of at the lake because the _ was clear.,pool,lake,A,"Sentence:
""Kat liked to go swim at the pool instead of at the lake because the _ was clear.""

Options:
A. pool
B. lake

Reply with only the single capital letter (A or B) corresponding to the correct answer.
",52.0
Joe knew that planets are closer to the sun than stars and that the _ were much bigger.,planets,stars,B,"Sentence:
""Joe knew that planets are closer to the sun than stars and that the _ were much bigger.""

Options:
A. planets
B. stars

Reply with only the single capital letter (A or B) corresponding to the correct answer.
",52.0
Rachel caused their loved ones a lot of heartache but not Jessica because _ was very responsible.,Rachel,Jessica,B,"Sentence:
""Rachel caused their loved ones a lot of heartache but not Jessica because _ was very responsible.""

Options:
A. Rachel
B. Jessica

Reply with only the single capital letter (A or B) corresponding to the correct answer.
",52.0
"Leslie decided to give Donald the exercise equipment, because _ lacked storage space in his garage.",Leslie,Donald,A,"Sentence:
""Leslie decided to give Donald the exercise equipment, because _ lacked storage space in his garage.""

Options:
A. Leslie
B. Donald

Reply with only the single capital letter (A or B) corresponding to the correct answer.
",52.0
"The children of Hunter were very polite unlike the kids of Jeffrey, due to _ raising them wrong.",Hunter,Jeffrey,B,"Sentence:
""The children of Hunter were very polite unlike the kids of Jeffrey, due to _ raising them wrong.""

Options:
A. Hunter
B. Jeffrey

Reply with only the single capital letter (A or B) corresponding to the correct answer.
",52.0
"Mary checked all the hiding places they expected Jennifer to be in, but _ was never found.",Mary,Jennifer,B,"Sentence:
""Mary checked all the hiding places they expected Jennifer to be in, but _ was never found.""

Options:
A. Mary
B. Jennifer

Reply with only the single capital letter (A or B) corresponding to the correct answer.
",52.0
Sarah had to ask Laura for help with setting MAC keyboard shortcuts because _ never used MACs.,Sarah,Laura,A,"Sentence:
""Sarah had to ask Laura for help with setting MAC keyboard shortcuts because _ never used MACs.""

Options:
A. Sarah
B. Laura

Reply with only the single capital letter (A or B) corresponding to the correct answer.
",52.0
Leslie downloaded the software for Joel's computer since _ had no experience with computers and programs.,Leslie,Joel,B,"Sentence:
""Leslie downloaded the software for Joel's computer since _ had no experience with computers and programs.""

Options:
A. Leslie
B. Joel

Reply with only the single capital letter (A or B) corresponding to the correct answer.
",52.0
Katrina wanted pet birds but Mary did not because _ thought they were difficult pets to have.,Katrina,Mary,B,"Sentence:
""Katrina wanted pet birds but Mary did not because _ thought they were difficult pets to have.""

Options:
A. Katrina
B. Mary

Reply with only the single capital letter (A or B) corresponding to the correct answer.
",52.0
"Neil agreed to help wash Adam's large dog, and _ was very grateful for the help.",Neil,Adam,B,"Sentence:
""Neil agreed to help wash Adam's large dog, and _ was very grateful for the help.""

Options:
A. Neil
B. Adam

Reply with only the single capital letter (A or B) corresponding to the correct answer.
",52.0
Jason needed help with their diet plan and Derrick was happy to help. _ created the plan.,Jason,Derrick,B,"Sentence:
""Jason needed help with their diet plan and Derrick was happy to help. _ created the plan.""

Options:
A. Jason
B. Derrick

Reply with only the single capital letter (A or B) corresponding to the correct answer.
",52.0
Jason used soap and shampoo to shower Aaron and keep him clean. _ is his caretaker.,Jason,Aaron,A,"Sentence:
""Jason used soap and shampoo to shower Aaron and keep him clean. _ is his caretaker.""

Options:
A. Jason
B. Aaron

Reply with only the single capital letter (A or B) corresponding to the correct answer.
",52.0
Jessica was light headed and confused but not Elena because _ had been exposed to harmless fumes.,Jessica,Elena,B,"Sentence:
""Jessica was light headed and confused but not Elena because _ had been exposed to harmless fumes.""

Options:
A. Jessica
B. Elena

Reply with only the single capital letter (A or B) corresponding to the correct answer.
",52.0
"Laura needed their wisdom teeth removed and Mary drove them home after, which means _ was safe.",Laura,Mary,A,"Sentence:
""Laura needed their wisdom teeth removed and Mary drove them home after, which means _ was safe.""

Options:
A. Laura
B. Mary

Reply with only the single capital letter (A or B) corresponding to the correct answer.
",52.0
Craig proudly told Joseph how he fixed his own mold problem last weekend.  _ was worried.,Craig,Joseph,B,"Sentence:
""Craig proudly told Joseph how he fixed his own mold problem last weekend.  _ was worried.""

Options:
A. Craig
B. Joseph

Reply with only the single capital letter (A or B) corresponding to the correct answer.
",52.0
"I remember when CDs replaced tapes and how different they looked, but the _ were much too outdated.",CDs,tapes,B,"Sentence:
""I remember when CDs replaced tapes and how different they looked, but the _ were much too outdated.""

Options:
A. CDs
B. tapes

Reply with only the single capital letter (A or B) corresponding to the correct answer.
",52.0
Katrina loved so much watching Megan grow up to be an adult because _ was their daughter.,Katrina,Megan,B,"Sentence:
""Katrina loved so much watching Megan grow up to be an adult because _ was their daughter.""

Options:
A. Katrina
B. Megan

Reply with only the single capital letter (A or B) corresponding to the correct answer.
",52.0
I wore a hat over my hair that day instead of a scarf since the _ offered less protection.,hat,scarf,B,"Sentence:
""I wore a hat over my hair that day instead of a scarf since the _ offered less protection.""

Options:
A. hat
B. scarf

Reply with only the single capital letter (A or B) corresponding to the correct answer.
",52.0
"She was writing her paper with ink, but needed to get more ink since the _ was long.",paper,ink,A,"Sentence:
""She was writing her paper with ink, but needed to get more ink since the _ was long.""

Options:
A. paper
B. ink

Reply with only the single capital letter (A or B) corresponding to the correct answer.
",52.0
I have to trim off some of the roses growing in my gardens because the _ are too much.,roses,gardens,A,"Sentence:
""I have to trim off some of the roses growing in my gardens because the _ are too much.""

Options:
A. roses
B. gardens

Reply with only the single capital letter (A or B) corresponding to the correct answer.
",52.0
Brett forgot where they put their passport at home but not Neil because _ had a sharp memory.,Brett,Neil,B,"Sentence:
""Brett forgot where they put their passport at home but not Neil because _ had a sharp memory.""

Options:
A. Brett
B. Neil

Reply with only the single capital letter (A or B) corresponding to the correct answer.
",52.0
Rebecca was fallen asleep on by Betty because _ was tired after a long day at work.,Rebecca,Betty,B,"Sentence:
""Rebecca was fallen asleep on by Betty because _ was tired after a long day at work.""

Options:
A. Rebecca
B. Betty

Reply with only the single capital letter (A or B) corresponding to the correct answer.
",52.0
Kayla replaced her nose ring with a new lip piercing. Because the _ was old.,nose,lip piercing,A,"Sentence:
""Kayla replaced her nose ring with a new lip piercing. Because the _ was old.""

Options:
A. nose
B. lip piercing

Reply with only the single capital letter (A or B) corresponding to the correct answer.
",52.0
"Benjamin recommended Justin the best things to see while exploring the city, because _ was foreign.",Benjamin,Justin,B,"Sentence:
""Benjamin recommended Justin the best things to see while exploring the city, because _ was foreign.""

Options:
A. Benjamin
B. Justin

Reply with only the single capital letter (A or B) corresponding to the correct answer.
",52.0
Sam the dog brought back a bone but couldn't find the ball because the _ was found.,bone,ball,A,"Sentence:
""Sam the dog brought back a bone but couldn't find the ball because the _ was found.""

Options:
A. bone
B. ball

Reply with only the single capital letter (A or B) corresponding to the correct answer.
",52.0
"Cynthia loved to read the poetry that Katrina wrote, as _ had great appreciation of metaphors.",Cynthia,Katrina,A,"Sentence:
""Cynthia loved to read the poetry that Katrina wrote, as _ had great appreciation of metaphors.""

Options:
A. Cynthia
B. Katrina

Reply with only the single capital letter (A or B) corresponding to the correct answer.
",52.0
"The friends of Elena are mean and nasty, while Amy has nice friends. _ is very happy.",Elena,Amy,B,"Sentence:
""The friends of Elena are mean and nasty, while Amy has nice friends. _ is very happy.""

Options:
A. Elena
B. Amy

Reply with only the single capital letter (A or B) corresponding to the correct answer.
",52.0
Rebecca is trusted by people a lot more than Samantha is because _ is a dishonest person.,Rebecca,Samantha,B,"Sentence:
""Rebecca is trusted by people a lot more than Samantha is because _ is a dishonest person.""

Options:
A. Rebecca
B. Samantha

Reply with only the single capital letter (A or B) corresponding to the correct answer.
",52.0
"Adjustment at the new school, was tougher for Ryan than Justin, so _ was satisfied.",Ryan,Justin,B,"Sentence:
""Adjustment at the new school, was tougher for Ryan than Justin, so _ was satisfied.""

Options:
A. Ryan
B. Justin

Reply with only the single capital letter (A or B) corresponding to the correct answer.
",52.0
Jeffrey broke the trust Kyle put in them when _ lied about what happened to the money.,Jeffrey,Kyle,A,"Sentence:
""Jeffrey broke the trust Kyle put in them when _ lied about what happened to the money.""

Options:
A. Jeffrey
B. Kyle

Reply with only the single capital letter (A or B) corresponding to the correct answer.
",52.0
"Joel asked Robert how long will the flight be before they arrive, but _ had forgotten.",Joel,Robert,B,"Sentence:
""Joel asked Robert how long will the flight be before they arrive, but _ had forgotten.""

Options:
A. Joel
B. Robert

Reply with only the single capital letter (A or B) corresponding to the correct answer.
",52.0
Elena was a far better actor than Jennifer because _ took a lot of acting classes growing up.,Elena,Jennifer,A,"Sentence:
""Elena was a far better actor than Jennifer because _ took a lot of acting classes growing up.""

Options:
A. Elena
B. Jennifer

Reply with only the single capital letter (A or B) corresponding to the correct answer.
",52.0
"My sister hated her work a lot more than I hated my job, because the _ was difficult.",work,job,A,"Sentence:
""My sister hated her work a lot more than I hated my job, because the _ was difficult.""

Options:
A. work
B. job

Reply with only the single capital letter (A or B) corresponding to the correct answer.
",52.0
Dating is harder for Kyle than it is for Steven. _ must be the more awkward man.,Kyle,Steven,A,"Sentence:
""Dating is harder for Kyle than it is for Steven. _ must be the more awkward man.""

Options:
A. Kyle
B. Steven

Reply with only the single capital letter (A or B) corresponding to the correct answer.
",52.0
"There is a lot less food in the pantry of Emily and not Maria, because _ is wealthy.",Emily,Maria,B,"Sentence:
""There is a lot less food in the pantry of Emily and not Maria, because _ is wealthy.""

Options:
A. Emily
B. Maria

Reply with only the single capital letter (A or B) corresponding to the correct answer.
",52.0
The little boy wanted to keep his new card safe in the case but the _ was too small.,card,case,B,"Sentence:
""The little boy wanted to keep his new card safe in the case but the _ was too small.""

Options:
A. card
B. case

Reply with only the single capital letter (A or B) corresponding to the correct answer.
",52.0
Online security was important to the school but not the business since the _ had minimal security concerns.,school,business,B,"Sentence:
""Online security was important to the school but not the business since the _ had minimal security concerns.""

Options:
A. school
B. business

Reply with only the single capital letter (A or B) corresponding to the correct answer.
",52.0
"I didn't like the movie today as much as the film yesterday, because the _ was professional.",movie,film,B,"Sentence:
""I didn't like the movie today as much as the film yesterday, because the _ was professional.""

Options:
A. movie
B. film

Reply with only the single capital letter (A or B) corresponding to the correct answer.
",52.0
The police had a warrant out for Nick but not for Kenneth. _ was always breaking the law.,Nick,Kenneth,A,"Sentence:
""The police had a warrant out for Nick but not for Kenneth. _ was always breaking the law.""

Options:
A. Nick
B. Kenneth

Reply with only the single capital letter (A or B) corresponding to the correct answer.
",52.0
Hunter made more donations to charities than Michael because _ did not believe in charitable giving in life.,Hunter,Michael,B,"Sentence:
""Hunter made more donations to charities than Michael because _ did not believe in charitable giving in life.""

Options:
A. Hunter
B. Michael

Reply with only the single capital letter (A or B) corresponding to the correct answer.
",52.0
Adam had to schedule a visit a dermatologist but Joseph didn't because _ had good skin.,Adam,Joseph,B,"Sentence:
""Adam had to schedule a visit a dermatologist but Joseph didn't because _ had good skin.""

Options:
A. Adam
B. Joseph

Reply with only the single capital letter (A or B) corresponding to the correct answer.
",52.0
Mary poured the entire bottle of nail polish in to a paint bowl until the _ was empty.,bottle,bowl,A,"Sentence:
""Mary poured the entire bottle of nail polish in to a paint bowl until the _ was empty.""

Options:
A. bottle
B. bowl

Reply with only the single capital letter (A or B) corresponding to the correct answer.
",52.0
When asked a favour Logan could never refuse but Joseph easily could because _ was a very taking person.,Logan,Joseph,B,"Sentence:
""When asked a favour Logan could never refuse but Joseph easily could because _ was a very taking person.""

Options:
A. Logan
B. Joseph

Reply with only the single capital letter (A or B) corresponding to the correct answer.
",52.0
Brett wanted to properly clean up Neil's blonde dyed hair so _ got the chair ready.,Brett,Neil,A,"Sentence:
""Brett wanted to properly clean up Neil's blonde dyed hair so _ got the chair ready.""

Options:
A. Brett
B. Neil

Reply with only the single capital letter (A or B) corresponding to the correct answer.
",52.0
"Benjamin is Matthew's economics tutor and helps him to get better, because _ need help.",Benjamin,Matthew,B,"Sentence:
""Benjamin is Matthew's economics tutor and helps him to get better, because _ need help.""

Options:
A. Benjamin
B. Matthew

Reply with only the single capital letter (A or B) corresponding to the correct answer.
",52.0
"While Tanya dove deep underwater, Lindsey stayed on the shore, and thus _ remained dry.",Tanya,Lindsey,B,"Sentence:
""While Tanya dove deep underwater, Lindsey stayed on the shore, and thus _ remained dry.""

Options:
A. Tanya
B. Lindsey

Reply with only the single capital letter (A or B) corresponding to the correct answer.
",52.0
The noise canceling headphones were taken from Kenneth and given to Craig because _ had a pounding headache.,Kenneth,Craig,B,"Sentence:
""The noise canceling headphones were taken from Kenneth and given to Craig because _ had a pounding headache.""

Options:
A. Kenneth
B. Craig

Reply with only the single capital letter (A or B) corresponding to the correct answer.
",52.0
"At the birthday party, Nick showed less self-control around alcohol than Nelson, because _ was wild.",Nick,Nelson,A,"Sentence:
""At the birthday party, Nick showed less self-control around alcohol than Nelson, because _ was wild.""

Options:
A. Nick
B. Nelson

Reply with only the single capital letter (A or B) corresponding to the correct answer.
",52.0
"Lawrence arranged a memorial service for Jeffrey after their death, so that _ could remember them.",Lawrence,Jeffrey,A,"Sentence:
""Lawrence arranged a memorial service for Jeffrey after their death, so that _ could remember them.""

Options:
A. Lawrence
B. Jeffrey

Reply with only the single capital letter (A or B) corresponding to the correct answer.
",52.0
Cynthia applied sunscreen while Tanya did not. _ has naturally fair skin that burns easily.,Cynthia,Tanya,A,"Sentence:
""Cynthia applied sunscreen while Tanya did not. _ has naturally fair skin that burns easily.""

Options:
A. Cynthia
B. Tanya

Reply with only the single capital letter (A or B) corresponding to the correct answer.
",52.0
Laura decided to crochet a cellphone pouch for Elena for their birthday. _ is the gift receiver.,Laura,Elena,B,"Sentence:
""Laura decided to crochet a cellphone pouch for Elena for their birthday. _ is the gift receiver.""

Options:
A. Laura
B. Elena

Reply with only the single capital letter (A or B) corresponding to the correct answer.
",52.0
The man bought his girlfriend roses instead of carnations because she was allergic to the _ .,carnations,roses,A,"Sentence:
""The man bought his girlfriend roses instead of carnations because she was allergic to the _ .""

Options:
A. carnations
B. roses

Reply with only the single capital letter (A or B) corresponding to the correct answer.
",52.0
The winner of the cupcake contest was Felicia and not Katrina because _ was irresolute.,Felicia,Katrina,B,"Sentence:
""The winner of the cupcake contest was Felicia and not Katrina because _ was irresolute.""

Options:
A. Felicia
B. Katrina

Reply with only the single capital letter (A or B) corresponding to the correct answer.
",52.0
Justin found cleaning the oven to be a chore so Joseph bought him oven cleaner since _ complains.,Justin,Joseph,A,"Sentence:
""Justin found cleaning the oven to be a chore so Joseph bought him oven cleaner since _ complains.""

Options:
A. Justin
B. Joseph

Reply with only the single capital letter (A or B) corresponding to the correct answer.
",52.0
