ind,activity_label,ctx,answer,final_prompt,len_tk_mistral_7b_base
25.0,Health,"[header] How to decrease anxiety and depression [title] Question why you think you have anxiety and depression. [step] Anxiety and depression can either come out of the blue or be a result of a traumatic event. Do you have anxiety and depression in your family? If so, this could be genetic.",B,"Context:
""[header] How to decrease anxiety and depression [title] Question why you think you have anxiety and depression. [step] Anxiety and depression can either come out of the blue or be a result of a traumatic event. Do you have anxiety and depression in your family? If so, this could be genetic.""

Which of the following endings best completes the context?

Choices:
A. If you think you have a "" family "" disorder, then this could be a symptom of some other disorder. [substeps] Listen carefully to whether or not you are having anxiety or depression.
B. Have you had any traumatic events happen to you before you started feeling down? Examples are deaths of people close to you, abusive relationships, or other negative life-changing events. [title] After confronting the reason why you have anxiety and depression, realize you may have to seek professional help.
C. If you've lived with or had a family history of anxiety, however, this may be genetics. [substeps] Mental illnesses that can cause anxiety include high blood pressure, depression, sexual fixation, neurosis, cancer, astigmatism, arterial disorders, bipolar disorder, cancer or other conditions.
D. You may also have a mental disorder known as "" jailbreaking. "" this reinforces cyberbullying, abuses the government to harass you, or acts on your behalf in the name of good behavior.

Reply with exactly one uppercase letter out of A, B, C, or D.
",338
14198.0,Health,"[header] How to deal with erectile dysfunction in a relationship [title] Empathize with each other. [step] Erectile dysfunction can affect each partner. If you're the partner with ed, recognize that changes to sex might be alarming or different for your partner.",A,"Context:
""[header] How to deal with erectile dysfunction in a relationship [title] Empathize with each other. [step] Erectile dysfunction can affect each partner. If you're the partner with ed, recognize that changes to sex might be alarming or different for your partner.""

Which of the following endings best completes the context?

Choices:
A. If you're the partner to someone with ed, recognize how they might feel about their dysfunction and how that might affect their self-esteem or desire to engage in sex. Be loving and empathetic to one another and recognize each other's struggles.
B. Sometimes, ed may actually be extremely difficult to deal with. Identify ways that you and your partner can cope better with this major change and allow yourselves to work out a system that works for both of you.
C. It's normal to experience both hormonal and physical changes due to ed. Conversely, if you're the one struggling with ed, you and your partner should be understanding and supportive of each other's needs and desires.
D. Accept that this may change before you start to love each other again. [substeps] Tell one another how much you love each other, and explain why any issues need to be resolved.

Reply with exactly one uppercase letter out of A, B, C, or D.
",302
10285.0,Pets and Animals,"[header] How to make your cat its own herb garden [title] Select basil, catnip, rosemary, lemon grass, lemon scented basil, lemon verbena and other scented, edible herbs. [step] Ensure that the herbs can grow in your area and climate. [title] Have potting soil, or any kind of garden soil suited for herbs.",A,"Context:
""[header] How to make your cat its own herb garden [title] Select basil, catnip, rosemary, lemon grass, lemon scented basil, lemon verbena and other scented, edible herbs. [step] Ensure that the herbs can grow in your area and climate. [title] Have potting soil, or any kind of garden soil suited for herbs.""

Which of the following endings best completes the context?

Choices:
A. [title] Use a small garden/digging shovel to dig holes deep enough for your herbs. [title] Grab the bag of soil and pour some in, then pat it against the ground.
B. [step] Mix 2 to 3 times a week, and keep a water bucket so that the soil stays clean. [title] Give your cat ready-to-use houseplants every 3 months or so.
C. [step] It needs to be large enough so that it provides plenty of room for all of the herbs to grow. When you soil is the warmest you have a significant barrier against the cold and wind that commonly occurs in winter, though not as much as full sun.
D. [step] You can even use plant materials that are meant for basil. [title] Pasteurize mint for 30 minutes in a pot with 2 to 3 inches of water.

Reply with exactly one uppercase letter out of A, B, C, or D.
",330
3414.0,Computers and Electronics,"[header] How to save money on your cell phone bill [title] Purchase the cell phone that is right for you, based on how you plan to use it. [title] Purchase the plan that is right for you, based on your minute usage. [step] If you don't use very many minutes, or use your phone mostly in the evening or on the weekend, choose a plan that provides minutes during the time you use it.",B,"Context:
""[header] How to save money on your cell phone bill [title] Purchase the cell phone that is right for you, based on how you plan to use it. [title] Purchase the plan that is right for you, based on your minute usage. [step] If you don't use very many minutes, or use your phone mostly in the evening or on the weekend, choose a plan that provides minutes during the time you use it.""

Which of the following endings best completes the context?

Choices:
A. This will prevent you from spending too much time on your cell phone like you would with your landline phone. [title] Save your daily usage for the day that you will use the cell phone.
B. If you rarely use your phone, consider a pay-as-you-go plan. [title] Trim the excess features from your phone.
C. You don't want to walk around a parking lot or mess with other people. [title] Locate a cell phone company that sells prepaid phones.
D. [title] Purchase the plan that features an automatic stop option. [step] Automatic stops are popular when you're traveling so that drivers and passengers don't need a taxi to get around.

Reply with exactly one uppercase letter out of A, B, C, or D.
",296
6480.0,Health,"[header] How to sleep after a cervical neck surgery [title] Sit on the edge of the bed. [step] Getting in bed must be done carefully, as you do not want to put your neck at risk of injury. Start by sitting down on the edge of the bed, about halfway down the bed.",B,"Context:
""[header] How to sleep after a cervical neck surgery [title] Sit on the edge of the bed. [step] Getting in bed must be done carefully, as you do not want to put your neck at risk of injury. Start by sitting down on the edge of the bed, about halfway down the bed.""

Which of the following endings best completes the context?

Choices:
A. [substeps] This way, you are less likely to get a shoulder bump. Make sure the front of your head and the side of your face are perpendicular to each other and that your knees are at the same height.
B. Put your feet firmly on the ground and keep your neck and back straight. [title] Lower yourself on your side, resting on your elbow.
C. If you have a stool or chair to sit on, set that down next to you. [title] Place your feet and knees on the bed floor in a row, palms facing upwards.
D. [title] Position your feet so that your toes are touching the bed, and your left foot is on the bed. [step] Keep your ankles together so that you cannot move your feet.

Reply with exactly one uppercase letter out of A, B, C, or D.
",283
14362.0,Computers and Electronics,"[header] How to use headphones on an iphone 7 [title] Locate your iphone's lightning port. [step] While the 3.5 millimeter headphone jack is gone, the traditional charging port--also known as the lighting port--is still at the bottom of your phone. You'll plug your lightning headphones cable into this slot.",A,"Context:
""[header] How to use headphones on an iphone 7 [title] Locate your iphone's lightning port. [step] While the 3.5 millimeter headphone jack is gone, the traditional charging port--also known as the lighting port--is still at the bottom of your phone. You'll plug your lightning headphones cable into this slot.""

Which of the following endings best completes the context?

Choices:
A. [title] Plug your headphones into the lightning port. [step] These should fit into the lightning port the same way your iphone 5 or 6 charger does.
B. [title] Insert the apple id box into the keyhole of the charging port. [step] You'll need this id space to plug your headphones into the neck of your iphone.
C. Set the cable end to a meter stick. Make sure the meter stick is pointed north.
D. [substeps] To obtain the lightning plugging port, first open the lotus screen on your iphone. Look for the box where the volume buttons are.

Reply with exactly one uppercase letter out of A, B, C, or D.
",270
3466.0,Home and Garden,"[header] How to clean tough stains from a bathtub [title] Avoid abrasive chemical cleaners. [step] When cleaning an acrylic bathtub, stay away from harsh astringent powders such as comet and ajax, as well as harsh chemicals like bleach. Acrylic is a soft material and is therefore easily damaged.",D,"Context:
""[header] How to clean tough stains from a bathtub [title] Avoid abrasive chemical cleaners. [step] When cleaning an acrylic bathtub, stay away from harsh astringent powders such as comet and ajax, as well as harsh chemicals like bleach. Acrylic is a soft material and is therefore easily damaged.""

Which of the following endings best completes the context?

Choices:
A. Always wash your skin after cleaning the stains. [title] Use a scouring agent for stubborn stains.
B. Even milder ones, like these, can do irreparable damage to your tub. The plastic or ceramic will not be able to handle harsh cleaners and will need to be dipped in a cleaning solution instead.
C. Always do a standard cleaning with saline soap and water. Avoid submerging the bowl in very hot water, as this can cause spillages or permanent damage.
D. These types of products are almost guaranteed to ruin your tub's finish. [substeps] It's generally a good idea to start with the gentlest cleaning solution available to you and work your way up to more powerful options if that doesn't work.

Reply with exactly one uppercase letter out of A, B, C, or D.
",293
25934.0,Pets and Animals,"[header] How to create a habitat for a toad [title] Make your garden safe for toads. [step] No matter how appealing and gorgeous your garden may be, if it is unsafe for toads, they are not likely to want to live there. Make your garden safe for toads by : [substeps] Providing cover.",A,"Context:
""[header] How to create a habitat for a toad [title] Make your garden safe for toads. [step] No matter how appealing and gorgeous your garden may be, if it is unsafe for toads, they are not likely to want to live there. Make your garden safe for toads by : [substeps] Providing cover.""

Which of the following endings best completes the context?

Choices:
A. Toads are very wary of predators like birds, snakes, and house pets, and they will avoid areas where they are likely to be a meal. You can create cover by providing bushes and other leafy plants for toads to hide.
B. Securing repellents against ticks, bugs, pests, or insect germs. Keeping your toad's enclosure well lit.
C. Toad cages are readily available and if one spot contains a toad, it can be set free. Attach the bars on the top side of the cage so that toads cannot jump out.
D. Toads don't like to be in enclosed spaces, so make your garden space accessible by covering ground at least 6 feet (1.2 m) deep, if possible. Avoid putting wood and tiles around your garden, and make sure pets don't enter.

Reply with exactly one uppercase letter out of A, B, C, or D.
",310
35196.0,Finance and Business,"[header] How to prepare to meet with a financial planner [title] Gather statements for all investment accounts. [step] Your financial planner will want to see how much you have saved, so gather the most recent statements for the following : [substeps] 401 (k) ira 529 savings plan savings account checking account investment accounts [title] List your assets. [step] In addition to your investment accounts, your financial planner will want to know what assets you currently own.",C,"Context:
""[header] How to prepare to meet with a financial planner [title] Gather statements for all investment accounts. [step] Your financial planner will want to see how much you have saved, so gather the most recent statements for the following : [substeps] 401 (k) ira 529 savings plan savings account checking account investment accounts [title] List your assets. [step] In addition to your investment accounts, your financial planner will want to know what assets you currently own.""

Which of the following endings best completes the context?

Choices:
A. Identify the items you do own and identify those that your financial planner wants to inspect. [substeps] List these with a cover letter included in the package.
B. Therefore, list all the things you have that you are currently using to earn money. Examples include cash, fixed assets, stocks, and bonds.
C. Write down your list of the following : [substeps] Your home other real estate your vehicles [title] Create a debt profile. [step] Your planner also needs to know what you currently have in debt.
D. You should write down all your secured assets, such as stocks, bonds, or real estate. Or list the items that you use to fund your other investments.

Reply with exactly one uppercase letter out of A, B, C, or D.
",304
41919.0,Food and Entertaining,"[header] How to play "" happy birthday "" on the piano [title] Locate middle c on the keyboard. [title] Place both your thumbs (right and left) on middle c, without playing a sound. [title] Play your fourth finger on your left hand twice, the g note.",C,"Context:
""[header] How to play "" happy birthday "" on the piano [title] Locate middle c on the keyboard. [title] Place both your thumbs (right and left) on middle c, without playing a sound. [title] Play your fourth finger on your left hand twice, the g note.""

Which of the following endings best completes the context?

Choices:
A. [title] Repeat steps 3-5 on the piano, then move your thumb toward left c twice. [title] This will sound silly at first, but can make perfect great music for the piano.
B. [step] This time, this will make the chord "" happy birthday "". [title] Place the first finger on c, then press the d key to turn right.
C. [title] Then quickly play your third finger down afterwards, a note. [title] After you have done that, play your fourth finger again (g).
D. [step] This key is located underneath the b string on the right-hand d gb. [title] The other key is the fifth note on the d string on the left-hand g.

Reply with exactly one uppercase letter out of A, B, C, or D.
",272
36813.0,Computers and Electronics,"[header] How to use the docusign template generator [title] Make sure that you have a pdf file with blank spaces for every section that you need filled in on the template. [title] Download the zip file for the generator. [step] This file will be called "" 3rd-party. Zip "" and you can save it to your desktop.",B,"Context:
""[header] How to use the docusign template generator [title] Make sure that you have a pdf file with blank spaces for every section that you need filled in on the template. [title] Download the zip file for the generator. [step] This file will be called "" 3rd-party. Zip "" and you can save it to your desktop.""

Which of the following endings best completes the context?

Choices:
A. This file will take some time to build for the generator. [title] Duplicate the zip file for each section you need to fill-up.
B. [title] Decompress the zip file, which will now be called "" lib "". [title] Download the jar file for the generator [step] .
C. Make sure that this version of the generator has both version 2.1 and 3.0 (4.7 for windows users). [title] Download the docmo template generator here : [step] For windows 7 there is a pretty straightforward download.
D. [title] Find the form you need for mcafee, and download the form for scaptotrace's template generator. [step] Please remember to download the form right from in the sources section as this will also be all that you will need.

Reply with exactly one uppercase letter out of A, B, C, or D.
",302
24514.0,Food and Entertaining,"[header] How to make bread and butter pudding [title] Lightly grease the inside of a 2-pint (1 litre) baking dish with butter. [step] If you'd like, you can sprinkle caster or superfine sugar inside the baking dish when you are done. [title] Prepare the bread slices.",A,"Context:
""[header] How to make bread and butter pudding [title] Lightly grease the inside of a 2-pint (1 litre) baking dish with butter. [step] If you'd like, you can sprinkle caster or superfine sugar inside the baking dish when you are done. [title] Prepare the bread slices.""

Which of the following endings best completes the context?

Choices:
A. [step] Cut the crusts off of the bread first, then spread the softened butter over one side of each slice. Cut each slice twice of bread to make four triangles.
B. [step] Combine 1 ½ pounds flour, ½ cup of baking powder, and ¾ cup of unsalted butter in a small bowl. Once combined, spread the mixture over the tops of the bread slices to achieve a thick dough.
C. [step] Lay the slices flat so that they are parallel to one another and slightly close together. Then, spread the butter out so that it covers all the bread slices.
D. [step] Making the bread by hand is more comfortable and fun. If your child can't do it on their own, use a smaller baking dish with clean plastic wrap, just enough to fit the slices.

Reply with exactly one uppercase letter out of A, B, C, or D.
",308
29992.0,Family Life,"[header] How to prevent a child's temper tantrums [title] Maintain daily routines. [step] Toddlers and preschoolers need to feel comfortable and secure, and they do not deal well with unpredictability. Keep things predictable by setting regular bedtimes and mealtimes.",A,"Context:
""[header] How to prevent a child's temper tantrums [title] Maintain daily routines. [step] Toddlers and preschoolers need to feel comfortable and secure, and they do not deal well with unpredictability. Keep things predictable by setting regular bedtimes and mealtimes.""

Which of the following endings best completes the context?

Choices:
A. Hunger and sleepiness are probably the most common triggers of tantrums, and these can largely be avoided by keeping a regular schedule. Try to wean toddlers off unscheduled naps, and minimize the occurrence of extended absences from familiar surroundings.
B. Try to allow earlier bedtimes and nights, which are not predictable, for toddlers. [substeps] Remember that exposing your toddler to activities her interest will enjoy for the most part or manipulating her mind and body can help reduce your child's frustration and frustration.
C. Be a role model for an toddler because these are a simple, relaxing process. [substeps] If no one is around, have a rule that consistently follows rules is mandatory in the education system.
D. Stick to changing the adults' bedtimes and routines. [substeps] Set a sleep schedule for your child that feels comfortable and like the normal bedtime.

Reply with exactly one uppercase letter out of A, B, C, or D.
",315
17332.0,Home and Garden,"[header] How to water indoor plants [title] Research your specific plants' needs. [step] Not every type of houseplant has the same watering needs, so educate yourself on the plants you have or are thinking of buying. Don't assume that every plant wants 1 quart of water every two days because all of your plants won't thrive like that.",B,"Context:
""[header] How to water indoor plants [title] Research your specific plants' needs. [step] Not every type of houseplant has the same watering needs, so educate yourself on the plants you have or are thinking of buying. Don't assume that every plant wants 1 quart of water every two days because all of your plants won't thrive like that.""

Which of the following endings best completes the context?

Choices:
A. Look at usda or an online research service to see what plants have the most water needs. If there are many different species of plants available, you may wish to do some research on the spot.
B. [substeps] Some may prefer to have their soil fairly dry most of the time, while others need it moist. Some may need the soil to dry out in between waterings.
C. [title] Calculate the number of indoor plants you want. [step] You can get a total of 3.5 inches (7.6 cm) per square foot of floor space or a saucer per l corner of your habitat.
D. There are lots of different types of plants, and your pollination pattern should be based around the entire variety. [substeps] Decide which plants really need water and which ones may need less or more water.

Reply with exactly one uppercase letter out of A, B, C, or D.
",306
49757.0,Health,"[header] How to get rid of head lice naturally [title] Wet-comb your hair. [step] Use a fine-toothed nit comb to comb the entire length of wet and lubricated hair. This may remove lice and some of their nits, or eggs, if done for several weeks.",C,"Context:
""[header] How to get rid of head lice naturally [title] Wet-comb your hair. [step] Use a fine-toothed nit comb to comb the entire length of wet and lubricated hair. This may remove lice and some of their nits, or eggs, if done for several weeks.""

Which of the following endings best completes the context?

Choices:
A. Apply a non-sulfurous rat-tail comb to the roots of your hair and section off as much hair as possible. In these days and ages, the rat-tail comb will not provide the same protection against lice and eggs as the non-sulfurous target.
B. [substeps] Other methods that may be responsible for detangling hair include combing it with a detangling spray or using wet hair shampoo. Some girls opt to leave their hair wet and then rinse out with water from before.
C. [substeps] Purchase a nit comb at a pharmacy, grocery store or another large retailer. Wet the hair with water and use something such as hair conditioner to lubricate it.
D. [substeps] If your hair is light, do not comb the rest of your hair, as the hairs could clump together while you comb. If it is short hair, use a fine toothed comb.

Reply with exactly one uppercase letter out of A, B, C, or D.
",324
10836.0,Food and Entertaining,"[header] How to make rainbow cupcakes with rainbow frosting [title] Preheat the oven to 350 degrees fahrenheit or 176 degrees celsius. [title] Place 24 cupcake liners onto a cupcake tray. [title] In a large bowl, cream the butter and sugar until light and fluffy.",C,"Context:
""[header] How to make rainbow cupcakes with rainbow frosting [title] Preheat the oven to 350 degrees fahrenheit or 176 degrees celsius. [title] Place 24 cupcake liners onto a cupcake tray. [title] In a large bowl, cream the butter and sugar until light and fluffy.""

Which of the following endings best completes the context?

Choices:
A. [title] Beat the eggs with the spoon until light and fluffy in taste. [title] Spread the frosting over the cupcake trays.
B. [title] Add the 3 sides of each cupcake and finally the vanilla extract. [title] In another small bowl, mix the flour and baking powder, and confectioners' sugar.
C. [step] Beat for about 2-3 minutes. [title] Pour in the vanilla extract and egg whites.
D. [title] Add the remaining 10 chocolate chips, teaspoons of baking powder, and half of the powdered sugar to the flour mixture. [title] Add the vanilla extract and the honey to the butter mixture.

Reply with exactly one uppercase letter out of A, B, C, or D.
",288
8963.0,Relationships,"[header] How to make your ex girlfriend want you again [title] Try the no contact rule. [step] Determine a set amount of time where you will no longer interact with your ex. This includes phone calls, text messages, social media, and in person meetings.",A,"Context:
""[header] How to make your ex girlfriend want you again [title] Try the no contact rule. [step] Determine a set amount of time where you will no longer interact with your ex. This includes phone calls, text messages, social media, and in person meetings.""

Which of the following endings best completes the context?

Choices:
A. You are not to initiate contact or respond to her at all. This will give both of you space to heal and work out your feelings.
B. A few days is a good range if you are unable to talk to your ex again, unless you plan to contact her again. [substeps] Give your friend or family member a call if your ex calls you.
C. Taking the time to truly acknowledge the situation can be difficult, but it can be a good idea in the beginning. This will give you time to ensure you are not leaving someone on the rebound.
D. You want to know where she works, where she spends most of her time, and who she hangs out with. Not all relationships work for the same person, and some people may not want to spend time with you more than once during breaks or weekends.

Reply with exactly one uppercase letter out of A, B, C, or D.
",282
28714.0,Pets and Animals,"[header] How to apply a horse tail bandage [title] Use only tools and products that are meant for your horse's tail. [step] Don't use products meant for humans, like human hair brushes. Use a wide-toothed horse comb to comb out your horse's tail and gently remove debris and knots.",A,"Context:
""[header] How to apply a horse tail bandage [title] Use only tools and products that are meant for your horse's tail. [step] Don't use products meant for humans, like human hair brushes. Use a wide-toothed horse comb to comb out your horse's tail and gently remove debris and knots.""

Which of the following endings best completes the context?

Choices:
A. [substeps] You might even consider using only your fingers to detangle your horse's tail. Combing and brushing could cause hair to be pulled out, which could hinder the growth of your horse's tail.
B. Do not rub your horse's tail as you use these products. It will cause the bandage to undo and the bandage will get dirty.
C. [title] Clean the injured area with an ointment. [step] After removing any remaining debris, roll the injured injury over in your hand.
D. If your horse is already knotted, you might consider using a cut-off tail band instead. However, this is a medical emergency and is not a necessary part of the bonding process.

Reply with exactly one uppercase letter out of A, B, C, or D.
",278
2309.0,Home and Garden,"[header] How to get rid of garden moles [title] Place toxic baits in the tunnels. [step] Toxic baits will resemble earthworms, which are the mole's primary food source. Find a tunnel running through your garden and dig into it.",B,"Context:
""[header] How to get rid of garden moles [title] Place toxic baits in the tunnels. [step] Toxic baits will resemble earthworms, which are the mole's primary food source. Find a tunnel running through your garden and dig into it.""

Which of the following endings best completes the context?

Choices:
A. You can dig once each day for best results. [substeps] Check your hardware store for toxic baits, as your kids will enjoy using your toy to dig into the tunnel on their own.
B. Drop 1 of the baits into the tunnel and then fill in the hole you dug. Place 3 or 4 baits throughout the tunnel or near exposed molehills.
C. The mole needs to climb through your tunnel so earthworms have to climb out and the dead mole can die. [substeps] Be sure to always draw the tunnel away from the area where you keep your moles.
D. This is best done in garden or backyard moles. [substeps] If a mole is caught on a ledge, such as a window ledge, this will block the mole's opportunity to escape.

Reply with exactly one uppercase letter out of A, B, C, or D.
",291
18660.0,Finance and Business,[header] How to get your house appraised [title] Contact your state agency that licenses appraisers. [step] All states require appraisers to be state licensed or certified in order to provide appraisals to lenders regulated by the federal government. [title] Locate a qualified appraiser in your area.,D,"Context:
""[header] How to get your house appraised [title] Contact your state agency that licenses appraisers. [step] All states require appraisers to be state licensed or certified in order to provide appraisals to lenders regulated by the federal government. [title] Locate a qualified appraiser in your area.""

Which of the following endings best completes the context?

Choices:
A. [step] One of the biggest drawbacks of tracking down an appraiser is that some states may not offer the licenses or certifications required to do this. Use the website of your state agency to find a certified appraiser through the national association of appraisers.
B. [step] It may be worth it to go and talk with a qualified appraiser, preferably a tax professional you trust. [title] Find a residential appraiser who specializes in home appraisals for your home.
C. [step] Because the sale of real estate is generally low-income, the appraiser who evaluates a real estate sale likely has customers asking about bids. To find a qualified appraiser, search the internet and check your state's government.
D. [step] One way to do this is by using reliable online resources, such as. These sites usually offer a variety of ways to search for a local licensed or certified appraiser.

Reply with exactly one uppercase letter out of A, B, C, or D.
",324
13280.0,Family Life,[header] How to help your child sleep on a plane [title] Book red eye flights and night flights. [step] Night flights are considered the last flights that leave the airport for the day; red eye flights are the flights that leave at night and do not land at their destination until the next morning. These types of flights are recommended because your child will already be sleepy and less stimulated because it is nighttime.,B,"Context:
""[header] How to help your child sleep on a plane [title] Book red eye flights and night flights. [step] Night flights are considered the last flights that leave the airport for the day; red eye flights are the flights that leave at night and do not land at their destination until the next morning. These types of flights are recommended because your child will already be sleepy and less stimulated because it is nighttime.""

Which of the following endings best completes the context?

Choices:
A. Landing times are also dependent on your budget. Ask your child's airline what airline is the best for your child.
B. [substeps] Pick out a window seat for your child. Your child will feel more protected because she gets to sit between you and a wall.
C. If this is not a concern, you can book flights and types of flights based on your kid's needs. [substeps] Prioritize your priorities in connecting to your kids.
D. The flight will arrive at the destination between 10 a.m. and 9 p.m.; however, this is not a best time to book.

Reply with exactly one uppercase letter out of A, B, C, or D.
",272
27009.0,Health,"[header] How to stay away from germs [title] Keep hand sanitizer in your purse, your pocket, etc. [step] As much as possible. If you need to touch something you don't feel comfortable with, sanitize your hands afterwards [title] Shake hands only when absolutely necessary to be polite.",A,"Context:
""[header] How to stay away from germs [title] Keep hand sanitizer in your purse, your pocket, etc. [step] As much as possible. If you need to touch something you don't feel comfortable with, sanitize your hands afterwards [title] Shake hands only when absolutely necessary to be polite.""

Which of the following endings best completes the context?

Choices:
A. [step] Hands are one of the dirtiest areas on the body. Especially avoid shaking hands with someone who appears sick (coughing, sneezing, wheezing, etc).
B. [step] Always shake hands at least once with strangers. This could be when you're in the middle of a conversation, when a date is approaching, or when running into someone standing in front of you.
C. [step] Hand sanitizers might sound odd, but they are actually quite safe and nothing else. Do not touch purses unless it is absolutely necessary to make an effort.
D. [step] The body's immune system is weak enough without any technology as effective at keeping germs from popping up. [substeps] Shaking hands is the only thing that's important while outside and in a public place.

Reply with exactly one uppercase letter out of A, B, C, or D.
",295
22918.0,Food and Entertaining,"[header] How to make cheeseburger soup [title] Preheat the oven. [step] To toast the hamburger buns for the crouton topping, the oven must be hot enough. Set the temperature to 400 degrees fahrenheit (200 degrees celsius), and allow it to fully preheat.",D,"Context:
""[header] How to make cheeseburger soup [title] Preheat the oven. [step] To toast the hamburger buns for the crouton topping, the oven must be hot enough. Set the temperature to 400 degrees fahrenheit (200 degrees celsius), and allow it to fully preheat.""

Which of the following endings best completes the context?

Choices:
A. The easiest way to tell when it is hot enough is to check the thermometer. [substeps] If the thermometer reads between 1600º f (3 degrees celsius) and 315 ° f (121 ° c) then it is hot enough.
B. Bake them for approximately 30 to 45 minutes, or until the buns are golden brown and the consistency of peanut butter. [substeps] Check the temperature of the buns every 30 to 60 minutes while they're in the oven.
C. [substeps] If the oven is not preheated, it will be more difficult to make your sandwich chicken. If you cannot warm the chicken in the oven for an hour or more, you can call a friend to lend you their oven.
D. [substeps] If you prefer, you can toast the buns in a toaster oven rather than a standard oven. [title] Spread the bun pieces out on a baking sheet.

Reply with exactly one uppercase letter out of A, B, C, or D.
",347
11317.0,Home and Garden,"[header] How to clean a water filter [title] Shut off the water. [step] You'll have a valve on the way to your water filter. That valve needs to be turned, usually so it's running perpendicular to the pipe rather than parallel, but yours may be different.",C,"Context:
""[header] How to clean a water filter [title] Shut off the water. [step] You'll have a valve on the way to your water filter. That valve needs to be turned, usually so it's running perpendicular to the pipe rather than parallel, but yours may be different.""

Which of the following endings best completes the context?

Choices:
A. Regardless, you may have a valve with a warning notice that says, "" water meter malfunction "" or you may be sending in the correct water meter for your water meter. [substeps] When tapping the valve, press the "" manual "" switch to turn the dial off.
B. [substeps] Some coolers stand off to the side. One valve also provides a running start while making it start once you turn the water on.
C. Also, you may need to isolate the water filter globe by turning another valve. [substeps] Some filters will need to be depressurized.
D. You can leave the valve closed if you wish. [substeps] If there's a tube that goes into the water system system, it's usually held in place with safety staples.

Reply with exactly one uppercase letter out of A, B, C, or D.
",290
1628.0,Finance and Business,"[header] How to find a great job during a recession [title] Understand your skills and qualifications. [step] Although the economy as a whole suffers during a recession, there are always exceptions to the trend. When you are looking to change jobs, try to target industries on the rise.",C,"Context:
""[header] How to find a great job during a recession [title] Understand your skills and qualifications. [step] Although the economy as a whole suffers during a recession, there are always exceptions to the trend. When you are looking to change jobs, try to target industries on the rise.""

Which of the following endings best completes the context?

Choices:
A. [title] Research department businesses and industries in your area. [step] Since these businesses have fewer infrastructure bases, they're usually much more marketable if there is a larger area to work in.
B. You will do a better job adapting to the change. [substeps] A company's first line of focus might be transport.
C. Every industry requires a wide range of skills; chances are that you can find a fit for your skills somewhere. Understand that changing industries may mean relocating and new training.
D. [substeps] For example, to develop a customer base during a recession, you will need to have whatever skills you can effectively develop that you can use to effectively return revenue. Fortunately, there are lots of great jobs available to you even during recession.

Reply with exactly one uppercase letter out of A, B, C, or D.
",281
2503.0,Computers and Electronics,"[header] How to get along with roommates in your apartment [title] Respect each other's property. [step] This may sound basic, but there are certain liberties people can take with their own family that they can't with others. While your mother had an open pantry and your siblings didn't mind sharing their clothes, this may not fly in an apartment arrangement.",C,"Context:
""[header] How to get along with roommates in your apartment [title] Respect each other's property. [step] This may sound basic, but there are certain liberties people can take with their own family that they can't with others. While your mother had an open pantry and your siblings didn't mind sharing their clothes, this may not fly in an apartment arrangement.""

Which of the following endings best completes the context?

Choices:
A. However, as a roommate, you want to attend to your own needs, too. [substeps] Common household household rules may include: no watching television or computers during the day, no watching hot dogs, and not watching power plays during meals.
B. Sharing basic steps together at home often also makes it much easier to stick together as roommates. [substeps] Don't assume that you are a student or that you are suddenly both a stranger.
C. Some people are guarded of their possessions, and rightly so. Establish the boundaries early-is it acceptable to borrow clothes, browse through each other's music collection, use somebody else's personal computer, etc.
D. Be respectful of each other's possessions so that you can complement each other and bond. [substeps] Take offense to your roommate's bad behavior when they make fun of him or her.

Reply with exactly one uppercase letter out of A, B, C, or D.
",323
48788.0,Relationships,"[header] How to ask permission from a girl's father to date her [title] Show your interest. [step] Before you ever talk to her father, you need to show the girl you're interested and find out if she's interested in you. If you haven't established that you both like each other, she's probably going to find it off-putting that you asked her dad permission before you asked her.",A,"Context:
""[header] How to ask permission from a girl's father to date her [title] Show your interest. [step] Before you ever talk to her father, you need to show the girl you're interested and find out if she's interested in you. If you haven't established that you both like each other, she's probably going to find it off-putting that you asked her dad permission before you asked her.""

Which of the following endings best completes the context?

Choices:
A. [substeps] If you don't know how to start a relationship, start just by talking to her. Find common ground, or use the classes or surrounding environment to strike up a conversation.
B. Don't stand by and wait around to see if she shares your interest. After she's seen that you're interested, explain why you're interested.
C. Introduce yourself by saying "" hi, i'm john. I was wondering if you thought we'd start something off by hanging out sometime.
D. Show an interest in her father, too, and see if she likes you for who you are. [substeps] Try calling her at ten in the morning and say, "" hi, amy.

Reply with exactly one uppercase letter out of A, B, C, or D.
",296
2126.0,Pets and Animals,"[header] How to care for winter white dwarf hamsters [title] Get a suitable cage. [step] The minimum cage size for one hamster is 450 square inches of floor space. It is recommended that you have cages larger than that, though.",B,"Context:
""[header] How to care for winter white dwarf hamsters [title] Get a suitable cage. [step] The minimum cage size for one hamster is 450 square inches of floor space. It is recommended that you have cages larger than that, though.""

Which of the following endings best completes the context?

Choices:
A. Older hamsters, who do not have fur on their coats will need more space. [substeps] Wear the right clothing and toys when your hamster is in a cage.
B. Preferably buy or make a cage larger than 600 square inches. This might sound like a lot, but imagine being trapped in a room your whole life.
C. [title] Two or three hamsters is always good. [step] Two hamsters can be territorial and they can't go after each other if they are separated.
D. [title] Choose a 30-gallon (45.7 l) tank. [step] Dwarf hamsters are relatively small and can only live for at least 1-1.4 hours.

Reply with exactly one uppercase letter out of A, B, C, or D.
",271
18708.0,Food and Entertaining,"[header] How to get soft heels [title] Soak feet in warm water. [step] Use your bathtub, or fill a container large enough to submerge your feet in. Soaking your feet in warm water will benefit your feet in a handful of different ways, such as hydrating your skin, soothing any foot pain, and getting them ready to be exfoliated.",B,"Context:
""[header] How to get soft heels [title] Soak feet in warm water. [step] Use your bathtub, or fill a container large enough to submerge your feet in. Soaking your feet in warm water will benefit your feet in a handful of different ways, such as hydrating your skin, soothing any foot pain, and getting them ready to be exfoliated.""

Which of the following endings best completes the context?

Choices:
A. Use your feet for a one-way bath. This is a low-impact, one-way bath that removes minerals you may have been keeping away.
B. [substeps] Try putting some epsom salt into your foot bath. Epsom salt is used for a number of conditions, but it can help your dry heels by soothing the dry skin and killing off bacteria or funguses that might be in the skin.
C. [substeps] Fill a bowl or bucket with lukewarm water and a bit of detergent. Lower your feet (or feet in that bucket) in that water for 2-3 minutes.
D. You can also try a foot soak at home to hydrate yourself and help keep your feet soft and supple. [substeps] To do a foot soak, fill your bathtub to the top with water.

Reply with exactly one uppercase letter out of A, B, C, or D.
",319
1913.0,Education and Communications,"[header] How to cope with having a lisp [title] Notice if your tongue protrudes between your two front teeth. [step] This is called an interdental lisp. When you have this kind of lisp, you make the "" th "" sound for "" s "" and "" z "" sounds in words when you speak.",B,"Context:
""[header] How to cope with having a lisp [title] Notice if your tongue protrudes between your two front teeth. [step] This is called an interdental lisp. When you have this kind of lisp, you make the "" th "" sound for "" s "" and "" z "" sounds in words when you speak.""

Which of the following endings best completes the context?

Choices:
A. Your tongue should protrude through both your front teeth. They should go from right under your top top gum to the gap between them, as if your tongue was hanging out behind your whole mouth.
B. Interdental lisps often occur in young children and can be corrected if caught early enough. [title] Check if your tongue touches your two front teeth.
C. This can happen while you are watching tv or having a drink. [substeps] This type of lisp appears to have a sharp "" ch "" sound when your tongue protrudes, as opposed to a flat one.
D. [title] Examine the bottom edge of your tongue. [step] At the base of each tooth, you might notice a smaller border.

Reply with exactly one uppercase letter out of A, B, C, or D.
",277
40526.0,Food and Entertaining,"[header] How to deep fry bacon [title] Fill a fryer or deep pan with oil. [step] Start by turning on your deep fryer, or finding a pan that's spacious enough to completely submerge the bacon in. Fill the pan or fryer with about 2 cups of vegetable or canola oil.",B,"Context:
""[header] How to deep fry bacon [title] Fill a fryer or deep pan with oil. [step] Start by turning on your deep fryer, or finding a pan that's spacious enough to completely submerge the bacon in. Fill the pan or fryer with about 2 cups of vegetable or canola oil.""

Which of the following endings best completes the context?

Choices:
A. [substeps] Don't use butter, margarine, sodium hydroxide, or other oils from the grocery store. You should still use oil from the microwave, skillet, or any heat source, as these will feel very hot.
B. The bottom of the cooking surface should be covered with a couple inches of oil. [substeps] A deep fryer with a built-in basket will make this type of culinary project much easier, but it is not a requirement.
C. Make sure the oil you use is light and else it will be difficult to fry the bacon. [substeps] For a deep fryer, use a conventional fryer or an inch fryer.
D. [substeps] Make sure that there is at least 6 inches (15 cm) of space in between the bottom of the fryer and the inner of the fryer tray. Do not use skim or pre-moist oil, which will give you better results.

Reply with exactly one uppercase letter out of A, B, C, or D.
",342
38157.0,Health,[header] How to understand and accept a person with tourette's syndrome [title] Do some research at a local library or on the internet. [step] The website tsa-usa. Org is a great place to start. [title] Look for signs of tourette's syndrome.,C,"Context:
""[header] How to understand and accept a person with tourette's syndrome [title] Do some research at a local library or on the internet. [step] The website tsa-usa. Org is a great place to start. [title] Look for signs of tourette's syndrome.""

Which of the following endings best completes the context?

Choices:
A. [step] Signs are very important, especially those mood-related. [title] Recognize that he may have a tourette's disorder.
B. [step] These include a lot of blurred vision, no color on one side of the face, blurred speech, difficulty answering words or only showing concrete details. One of these signs is the inability to see any of the characters' faces.
C. [step] When first meeting someone with this neurological disorder, it may or may not be clear that this person has ts. Some cases are very mild and only include motor or vocal tics.
D. [step] Tourette's syndrome impacts those types of people, often like loved ones and significant peers, that are unable to see their diagnosis. [substeps] Headings and colors are especially linked to the appearance of tourette's.

Reply with exactly one uppercase letter out of A, B, C, or D.
",301
14195.0,Travel,"[header] How to file a quitclaim deed in nevada [title] Find sample forms. [step] You can find many quitclaim deeds on the internet. If you want to use one, then print it off and fill out the requested information.",A,"Context:
""[header] How to file a quitclaim deed in nevada [title] Find sample forms. [step] You can find many quitclaim deeds on the internet. If you want to use one, then print it off and fill out the requested information.""

Which of the following endings best completes the context?

Choices:
A. You can also hire an attorney to draft your quitclaim deed. [substeps] You can find a sample quitclaim deed here: https: // nevadaescrowofficer.com/downloads/sample-nevada-quitclaim-deed.
B. You also can use forms from another country. Your county office should have sample forms you can use.
C. You should check with your lawyer before beginning a quitclaim deed because one type of information is potentially the most important. [substeps] You can locate sample forms by calling up your lawyer and asking him or her to review all of the forms.
D. From the forms page, enter your state or zip code along with the date the record was published in the space provided. However, there are several forms you can use instead : [substeps] Form i-9434.

Reply with exactly one uppercase letter out of A, B, C, or D.
",288
41446.0,Computers and Electronics,"[header] How to trace an image using inkscape [title] Import your image. [step] Click "" file "" on the menu bar, and then select "" import. "" [title] Open the tracing tool.",C,"Context:
""[header] How to trace an image using inkscape [title] Import your image. [step] Click "" file "" on the menu bar, and then select "" import. "" [title] Open the tracing tool.""

Which of the following endings best completes the context?

Choices:
A. [step] It's the image which you'll need to import on inkscape (or another image of your choice). [substeps] Alternatively, you can use a microsoft copy of the original image.
B. [step] Press alt + r (mac) or shift + x (pc) to open the drawing tool. [title] Trace your image onto a sheet of microsoft color paper.
C. [step] To open inkscape's tracing engine, click "" path "" on the menu bar, then select "" trace bitmap. "" [title] Choose between single and multiple scans.
D. [step] This tool will allow you to change the white background into a black and white background. You can also add more areas, such as sectors and quadrants, if desired.

Reply with exactly one uppercase letter out of A, B, C, or D.
",262
27298.0,Playing squash,"Two men play wall tennis in a gym room with hardwood floors and a glass wall. Two men are in a gym room alone, together, wearing black gym shorts and t-shirts. the two men",A,"Context:
""Two men play wall tennis in a gym room with hardwood floors and a glass wall. Two men are in a gym room alone, together, wearing black gym shorts and t-shirts. the two men""

Which of the following endings best completes the context?

Choices:
A. begin to play wall tennis hitting the tennis ball against the wall back and forth.
B. play wall tennis as they discuss strategies, as people talk in the background, after, the other man speaks to an unseen person about left serves and right serves, and the other man talks to an unseen person about left serves.
C. are arm wrestling on the floor when a ball smashes into the wall behind them, then a male and a female ninja move in and kicks one man while papers are tossed over the arm of the man in the left side.
D. point ua guns to each other is painful and any attempt to reach for the other man clothing is hit with a ball.

Reply with exactly one uppercase letter out of A, B, C, or D.
",237
49650.0,Computers and Electronics,"[header] How to do cheetah print nails [title] Look for black, brown, and beige nail polish. [step] To create the full cheetah print effect on your nails, you will need to get nail polish that is black, brown, and beige. These three colors together will create a fun cheetah print.",D,"Context:
""[header] How to do cheetah print nails [title] Look for black, brown, and beige nail polish. [step] To create the full cheetah print effect on your nails, you will need to get nail polish that is black, brown, and beige. These three colors together will create a fun cheetah print.""

Which of the following endings best completes the context?

Choices:
A. If you really want the cheetah print to be a permanent thing, you will need to get nail polish that is specifically made for this color scheme. [substeps] You can find nail polish products that are similar to the colors of your nails online or at your local hardware store.
B. For best results you should go for black, brown, and beige. [substeps] For example, if you have black nail polish, your dominant nail polish color for this project should be black, brown, and beige.
C. [substeps] Create the upper edge of each nail by using your hands to create a two-dimensional layer of polish on each nail. As you do so, periodically swipe the polish in upward strokes on each nail, as well as along each nail's edge.
D. [substeps] You can substitute the beige for a gold or cream color, based on your preference. If you would like a more colorful cheetah print, you could use a bright color like pink or blue instead of the beige.

Reply with exactly one uppercase letter out of A, B, C, or D.
",351
21257.0,Computers and Electronics,"[header] How to remove ads from pandora [title] Install the adblock plus extension in your web browser of choice. [step] Your browser will be automatically detected and displayed in the "" install "" button on the website. [substeps] In order to use ad blocking software on a mobile device, you must first root or jailbreak it.",A,"Context:
""[header] How to remove ads from pandora [title] Install the adblock plus extension in your web browser of choice. [step] Your browser will be automatically detected and displayed in the "" install "" button on the website. [substeps] In order to use ad blocking software on a mobile device, you must first root or jailbreak it.""

Which of the following endings best completes the context?

Choices:
A. Instead of a browser extension, you will need an adblocking app from f-droid or cydia. [title] Click "" add extension "" from the popup.
B. Here's how to attempt this : [title] Locate the adblock plus extension in your web browser. [step] There are two million adblock plus extensions, each of which has multiple application types to work with.
C. Rooting is likely to remove all future ads on your site. If you already have the indexing file in your web browser, rooting it will simply remove the ad from your page.
D. To successfully install an adblock plus extension you must have permission. If the adblock plus extension is not separate from another extension on your device, you cannot manually remove ads under that extension.

Reply with exactly one uppercase letter out of A, B, C, or D.
",289
7400.0,Food and Entertaining,"[header] How to chill champagne [title] Chill vintage champagne between 54 and 57 degrees fahrenheit. [step] Vintage champagne, which comes with years printed on the label, should be served between 54 and 57 degrees fahrenheit. This temperature is best achieved by using an ice bucket.",C,"Context:
""[header] How to chill champagne [title] Chill vintage champagne between 54 and 57 degrees fahrenheit. [step] Vintage champagne, which comes with years printed on the label, should be served between 54 and 57 degrees fahrenheit. This temperature is best achieved by using an ice bucket.""

Which of the following endings best completes the context?

Choices:
A. Only use cold tap water to chill the champagne. [substeps] You should not refrigerate the bottle-entire bottle will be damaged.
B. [substeps] You can stand straight next to the bucket or sit inside it. Keep a cup of ice in the bucket or in your fridge along with a nightlight that's been infused with a biodegradable freezer removable thermometer.
C. An ice bucket usually has a slightly warmer temperature than you would get in your fridge. [title] Fill a bucket with half ice and half water.
D. [substeps] To chill vintage champagne, put the bottle of champagne into the refrigerator overnight to properly chill it. If you stored your champagne in a plastic container, thaw it before freezing it.

Reply with exactly one uppercase letter out of A, B, C, or D.
",293
45997.0,Finance and Business,"[header] How to compare lot loans [title] Gather the details of your proposed loans, including the amount to be loaned, the loan's percentage of the purchase price, interest rates, loan fees and types. [title] List or highlight the important details from each loan proposal. [substeps] You can make your list on paper, with columns for each lender and the loan terms listed in order.",C,"Context:
""[header] How to compare lot loans [title] Gather the details of your proposed loans, including the amount to be loaned, the loan's percentage of the purchase price, interest rates, loan fees and types. [title] List or highlight the important details from each loan proposal. [substeps] You can make your list on paper, with columns for each lender and the loan terms listed in order.""

Which of the following endings best completes the context?

Choices:
A. [title] Highlight the date you want to put a lien on your loan. [step] Use an online to find the date at which you want to put a lien on your loan.
B. A good amount of statement isn't a percentage of the loan amount. For example, for a twelve month loan, you should write below $40 and not include a total amount.
C. You can also create your list in a spreadsheet, which may help you compare terms easier by using the sort and filter features. [title] Eliminate any loans that will not provide enough upfront capital for your proposed purchase.
D. You may refer to the lending institution you plan to use as it helps you calculate rate calculations. Points like these can help you in determining lower interest rate and rate your initial test loan.

Reply with exactly one uppercase letter out of A, B, C, or D.
",308
38715.0,Work World,[header] How to check a new york state nursing license [title] Get the nurse's correct name. [step] You will need the correct spelling of the nurse's name. Make sure it is the same spelling (and name) that nurse used when he or she got the license.,A,"Context:
""[header] How to check a new york state nursing license [title] Get the nurse's correct name. [step] You will need the correct spelling of the nurse's name. Make sure it is the same spelling (and name) that nurse used when he or she got the license.""

Which of the following endings best completes the context?

Choices:
A. [substeps] You can search with only 3 letters of each name (the first and last), but it's better to have the full name. If you're an employer, ask the nurse you are checking for this information.
B. [substeps] If you don't have the right spelling on your nursing license, the nurse may remove it and replace it with your maiden name. Depending on your state law, you cannot practice nursing.
C. [substeps] You cannot use her last name unless you have her full legal name instead of her first name. The name on a nursing license is the same as the name in the birth certificate itself.
D. [substeps] The nurse's name will remain the same, but dr. jane doe's name will be changed.

Reply with exactly one uppercase letter out of A, B, C, or D.
",285
20848.0,Work World,"[header] How to send a fax [title] Create the cover letter. [step] Fax machines are often shared by offices or several people within an office. Since anyone can see a fax sent to a fax machine, it is a good idea to include a cover letter.",B,"Context:
""[header] How to send a fax [title] Create the cover letter. [step] Fax machines are often shared by offices or several people within an office. Since anyone can see a fax sent to a fax machine, it is a good idea to include a cover letter.""

Which of the following endings best completes the context?

Choices:
A. Your cover letter should include your personal personal info, such as phone number and email address. [substeps] Write your name on the cover letter.
B. This will ensure that your fax gets to the correct person. [substeps] The cover letter includes information like the recipient's name, the content of the fax, and how many pages it includes.
C. [substeps] Include the mailing address of each person, including the fax number and fax country. Include information about the fax machine itself.
D. A cover letter should include : [substeps] The name of your fax machine company the name and type of the fax machine (the year it is made and the printer). The number of people you are sending the fax to.

Reply with exactly one uppercase letter out of A, B, C, or D.
",274
18467.0,Finance and Business,"[header] How to select a property tax attorney [title] Make a list of local tax attorneys. [step] Search online for tax attorneys, by typing in "" tax attorney "" and then your state. If you live in alabama, for example, you would type "" tax attorneys in alabama.",D,"Context:
""[header] How to select a property tax attorney [title] Make a list of local tax attorneys. [step] Search online for tax attorneys, by typing in "" tax attorney "" and then your state. If you live in alabama, for example, you would type "" tax attorneys in alabama.""

Which of the following endings best completes the context?

Choices:
A. "" if you live in california, then you would type "" california estate tax attorney "" and then your state. [title] Research your state's tax laws regarding real estate.
B. "" [substeps] Also compare attorneys in your area and see if one of their attorneys has experience representing clients, particularly ones most likely to be tax lawyers. Many attorneys take clients to court every other day or whenever they can make an appearance.
C. "" otherwise, visit the website of your city or county's attorney general and provide contact information. [substeps] Even if you live in a rural area, each state has its own website.
D. "" look for attorneys who have offices in your county or city. [substeps] You can also search through online phone directories, such as yellow pages, yellow book, or switchboard.

Reply with exactly one uppercase letter out of A, B, C, or D.
",293
47053.0,Personal Care and Style,[header] How to apply evening makeup [title] Wear dramatic eye shadow. [step] You may want to wear sparkling or glittery eye shadow at night because it will create a nice look when the lights dance off it. A smoky eye with gray or charcoal shadow is also a good choice for evening makeup.. [substeps] You could smooth lip balm or petroleum jelly on your lids before you apply shadow.,A,"Context:
""[header] How to apply evening makeup [title] Wear dramatic eye shadow. [step] You may want to wear sparkling or glittery eye shadow at night because it will create a nice look when the lights dance off it. A smoky eye with gray or charcoal shadow is also a good choice for evening makeup.. [substeps] You could smooth lip balm or petroleum jelly on your lids before you apply shadow.""

Which of the following endings best completes the context?

Choices:
A. This will make your shadow pop at night. You can get away with more vibrant eye shadow colors at night.
B. This provides a dewy, pretty look. [title] Consider eyeshadow for evening wearing.
C. This will help to moisturize your lips for the evening. Or you could skip the smoky eye altogether and use a darker shadow instead.
D. Try and apply a thin layer across your whole eyelid to highlight under eyes. Another option is to wear a lacy or strapless evening eye shadow to emulate daytime makeup.

Reply with exactly one uppercase letter out of A, B, C, or D.
",266
47762.0,Finance and Business,[header] How to start a tanning salon [title] Visit tanning salons. [step] Try out of few of the places in your area. Be honest about your desire to have your own tanning salon and ask the owner or manager about the tanning industry.,B,"Context:
""[header] How to start a tanning salon [title] Visit tanning salons. [step] Try out of few of the places in your area. Be honest about your desire to have your own tanning salon and ask the owner or manager about the tanning industry.""

Which of the following endings best completes the context?

Choices:
A. A young woman is likely to know these people. See if you can get services for free or charge an extra fee.
B. Find out about business risks, job satisfaction, and first steps in opening a tanning salon. Spend some time at the salon as part of your research.
C. Many are open for business during the summer, so it is not really necessary to see everything in a tanning salon. However, you can visit a few, to get a sense of what kinds of products they have and what supplies they sell.
D. Then you can look into pricing the salon and you'll have to talk to different employees and decide how much paint you should charge and what chemicals to use. Doing so will also give you a very good idea how much money you need to bring in for starting a salon.

Reply with exactly one uppercase letter out of A, B, C, or D.
",283
35927.0,Youth,"[header] How to use lemon juice in your beauty routine [title] Use lemon juice to remove blackheads if you have combination or oily skin. [step] Slice a lemon in half, remove the seeds and rub it in a circular motion around problem areas on your face. Wait five minutes and rinse with cold water.",B,"Context:
""[header] How to use lemon juice in your beauty routine [title] Use lemon juice to remove blackheads if you have combination or oily skin. [step] Slice a lemon in half, remove the seeds and rub it in a circular motion around problem areas on your face. Wait five minutes and rinse with cold water.""

Which of the following endings best completes the context?

Choices:
A. Use lemon juice all over your face in a face-to-face cleansing routine. [title] Use lemon juice to wash pimples.
B. [substeps] Lemon juice's high acid content and antibacterial properties can treat inflammation and help dissolve blackheads. Avoid this treatment if you have dry and sensitive skin, since a lemon's acid can cause redness and remove oil from the skin.
C. Repeat this three times a day while maintaining strict hygiene. [substeps] If you have oily skin, drink enough juice to cover your blackheads.
D. [substeps] Lemon juice can leave acne scars, so don't use it on combination skin. [title] Use lemon juice to gently wash your face.

Reply with exactly one uppercase letter out of A, B, C, or D.
",285
39842.0,Computers and Electronics,"[header] How to babysit a 1 year old girl all day and night [title] Get all the information about what the child likes. [step] Allergies, certain food she hates, and if she has any mental delays or physical differences from a typical 13 month old baby. Ask for emergency numbers because something might happen and you may need to contact the parents immediately.",C,"Context:
""[header] How to babysit a 1 year old girl all day and night [title] Get all the information about what the child likes. [step] Allergies, certain food she hates, and if she has any mental delays or physical differences from a typical 13 month old baby. Ask for emergency numbers because something might happen and you may need to contact the parents immediately.""

Which of the following endings best completes the context?

Choices:
A. It may be tempting to visit the hospital, see the doctor, get an accurate diagnosis, but you should do it carefully. The most important thing is that you get access to all of the information needed.
B. Ask your parents if the child will be fussing and asking for attention at a particular time. Other possible contact scenarios include if your daughter will be asking for help with school or other tasks, such as shopping.
C. [title] Arrive at the parents' house early and introduce yourself to the baby. [step] Allow her to become settled with you by holding her until the parents leave.
D. [substeps] If you are used to babysitting babies, you might want to take legal action. However, some babysitters are strictly part of the childcare field.

Reply with exactly one uppercase letter out of A, B, C, or D.
",300
39084.0,Computers and Electronics,"[header] How to find peers who are positive influences [title] Determine what you value. [step] Before you can find positive peers, you should figure out what you value. This helps you determine what you are looking for in other positive people.",D,"Context:
""[header] How to find peers who are positive influences [title] Determine what you value. [step] Before you can find positive peers, you should figure out what you value. This helps you determine what you are looking for in other positive people.""

Which of the following endings best completes the context?

Choices:
A. For example, can you feel satisfied with someone, likable, or supportive? Or does there have to be an aspect of the personality that is more desirable to you? Make a list of those qualities that you value the most. [substeps] This may also help you determine if you have positive traits and characteristics.
B. Make sure to read sources of peer peer help books or online websites to locate resources that can help you. These are books and websites that help positive individuals determine how they can express thoughts, feelings, ideas, issues, and passions.
C. [substeps] Values are things that you cherish that show that you believe in yourself. It may be a great friendship title, a style you love, or a certain trait of a certain other person.
D. Ask yourself what your values are, what you are interested in, and what you look for in positive interactions. [substeps] For example, you may want to write down your top five values, along with your top five characteristics you look for in other people.

Reply with exactly one uppercase letter out of A, B, C, or D.
",318
22043.0,Computers and Electronics,[header] How to make your pavers level [title] Excavate. [step] Before you can install pavers you need to excavate the area 6 to 8 inches (15. 2 to 20. 3 cm). [title] Use a level.,C,"Context:
""[header] How to make your pavers level [title] Excavate. [step] Before you can install pavers you need to excavate the area 6 to 8 inches (15. 2 to 20. 3 cm). [title] Use a level.""

Which of the following endings best completes the context?

Choices:
A. [step] A level means that you start at the center point in the soil. When you excavate the site, you dig around the desired level.
B. [step] Use a level to drill at the center of the raised paver. Drill slowly to prevent the paver from tipping over.
C. [step] Take a large square rod and run it over the excavated area to ensure that it is flat and level. If you feel it rising and falling you will need to readjust the soil surface to make it even.
D. [step] You can do this using a straightedge on the side of the tool bar, as long as it is big enough to hold the grit of your work and flush against the sharpened wood. Screw the level onto the top, or use a drawer, or use a vise, instead.

Reply with exactly one uppercase letter out of A, B, C, or D.
",294
1920.0,Food and Entertaining,"[header] How to make a healthy breakfast [title] Scramble some eggs in the microwave. [step] Believe it or not, you can actually make really good scrambled eggs in the microwave. [substeps] Beat together 2 eggs in a microwave-safe container.",D,"Context:
""[header] How to make a healthy breakfast [title] Scramble some eggs in the microwave. [step] Believe it or not, you can actually make really good scrambled eggs in the microwave. [substeps] Beat together 2 eggs in a microwave-safe container.""

Which of the following endings best completes the context?

Choices:
A. Wait until the eggs are completely coated in the egg yolk. Use a little more egg, to ensure you get the right amount of surface area, then use a whisk to gradually mix everything together.
B. Check the package or check the nutrition information. If the package says a recipe recommends the eggs are made with eggs that contain egg yolks, then you probably aren't making the right amount.
C. Transfer the mixture to a microwave-safe bowl. Microwave the eggs in 3 seconds intervals until the egg is lightly pink.
D. Add 1 handful of your favorite chopped veggies. Cherry tomatoes and sauteed spinach leaves work well, or you can use whatever veggies you have leftover from dinner the night before.

Reply with exactly one uppercase letter out of A, B, C, or D.
",281
20405.0,Personal Care and Style,"[header] How to have a relaxing spa day at home [title] Draw a hot bath. [step] Fill your tub with water at just the right temperature, whether you like it piping hot or just this side of warm. While the tub is filling, dim the lights and light some candles.",C,"Context:
""[header] How to have a relaxing spa day at home [title] Draw a hot bath. [step] Fill your tub with water at just the right temperature, whether you like it piping hot or just this side of warm. While the tub is filling, dim the lights and light some candles.""

Which of the following endings best completes the context?

Choices:
A. When you're already in your bath, take the time to try to read some books about the steps in a relaxing spa day. [substeps] Research bookstores and websites that sell relaxing spa supplies and see what they have in stock.
B. You can use any scented candles as long as they are soft and warm or subtle. Run your fingers over the surface of the water; you may even try adding some lavender or peppermint oil (to draw out scents as well).
C. Beyond that, you can help yourself relax even further by doing a few of your favorite things. For example , [substeps] Pour yourself a glass of wine, juice, tea, fruit punch or some water! Play music.
D. Massage your foot in a tub of your choice; as you are in it, mentally prepare yourself for relaxing. If you have tried other options, try taking a five minute break to relax, or sit in the tub for a good 10-15 minutes.

Reply with exactly one uppercase letter out of A, B, C, or D.
",327
36789.0,Food and Entertaining,"[header] How to improve motivation [title] Choose a mantra or set of mantras that motivate you. [step] You can create a mantra yourself or use a quote. Make a habit of saying your mantra aloud at scheduled times during the day, such as when you wake up, at lunch, or right before bed.",D,"Context:
""[header] How to improve motivation [title] Choose a mantra or set of mantras that motivate you. [step] You can create a mantra yourself or use a quote. Make a habit of saying your mantra aloud at scheduled times during the day, such as when you wake up, at lunch, or right before bed.""

Which of the following endings best completes the context?

Choices:
A. This can help cultivate a sense of purpose and confidence in yourself. [title] Keep a record of your positive experiences.
B. For example, you may quote, "" i must now be motivated, rooted, true, baptized, and eager to live. "" this is one of the most direct and powerful mantras.
C. You can also make it a bedtime reminder. [substeps] If you have trouble saying an effective mantra, try the general mantra exercises, such as 8 numbers across a row or repeating the five digit mantra five times.
D. It's also helpful to post your mantras. [substeps] Examples of great mantras include "" every day is a new beginning and a chance for change, "" "" i'm strong, powerful, and can achieve my goals, "" and "" if i believe it, i can achieve it.

Reply with exactly one uppercase letter out of A, B, C, or D.
",306
30044.0,Pets and Animals,"[header] How to treat trichomiasis in doves [title] Look for cheesy-looking lesions in the mouth. [step] Open your dove's mouth and take a close look at the lesions. If you see white, yellow, or brown, and cheesy-looking growths in the mouth, your dove may have canker.",B,"Context:
""[header] How to treat trichomiasis in doves [title] Look for cheesy-looking lesions in the mouth. [step] Open your dove's mouth and take a close look at the lesions. If you see white, yellow, or brown, and cheesy-looking growths in the mouth, your dove may have canker.""

Which of the following endings best completes the context?

Choices:
A. These growths are the early signs of canker. [substeps] If you see white, yellow, or brown growths, you are nursing your dove.
B. The growths look like nodules or ulcers at the back of the throat. As a result, your dove may have difficulty swallowing food.
C. Canker growths are painful and look like hail mary lesions. [substeps] False ce lesions are smaller than real ce lesions.
D. [title] Observe your dove's gums. [step] A healthy bird will chew into bite marks.

Reply with exactly one uppercase letter out of A, B, C, or D.
",257
26184.0,Food and Entertaining,[header] How to eat indian food with your hands [title] Wash your hands before you eat. [step] You want to ensure your hands are completely clean before you sit down for your meal. [title] Eat with your right hand only.,C,"Context:
""[header] How to eat indian food with your hands [title] Wash your hands before you eat. [step] You want to ensure your hands are completely clean before you sit down for your meal. [title] Eat with your right hand only.""

Which of the following endings best completes the context?

Choices:
A. [step] You'll want to pick that hand up and place it on your lap, right before you eat. The other hand remains upright; however, you can take it to your left side, if that's the way you like it.
B. [step] Eating with your left hand helps to maintain control of the nose, mouth, and throat. However, this doesn't mean you should eat with the left hand.
C. [step] In indian culture, the left hand is commonly viewed as dirty and unsanitary, and therefore rude to eat with. Avoid serving, eating, or touching any of the food with your left hand.
D. [step] This will help minimize your risk of choking on food that is outside of your hand reach. Additionally, keeping the palm of your right hand in your left hand will help prevent spreading food from your hand and throat to other parts of your body.

Reply with exactly one uppercase letter out of A, B, C, or D.
",296
4450.0,Health,"[header] How to disinfect drinking water in the wilderness [title] Pack the proper water purifying equipment and chemicals. [step] If you're backpacking you should have a high quality pump with a filter, and/or purifying tablets. [title] Immerse the end of the pump where water flows in in the clearest portion of the water source that you can see.",D,"Context:
""[header] How to disinfect drinking water in the wilderness [title] Pack the proper water purifying equipment and chemicals. [step] If you're backpacking you should have a high quality pump with a filter, and/or purifying tablets. [title] Immerse the end of the pump where water flows in in the clearest portion of the water source that you can see.""

Which of the following endings best completes the context?

Choices:
A. [title] Submerge the end of the pump (the end labeled "" water source "") in lukewarm water for at least an hour or two. [title] Squeeze several tablespoons of distilled water over the end of the pump.
B. [title] Use the pump's plug to compress water running into your opening. [title] Soak for at least 72 hours if you're doing it out in a helicopter.
C. [step] It's a good idea to hose the end dry to avoid diluting the water further as you go. [title] Keep the pump as far away from humans as possible while working.
D. [step] Deeper areas are preferable since it will be easier to draw out water. [title] Pump until your water container is full.

Reply with exactly one uppercase letter out of A, B, C, or D.
",310
45428.0,Home and Garden,[header] How to make a cat closet [title] Purchase four pieces of thick wood. [step] Either have the pieces cut into the same-sized squares at the hardware store or be able to do this at home. ( the squares should be large enough to form a little closet enclosure for the cat; take along measurements.,C,"Context:
""[header] How to make a cat closet [title] Purchase four pieces of thick wood. [step] Either have the pieces cut into the same-sized squares at the hardware store or be able to do this at home. ( the squares should be large enough to form a little closet enclosure for the cat; take along measurements.""

Which of the following endings best completes the context?

Choices:
A. ) if you're not finding the right size square, these will suffice. You'll want the pieces to be 4 feet (1.6 m) by 4 feet (1.2 m).
B. ) some people even make regular nail separators using wooden boards. These boards are just like hangers, as they are spaced evenly.
C. ) [title] Purchase a piece of plyboard or other thin, strong board. [step] It should be as high as one of the squares.
D. ) if this is your first time making your own cat wardrobe, do not make the pieces yourself--purchase 1 medium sized piece of wood. Measure out 2.5 feet and set aside.

Reply with exactly one uppercase letter out of A, B, C, or D.
",280
16830.0,Health,"[header] How to find an hour a day for yourself [title] Wake up earlier in the mornings. [step] If you are a morning person, you may find it easy to wake up one hour earlier in the morning to create some extra time for yourself. Set your alarm to one hour earlier than your normal wake up time.",C,"Context:
""[header] How to find an hour a day for yourself [title] Wake up earlier in the mornings. [step] If you are a morning person, you may find it easy to wake up one hour earlier in the morning to create some extra time for yourself. Set your alarm to one hour earlier than your normal wake up time.""

Which of the following endings best completes the context?

Choices:
A. That way, you will not need to worry about leaving the house early in the morning. [substeps] Try to wake up at the same time every morning to make each hour easier to schedule and manage.
B. [substeps] Try using an alarm clock that is closer to your current wake up time. Many people find that getting up earlier puts more alertness into their morning.
C. Having extra time in the morning can also give you a chance to prepare for the day ahead. [substeps] If you are not a morning person, you may get yourself used to waking up earlier by adjusting your wake up time gradually.
D. This will give you plenty of time to stretch and take a shower or get dressed. [substeps] Avoid morning-oriented, non-work-related wake ups.

Reply with exactly one uppercase letter out of A, B, C, or D.
",290
11008.0,Education and Communications,[header] How to get a liquor delivery service license [title] Contact your state licensing board. [step] States that allow delivery of alcoholic beverages to private homes regulate delivery licenses through the same licensing board that regulates the sale of alcohol generally. [substeps] You first need to find out if the state licensing board allows home delivery in your state.,B,"Context:
""[header] How to get a liquor delivery service license [title] Contact your state licensing board. [step] States that allow delivery of alcoholic beverages to private homes regulate delivery licenses through the same licensing board that regulates the sale of alcohol generally. [substeps] You first need to find out if the state licensing board allows home delivery in your state.""

Which of the following endings best completes the context?

Choices:
A. In many states it is a federal process requiring home delivery to private companies. Your state licensing board may also let you know where to find out.
B. Some states have passed laws specifically allowing it. In other states, home delivery is neither forbidden by law or explicitly permitted by law.
C. If not, you may need to resolve some legal issues concerning your ability to open a brewery or make liquor at home. To find your state licensing board, visit.
D. In some counties, allowing entrance into the residence is an option, but not necessary. To determine if your state licensing board accepts home delivery licenses, you will need to find out if your state requires toll-free delivery service.

Reply with exactly one uppercase letter out of A, B, C, or D.
",278
38517.0,Pets and Animals,[header] How to protect your cat from household hazards [title] Remove poisonous plants from your home. [step] There are many household hazards that can injure your cat or make her very sick. Poisonous plants are a common hazard for cats.,A,"Context:
""[header] How to protect your cat from household hazards [title] Remove poisonous plants from your home. [step] There are many household hazards that can injure your cat or make her very sick. Poisonous plants are a common hazard for cats.""

Which of the following endings best completes the context?

Choices:
A. Examples of poisonous plants are aloe, lilies, and eucalyptus. Cats who eat poisonous plants can suffer from a range of illnesses, such as heart problems (lily of the valley) and kidney failure (rhubarb leaves).
B. If there are any one species in your home, it is important to remove the plants from the home and wear gloves when handling them. [substeps] Aphids can cause severe and even deadly poisoning when exposed to harmful chemicals, such as kerosene or citrus oils.
C. If you have a poisonous plant, be sure to safely remove it from your home. [substeps] Poisonous plants include poison ivy, poison oak, poison cyaters, and poison lime.
D. If your cat has any sick plants, remove them from her house completely. [substeps] Insect hazards like wasps, roaches, cockroaches, and flies can make an adult cat very sick.

Reply with exactly one uppercase letter out of A, B, C, or D.
",317
34154.0,Computers and Electronics,[header] How to get top comment on facebook pages [title] Comment. [step] But make sure they are never off-topic. It is a common misconception that funny comments only make it to the top comment.,B,"Context:
""[header] How to get top comment on facebook pages [title] Comment. [step] But make sure they are never off-topic. It is a common misconception that funny comments only make it to the top comment.""

Which of the following endings best completes the context?

Choices:
A. Not everyone likes the people on the bottom and send unliked comments. To avoid this here, try to comment as little as possible each time you see the top comment on facebook.
B. On the other hand, if your comment pertains to that topic of the post, it greatly increases the odds of you hitting the limelight. You surely would not get appreciated for cracking a racist/sexist joke on a human rights page.
C. [substeps] Twitter can be a site and post about what is great on facebook. But chances are it's best to save your posts for the back-up posts (e.g.
D. [title] Offer to comment, as the answer is full of added drama, and there are no "" playphones "" on facebook. [step] -- but if they are, offer the highest quality to everyone.

Reply with exactly one uppercase letter out of A, B, C, or D.
",281
24810.0,Holidays and Traditions,"[header] How to tell if a salesperson is shady [title] Watch for extreme promises. [step] An incredible opportunity. There is a saying, if it sounds too good to be true, it probably is.",C,"Context:
""[header] How to tell if a salesperson is shady [title] Watch for extreme promises. [step] An incredible opportunity. There is a saying, if it sounds too good to be true, it probably is.""

Which of the following endings best completes the context?

Choices:
A. If an offer sounds like something the salesperson promised, he or she is generally lying. [substeps] For example, a salesperson may promise to give you $100 if you get an annual bonus.
B. Salespeople might promise an endless number of phone numbers, talk about their jobs but never offer to pay a flat rate for what they do or take on. Businesses hire people who in return do not earn the big bucks they once did.
C. If someone i know and trust tells me something is incredible, i'll be inclined to believe them, but from a vendor i don't know, an incredible opportunity is rarely credible. [title] Pay attention when they refer to a higher authority.
D. If you can't be assured that the company you bought it for is the right one for you, then a good salesperson is likely shady. Some companies have been sued under the dealerships' act of 1977 (s).

Reply with exactly one uppercase letter out of A, B, C, or D.
",302
24309.0,Work World,"[header] How to become a substitute teacher in new york city [title] Decide if you want to invest in the process. [step] It will take about two to four months, patience with the department of education bureaucracy (doe), and $416 for fees. [title] Visit the nyc doe website for basic information on subs : [step] .",B,"Context:
""[header] How to become a substitute teacher in new york city [title] Decide if you want to invest in the process. [step] It will take about two to four months, patience with the department of education bureaucracy (doe), and $416 for fees. [title] Visit the nyc doe website for basic information on subs : [step] .""

Which of the following endings best completes the context?

Choices:
A. [title] Register directly, and then complete the required required paperwork. [title] Provide personal information, as well as attendance fee and employer identification number (fecup).
B. You must wait for a certain date early in the fall to begin, and if you wait too long you may not be able to get certification that year (the doe has a recruitment target for new subs). [title] Find a public school principal to nominate you for becoming a substitute.
C. Go to find out what breed of wean sub they are, and click on the link that says "" i need more information on cpc. "" you will then be directed to the website for a subscription fee (usually £ 378).
D. You can also find related information here :. Find out more about the layering of sub subdivisions.

Reply with exactly one uppercase letter out of A, B, C, or D.
",309
39619.0,Finance and Business,[header] How to make urls seo friendly [title] Figure out what your keywords are in the page. [step] ( keywords are the few words you expect people to type into the search engine when looking for what your web page will give them. ) certain common words are ignored by search engines.,C,"Context:
""[header] How to make urls seo friendly [title] Figure out what your keywords are in the page. [step] ( keywords are the few words you expect people to type into the search engine when looking for what your web page will give them. ) certain common words are ignored by search engines.""

Which of the following endings best completes the context?

Choices:
A. Some choices might include : [substeps] Date: the page first edited by the website or the link you printed in the log in. You will learn when your page was edited and if it has truly been taken out and at the point where there is anything that detracts from your site's ranking.
B. [title] Start the keyword processing program and review the selected keywords. [title] Have your keywords published to your site.
C. In seo, these common words are called "" stop words. "" remove any stop words from your keyword list.
D. Example: "" classy, cool "" and "" nice "" are ignored by search engines. If you use some of your keywords in your page, you are likely to create hyphenated keywords that are more likely to make your audience remember them.

Reply with exactly one uppercase letter out of A, B, C, or D.
",281
27895.0,Health,"[header] How to make edible slime [title] Combine the sweetened condensed milk, sugar, and cornstarch. [step] Open a 14 ounce (396 g) can of sweetened condensed milk and spoon it into a small saucepan. Stir in 1 tablespoon (12 g) of cornstarch and 2 tablespoons (25 g) of sugar.",C,"Context:
""[header] How to make edible slime [title] Combine the sweetened condensed milk, sugar, and cornstarch. [step] Open a 14 ounce (396 g) can of sweetened condensed milk and spoon it into a small saucepan. Stir in 1 tablespoon (12 g) of cornstarch and 2 tablespoons (25 g) of sugar.""

Which of the following endings best completes the context?

Choices:
A. Bring the mixture to a boil over medium heat. [substeps] Cornstarch paste itself will not completely dissolve when mixed with the cornstarch in the above step.
B. Turn the heat on the stove and stir it into the sweetened condensed milk mixture. [substeps] Be careful not to overload the pan because the mixture might burn and you don't want the slime to burn on the stove.
C. [title] Stir and cook the slime for 10 to 15 minutes. [step] Turn the burner to medium-high and stir the slime constantly as it cooks.
D. Whisk the mixture until all of the ingredients are evenly distributed. [substeps] If you'd prefer to use a different sweetener than the active ingredient, use corn syrup instead.

Reply with exactly one uppercase letter out of A, B, C, or D.
",319
19995.0,Health,"[header] How to sleep with a pinched nerve [title] Use a firm mattress. [step] A firm mattress will support your body better, which may prevent your body from folding in on the nerve and making it hurt more. If your bed does not have a firm mattress, then you might consider sleeping on your sofa or in a recliner for the night.",C,"Context:
""[header] How to sleep with a pinched nerve [title] Use a firm mattress. [step] A firm mattress will support your body better, which may prevent your body from folding in on the nerve and making it hurt more. If your bed does not have a firm mattress, then you might consider sleeping on your sofa or in a recliner for the night.""

Which of the following endings best completes the context?

Choices:
A. [substeps] If you have limited options, such as sleeping on a sofa, you may use a firmer mattress. Mattresses that are too soft can cause fractures, scars, and other health issues, which can worsen your pinched nerve.
B. [substeps] If you cannot find a firm mattress when you first wake up, then get a contour mattress. Some mattress manufacturers will change sheets or pillows based on your other preferences.
C. [substeps] You can also place a few boards under your mattress to increase the firmness and prevent it from sagging. Another option is to put your mattress on the floor until you have recovered from your pinched nerve.
D. [title] Put a box spring or knee pad under your bed. [step] A soft and comfortable bed can reduce the pain caused by the pinched nerve.

Reply with exactly one uppercase letter out of A, B, C, or D.
",308
748.0,Health,[header] How to use social media to aid weight loss [title] Find a weight loss community. [step] One of the biggest benefits that social media has for weight loss is that it helps build a sense of community support for users. You're connected with thousands of others who are also looking to lose weight.,D,"Context:
""[header] How to use social media to aid weight loss [title] Find a weight loss community. [step] One of the biggest benefits that social media has for weight loss is that it helps build a sense of community support for users. You're connected with thousands of others who are also looking to lose weight.""

Which of the following endings best completes the context?

Choices:
A. [substeps] Start a support group or group that you and friends and others share to help keep everyone together. You can join or get information about the group on your own and alone.
B. In order to have online support, there are a number of weight loss groups. Including these meetings can help you meet new people.
C. [substeps] Search for communities offered by the internet. People with social media accounts can find and support as much as they can.
D. Check out sites like weight loss buddy, sparkpeople, and diet.com, which are weight loss sites with a strong community. [substeps] One study in particular found that those people who "" friended "" others and checked in more regularly lost 8% more weight than those that didn't.

Reply with exactly one uppercase letter out of A, B, C, or D.
",277
17397.0,Education and Communications,"[header] How to take an uber to a friend [title] Open the uber app. [step] If you're not automatically signed in, enter your login information. [title] Tap where to? .",C,"Context:
""[header] How to take an uber to a friend [title] Open the uber app. [step] If you're not automatically signed in, enter your login information. [title] Tap where to? .""

Which of the following endings best completes the context?

Choices:
A. [step] In the upper right corner of the screen is a "" get started? "" link. Tap it and a window will prompt you.
B. [step] This opens up a list of all your requests from this friend, and you'll be asked for a place to meet up. The us group instant messenger service website is the only one with this feature.
C. [title] Tap ride to a friend's current location. [step] You only need to tap this the first time you use this feature.
D. [step] You'll need to scroll down the screen to find the "" log in "" button. [title] Tap your friend's uber account.

Reply with exactly one uppercase letter out of A, B, C, or D.
",245
13001.0,Work World,[header] How to get aviation repair career training [title] Conduct some research on aviation repair career training to learn more about the trade to see if it is the right choice for you. [step] Positions within this field require that workers have a strong mechanical aptitude. [title] Evaluate your ability to work with complex machinery and to accurately diagnose and repair mechanical systems.,A,"Context:
""[header] How to get aviation repair career training [title] Conduct some research on aviation repair career training to learn more about the trade to see if it is the right choice for you. [step] Positions within this field require that workers have a strong mechanical aptitude. [title] Evaluate your ability to work with complex machinery and to accurately diagnose and repair mechanical systems.""

Which of the following endings best completes the context?

Choices:
A. [step] Aviation repair positions involve working with advanced electronics and technical manuals. [title] Decide if you want to get training within a specialized area of aviation repair.
B. [step] You should apply for contracts in various industries and companies in order to practice aviation repair while employed in these professions. [substeps] Consider purchasing a mechanical training course to show how accurate your knowledge is as an aviation mechanic.
C. [step] This is especially important for mechanics that have not been trained. A good mechanic already has the skills necessary to perform manual work efficiently.
D. [step] This ability to work with complex machinery means that workers are better equipped to search for the exact location of an aircraft and connect to it through routine fixes. [title] Examine aviation repair training for technical training opportunities.

Reply with exactly one uppercase letter out of A, B, C, or D.
",307
38424.0,Philosophy and Religion,"[header] How to wear a pancha kachcham [title] Position your material. [step] There are different ways of wrapping and tying a dhoti, and brahmins have a special variation of their own. To tie a brahmin style dhoti, you make two folds in the back and one in the front.",D,"Context:
""[header] How to wear a pancha kachcham [title] Position your material. [step] There are different ways of wrapping and tying a dhoti, and brahmins have a special variation of their own. To tie a brahmin style dhoti, you make two folds in the back and one in the front.""

Which of the following endings best completes the context?

Choices:
A. The ends of the layers are tied tight for presentation. Each folded face attaches to the diagonal top edge of your pancha, which goes along either side of your temple.
B. While not exactly symmetrical, it makes a beautiful looking mitten that looks simple and out of place. [substeps] Drape cloth over the fabric to "" weigh "" it down, making the fold twice.
C. This will prevent your material from fraying but will also make your work look neat and formal. To knot a hrep, you find an open loop in back of your material.
D. [substeps] To start, hold the fabric horizontally behind you. Make sure the colored bands are at the top (at your waist) and facing outward.

Reply with exactly one uppercase letter out of A, B, C, or D.
",287
35586.0,Finance and Business,"[header] How to deal with mental trauma after id theft [title] Take care of the practical implications of id theft. [step] Unlike some other types of trauma, id theft leaves the victim with a mountain of work to do. On top of that, victims are usually left to deal with everything on their own.",C,"Context:
""[header] How to deal with mental trauma after id theft [title] Take care of the practical implications of id theft. [step] Unlike some other types of trauma, id theft leaves the victim with a mountain of work to do. On top of that, victims are usually left to deal with everything on their own.""

Which of the following endings best completes the context?

Choices:
A. Make sure the person who stole id gets immediate care and health insurance. [substeps] Collect as much documentation as possible to help you help the victim.
B. Generally, nerve or muscle weakness can take the place of physical weakness. [substeps] Usually, an owner of a lost or stolen id won't need to convince anyone that their id is fake.
C. A good first step to dealing with identity theft is to visit the federal trade commission's identity theft website (identitytheft. Gov), where you can find lots of helpful information and even pre-made templates that you can use to start dealing with what happened.
D. This includes giving them a landline and taking steps to minimize their risk of debt. [substeps] The most expensive assets almost always go to the victim, but in some cases you have to take savings or inventory to offset that.

Reply with exactly one uppercase letter out of A, B, C, or D.
",297
36610.0,Computers and Electronics,[header] How to conserve battery on a windows computer [title] Get to know the basic options. [step] There are generally two power plans in windows. One is the balanced power plan and the other is the power saver plan.,D,"Context:
""[header] How to conserve battery on a windows computer [title] Get to know the basic options. [step] There are generally two power plans in windows. One is the balanced power plan and the other is the power saver plan.""

Which of the following endings best completes the context?

Choices:
A. A balanced power plan will deliver power to only one controller on one computer and the rest holds your computer's entire resources. Each switch is different for each computer, so it is something to be aware of.
B. Both select available battery for the computer and then click on the power feature to save the plan. This is usually found on the front side of the screen after you have entered the power plans.
C. The latter plan is designed so that the battery is happy. [substeps] You can make it switch between either power options with active input.
D. In addition to this, the user has an option to also create their own power plan based on the requirements. [substeps] The balanced power plan is generally selected as the default power plan in windows.

Reply with exactly one uppercase letter out of A, B, C, or D.
",258
39116.0,Food and Entertaining,"[header] How to make chinese dumplings [title] Mix the flour, salt, and water in a large bowl. [step] Mix the ingredients together until you make a nice, smooth dough. Use a wooden spoon to stir the ingredients together until they are fully incorporated.",B,"Context:
""[header] How to make chinese dumplings [title] Mix the flour, salt, and water in a large bowl. [step] Mix the ingredients together until you make a nice, smooth dough. Use a wooden spoon to stir the ingredients together until they are fully incorporated.""

Which of the following endings best completes the context?

Choices:
A. [substeps] You can also separate the dough into little balls. This makes the dumplings easier to handle.
B. This recipe should make about 20 wrappers. [title] Let the dough rest for 10 minutes.
C. [substeps] Do not add too much milk or water in the dough. This is a good idea for best results.
D. [substeps] Soy flour is great because it is very good for baking. Vegetable flour is best for making rice, but you can substitute table grain or rice flour if you prefer to make sushi rice.

Reply with exactly one uppercase letter out of A, B, C, or D.
",237
24137.0,Education and Communications,[header] How to draw a model of the digestive system [title] Start by drawing an outline of a person. [step] You only need to draw the head and torso. Make sure you are using a pencil rather than a pen so that you can erase if necessary.,C,"Context:
""[header] How to draw a model of the digestive system [title] Start by drawing an outline of a person. [step] You only need to draw the head and torso. Make sure you are using a pencil rather than a pen so that you can erase if necessary.""

Which of the following endings best completes the context?

Choices:
A. [title] Sketch in for the legs, hands and feet. [step] About half of the time, your model will start out with the feet, but start on the mostly sketched in design of the legs and feet (optional).
B. [title] Know that this step is based on previous drawings you put in the drawing until now. [step] Try to make as accurate a picture of you as possible so the model is looking at you.
C. This outline should take up most of space on your paper. Draw the head in proportion to the body as it would be on a human.
D. Make the shape proportional to where the eye sockets were. [title] Make the size of the body from point a to point b.

Reply with exactly one uppercase letter out of A, B, C, or D.
",267
47052.0,Education and Communications,[header] How to describe a color to a blind person [title] Using touch to describe colors. [step] Have the person hold certain objects while you tell them what color it is. It might be helpful to consider using objects that are almost always a certain color.,D,"Context:
""[header] How to describe a color to a blind person [title] Using touch to describe colors. [step] Have the person hold certain objects while you tell them what color it is. It might be helpful to consider using objects that are almost always a certain color.""

Which of the following endings best completes the context?

Choices:
A. Touch has one or two different types of color, both primary colors, and shades. Some good things to consider include : [substeps] Chinese colors: red, green, orange, and blue, with yellows, purples, and reds.
B. [substeps] Objects that are almost always a certain color may be in a different shade of (white, blue, purple, red) or a variety of different hues. For example, you could use something like, "" look at this bright red object.
C. For example, a clothespin with a number, a clock, a matchstick, etc. , can all be used to describe colors.
D. [substeps] Have the person hold different pieces of wood, touch the bark of a tree, or touch dirt on the ground, and explain that these things are all brown. Say, "" brown feels like the earth, or the dead parts of things that grew out of the dirt from the earth.

Reply with exactly one uppercase letter out of A, B, C, or D.
",310
38988.0,Work World,"[header] How to get a job in indian railways [title] Meet the eligibility criteria. [step] Before you start preparing or apply for an exam, you must make sure that you fulfill the eligibility criteria for taking the exam. There are basically two eligibility criteria for this recruitment exam : [substeps] Educational criteria: for most indian railways recruitment exams, having a graduation/bachelor degree is the basic eligibility criteria.",A,"Context:
""[header] How to get a job in indian railways [title] Meet the eligibility criteria. [step] Before you start preparing or apply for an exam, you must make sure that you fulfill the eligibility criteria for taking the exam. There are basically two eligibility criteria for this recruitment exam : [substeps] Educational criteria: for most indian railways recruitment exams, having a graduation/bachelor degree is the basic eligibility criteria.""

Which of the following endings best completes the context?

Choices:
A. Each candidate must possess a bachelor degree from a recognized university. Age requirements: age is another restriction for gaining railway jobs.
B. For most telecommunication or mediation internship exams, backgrounds matter. You will need some experience working in a telecommunications field.
C. You are considered to be one year old and of age. Indian railways require that the applicant to be 18 years of age.
D. Scholarships: for many indian railways jobs, full scholarships might be essential. If you hold an mba, this is recommended to prevent your financial burden from being placed on you.

Reply with exactly one uppercase letter out of A, B, C, or D.
",284
36230.0,Finance and Business,[header] How to avoid disruption and distractions during events [title] Choose the right venue for your needs. [step] Determine your aims and objectives from the outset. This will help you to determine which venue is right for you.,C,"Context:
""[header] How to avoid disruption and distractions during events [title] Choose the right venue for your needs. [step] Determine your aims and objectives from the outset. This will help you to determine which venue is right for you.""

Which of the following endings best completes the context?

Choices:
A. [substeps] Generally speaking, if you want to make noise while in a room or are on a conference call, leave the area immediately for deeper privacy. Otherwise, you could get distracted from your conversation from a clear pathway leading anywhere other than to the conference room.
B. Many businesses and clubs are open during the hours of 5 p.m. , 9:00 a.m., and 6:00 p.m.
C. Do your research and take on board any recommendations while keeping in mind what you're looking to achieve. [substeps] Privacy may be essential to your event.
D. Often times, the first few events of your first year of college-a set of events likely to be the centerpiece of graduation-become the main event, resulting in some disruption. It's helpful to think about the rest of your year ahead of time in determining what venue can adequately be addressed in the situation.

Reply with exactly one uppercase letter out of A, B, C, or D.
",305
16521.0,Personal Care and Style,"[header] How to look younger at 50 [title] Exercise. [step] Exercise is important at all ages, but it can be especially helpful once you reach your 50s. Include both cardiovascular and strength exercises in your routine.",C,"Context:
""[header] How to look younger at 50 [title] Exercise. [step] Exercise is important at all ages, but it can be especially helpful once you reach your 50s. Include both cardiovascular and strength exercises in your routine.""

Which of the following endings best completes the context?

Choices:
A. [substeps] At least five days of exercise each week requires 30 minutes of moderate activity. [title] Come up with a form for your looks.
B. Great ways to exercise are by : [substeps] Doing cardio in the morning and at night. Not only will it help you get back into shape, but it will also make time to expend energy towards stretching on the weekends, or in the late evening.
C. Cardiovascular exercise gets your blood pumping and strength exercises can tone flabby skin associated with age. [substeps] Improved circulation supplies more nutrients and oxygen to your skin.
D. These will help you stay fit throughout the day and will provide enough energy to live your life. They can also help you find older body pictures of yourself and create a good as new body-image image! [substeps] Try to find a gym that has a bigger gym area than your home.

Reply with exactly one uppercase letter out of A, B, C, or D.
",303
540.0,Youth,"[header] How to get a psychiatric evaluation [title] Discuss your decision with someone you trust. [step] If you think you want to get a psychiatric evaluation, try talking to someone you trust. This may be a family member, friend, coworker, doctor, teacher, or religious leader.",A,"Context:
""[header] How to get a psychiatric evaluation [title] Discuss your decision with someone you trust. [step] If you think you want to get a psychiatric evaluation, try talking to someone you trust. This may be a family member, friend, coworker, doctor, teacher, or religious leader.""

Which of the following endings best completes the context?

Choices:
A. Having support from someone you trust can help you decide. [substeps] For example, you may say, "" i haven't been feeling the best.
B. Make sure that they agree with your decision before you decide to get a psychiatric evaluation. [substeps] Telling someone about your decision may prevent others from making a judgment.
C. They may have questions about any psychiatric treatment options, as well as a sample of what the evaluation might entail. [substeps] If your first meeting is not fruitful, you may want to re-evaluate in the future.
D. Sometimes this person can help you make a decision about your mental health effects. [substeps] Remember that it's really a choice, not a lottery.

Reply with exactly one uppercase letter out of A, B, C, or D.
",273
24219.0,Health,[header] How to help labor progress [title] Stay fit during pregnancy. [step] Making sure your body is in top physical condition before labor begins can reduce the likelihood of a prolonged labor. Preparing your body for what's to come can make labor easier and quicker when your baby arrives.,A,"Context:
""[header] How to help labor progress [title] Stay fit during pregnancy. [step] Making sure your body is in top physical condition before labor begins can reduce the likelihood of a prolonged labor. Preparing your body for what's to come can make labor easier and quicker when your baby arrives.""

Which of the following endings best completes the context?

Choices:
A. Walk or swim regularly, and incorporate a few specialized exercises. [substeps] Kegels, small internal contractions of the pelvic muscles, can help your body with the pushing stage of labor and also reduce the risk of hemorrhoids in the weeks after childbirth.
B. For instance, if you have health problems after labor, it's likely you will need to consider strength training while you do them. [substeps] Ask your doctor whether strength training is safe for you to do while pregnant.
C. [substeps] Start with aerobic exercises that move your body and streamlines blood flow to keep your heart, muscles, and brain functional. Plan to take a few days off or take a weekend to relax before labor.
D. [substeps] Take just a few minutes for exercise before you start labor. A walk before labor starts can help you improve your posture, making it easier to feel supported and secure.

Reply with exactly one uppercase letter out of A, B, C, or D.
",311
45481.0,Philosophy and Religion,[header] How to get married in a hare krishna wedding ceremony [title] Wait to be welcomed. [step] The bride's family welcomes the groom and his parents. You will then be ushered to the platform (mandap) where the priest has arranged for the yagya.,C,"Context:
""[header] How to get married in a hare krishna wedding ceremony [title] Wait to be welcomed. [step] The bride's family welcomes the groom and his parents. You will then be ushered to the platform (mandap) where the priest has arranged for the yagya.""

Which of the following endings best completes the context?

Choices:
A. The groom is given a license to marry from varrock. [title] Walk outside the door of the nuptials chamber and go straight into the amhu, room 1.
B. The most commonly used, yagya wedding ceremony place is mo. You'll get a letter from mary warding your house with a cab and two weeks you have spend together in san francisco.
C. [substeps] In the background a pleasant hare krishna kirtan is performed by the devotees. [title] If you are the bride, expect to be brought to the mandap by your uncle or other devotees.
D. You will be given a reminder to get reception by a maid of honor, a marriage officiant, and a special guest (named devo). Here is what to do: you will.

Reply with exactly one uppercase letter out of A, B, C, or D.
",292
8855.0,Uncategorized,"[header] How to get rid of leg cramps [title] Stretch the cramped muscle. [step] Muscle cramps are sudden and unexpected contractions or spasms of a muscle. To stop the cramp quickly, the cramped muscle needs to be stretched.",B,"Context:
""[header] How to get rid of leg cramps [title] Stretch the cramped muscle. [step] Muscle cramps are sudden and unexpected contractions or spasms of a muscle. To stop the cramp quickly, the cramped muscle needs to be stretched.""

Which of the following endings best completes the context?

Choices:
A. Begin by sitting down with your legs stretched out in front of you and removing the old, uncomfortable, tight denim so you can stretch them thoroughly. Stretching the cramped muscle three to four times a day will help with cramps.
B. [substeps] By stretching the muscle, you are preventing it from remaining in the contracted or cramped position. Stretching a cramped muscle works best if you can hold the stretched position for about a minute, or until the cramp feels better.
C. Some exercises you can try include : [substeps] Tightening leg muscles four times a day. Even more effective at relaxing the cramp, even in bed.
D. Do this by gently stretching the cramped muscle with a warm towel or stretched medical blanket. [substeps] Get to your bathroom to warm up your hand so that you don't forget to stretch.

Reply with exactly one uppercase letter out of A, B, C, or D.
",296
9742.0,Food and Entertaining,"[header] How to stay up all night doing homework [title] Create a workspace. [step] Find a place in your house that's clean, organized and free from distractions. The space should be comfortable, but not so comfortable that you could easily fall asleep there.",D,"Context:
""[header] How to stay up all night doing homework [title] Create a workspace. [step] Find a place in your house that's clean, organized and free from distractions. The space should be comfortable, but not so comfortable that you could easily fall asleep there.""

Which of the following endings best completes the context?

Choices:
A. Ideally, this space should be filled with things you want to take space for. [substeps] Put down everything that you need (toys, papers, books, memorabilia, etc.
B. Make sure that your room is well ventilated and that there are no drafts. [substeps] Cleaning out a college dorm room could be a place where you could relax and work on your homework or get some relaxing sleep, but some work places are better than others.
C. A clean workspace will also allow you to keep your attention on something else other than studying. [substeps] Consider having a desk and bulletin board that can be easily shared.
D. [substeps] Make sure you have all the resources you'll need-all your books, assignments and stationery. If it helps you to have music playing as you work, work near a speaker.

Reply with exactly one uppercase letter out of A, B, C, or D.
",292
50123.0,Pets and Animals,[header] How to hang a bat house [title] Decide where to hang your bat house. [step] You may mount a bat house on a pole or on the side of a building. [substeps] Select a location that faces south or east.,C,"Context:
""[header] How to hang a bat house [title] Decide where to hang your bat house. [step] You may mount a bat house on a pole or on the side of a building. [substeps] Select a location that faces south or east.""

Which of the following endings best completes the context?

Choices:
A. Most bat houses will face east or west. It can be as big or as small as you'd like.
B. [title] Choose a level surface that you can climb. [step] Wood, concrete, plywood or any place covered in a canvas would work.
C. Bats like a warm climate, so when hanging a bat house, it's best to provide the house with plenty of sunlight. Choose a spot away from security and porch lights.
D. You can also position the bat house in a wall or a small house if you don't have access to a large house. You should mount bats house inside your home or choose a location away from any traffic that might bump into your home during the colder months.

Reply with exactly one uppercase letter out of A, B, C, or D.
",259
14561.0,Food and Entertaining,[header] How to knit (for kids ) [title] Start with a simple project. [step] Everyone starts out knitting simple projects to learn the basics and build up their skills. Make it easy on yourself by choosing a knitting project that will let you practice basic skills and that won't take too long to finish.,D,"Context:
""[header] How to knit (for kids ) [title] Start with a simple project. [step] Everyone starts out knitting simple projects to learn the basics and build up their skills. Make it easy on yourself by choosing a knitting project that will let you practice basic skills and that won't take too long to finish.""

Which of the following endings best completes the context?

Choices:
A. Focus on simple, less complicated projects so that you don't get overwhelmed. [substeps] For example, you may want to start with knitting on upholstery.
B. Once you're used to doing basic knitting projects, you can gradually build up your skill level (or at least increase how much time you spend researching the subject each day). [title] Begin with a 20-to 30-point-length test.
C. [substeps] Try looking at tutorials and flyers from arts and crafts and see what shows up for you. After you've done some research and created a few patterns, choose the one that will suit your new set of stitches.
D. Some good starter projects include : [substeps] A washcloth a scarf a doll's blanket swatches [title] Look into starter kits. [step] You can purchase starter kits that are meant for kids.

Reply with exactly one uppercase letter out of A, B, C, or D.
",325
41845.0,Computers and Electronics,"[header] How to cook long grained rice [title] Measure out the desired quantity of rice. [step] Long grain rice will expand to triple its size during cooking, so take this into account when deciding how much to make. [title] Rinse the rice (optional).",A,"Context:
""[header] How to cook long grained rice [title] Measure out the desired quantity of rice. [step] Long grain rice will expand to triple its size during cooking, so take this into account when deciding how much to make. [title] Rinse the rice (optional).""

Which of the following endings best completes the context?

Choices:
A. [step] Adding cold water to the rice and draining it will remove loose starches without losing nutrients. This may result in fluffier rice, although some milling processes leave little excess starch to remove.
B. [step] Rinse the rice by running water over the area where you will cook it. Any leftover water also helps to dry the rice faster.
C. [step] If your rice is already slightly soiled or has been dried out during cooking, you will need to rinse it with clean water. [substeps] This cannot be done while the rice is still raw, because some parts of the rice's material, such as flour and rice starch, can only be removed with water.
D. [step] This is a good way to give the long grain rice a definitive scent and check for any absence of flavor. Rinsing the rice prevents moisture from building up in the rice while it cooks.

Reply with exactly one uppercase letter out of A, B, C, or D.
",315
27069.0,Computers and Electronics,[header] How to use ipod touch applications [title] Safari. [step] * note: wi-fi needed. The internet application safari is very useful for checking movie times or seeing what is going on in this world.,A,"Context:
""[header] How to use ipod touch applications [title] Safari. [step] * note: wi-fi needed. The internet application safari is very useful for checking movie times or seeing what is going on in this world.""

Which of the following endings best completes the context?

Choices:
A. Ensure that your wi-fi is on and click on "" safari "". The dashboard for safari and the last webpage you have been to will load.
B. A signature is required though to be able to read. Every user in safari has difficulty reading and, for the most part, either will try to shut it down automatically.
C. [substeps] If you do not have all the necessary software in your browser and in safari, try using an apple logo instead of your own. An apple logo is better at isolating blockheads than your own, but there is more than one.
D. If it does not automatically have it, you must save it to itunes. [substeps] On older laptops, you must save the file to itunes for use.

Reply with exactly one uppercase letter out of A, B, C, or D.
",265
49491.0,Travel,[header] How to shop in kenya [title] Fine examples of basketry can be found throughout kenya. [step] Baskets vary in size and colour regionally throughout kenya. [title] One of the most popular is the sisal basket called the kiondoo.,D,"Context:
""[header] How to shop in kenya [title] Fine examples of basketry can be found throughout kenya. [step] Baskets vary in size and colour regionally throughout kenya. [title] One of the most popular is the sisal basket called the kiondoo.""

Which of the following endings best completes the context?

Choices:
A. [step] It is made of 6 compartments all called the very dest baskets. [title] Look for the biggest kerdence in your area.
B. [step] These baskets are considered a portable container and are used by various people to support everyday tasks, such as running. You may also find them to be part of a local party or stay with friends during busy times.
C. [step] By judging baskets this means you get the right amount of space between the traditional fruits, vegetables, grains, fruits and other fruits you should be eating. They don't have to be too large because people don't mind if they have a rice or rice variation in their basket.
D. [step] These baskets, commonly produced in kikuyu areas (where you may hear them called chondo) are a small functional basket with a leather carrying strap. They are popularly used as handbags, although traditionally they are carried by kikuyu women behind the head, with the strap across the forehead.

Reply with exactly one uppercase letter out of A, B, C, or D.
",341
21212.0,Work World,"[header] How to ride a donkey [title] Learn the difference between riding donkeys and horses. [step] Many think of donkeys as smaller, more docile version of horses, but in fact donkeys are their own species and have very different personalities and abilities. Riding a donkey is it's own unique experience that's especially pleasurable when you don't have the same expectations you would for a horse.",A,"Context:
""[header] How to ride a donkey [title] Learn the difference between riding donkeys and horses. [step] Many think of donkeys as smaller, more docile version of horses, but in fact donkeys are their own species and have very different personalities and abilities. Riding a donkey is it's own unique experience that's especially pleasurable when you don't have the same expectations you would for a horse.""

Which of the following endings best completes the context?

Choices:
A. [substeps] Donkeys are less responsive to training, so they don't have fancy gaits. A slow, plodding walk is the most comfortable gait for a donkey.
B. [substeps] Donkeys are social, curious, patient, and mature. If you're young or have kids, that saying might not apply to you.
C. [substeps] Donkey donkeys are slender with similar bodies and hooves to other ponies. They look like ponies, though not quite that tall.
D. Horses are affectionate animals, but they aren't cumbersome and don't move around as much as humans. Donkey horses are also a bit smaller and more comfortable, but still slightly smaller in size.

Reply with exactly one uppercase letter out of A, B, C, or D.
",305
22852.0,Cars & Other Vehicles,"[header] How to choose the right car seat [title] Choose an infant car seat if you have a newborn baby. [step] If you have a newborn baby, you should invest in a rear-facing infant car seat. These seats are designed to be safer for babies that weigh between 22 and 35 pounds.",A,"Context:
""[header] How to choose the right car seat [title] Choose an infant car seat if you have a newborn baby. [step] If you have a newborn baby, you should invest in a rear-facing infant car seat. These seats are designed to be safer for babies that weigh between 22 and 35 pounds.""

Which of the following endings best completes the context?

Choices:
A. [substeps] When sitting in the seat, the baby's head should be at least 1 centimeter (0.4 in) away from the side of the seat. If not, the car seat is too small.
B. If you are having a newborn baby, look for one with wheels, rather than a collapsible daycar seat. [substeps] Newborn babies tend to be more active, which means they need more room to fidget.
C. [substeps] Infant cars seats are available from 17 out of 20 manufacturers. [title] Select an infant car seat if you have a newborn baby.
D. They also protect infants from falling down and may give them more control over their feet. These babies are lightweight and easy to hold, and can also offer excellent stability in the car if they fall.

Reply with exactly one uppercase letter out of A, B, C, or D.
",302
28.0,Pets and Animals,"[header] How to teach a rabbit not to scratch [title] Approach your rabbit slowly. [step] Rabbits are less domesticated than many animals you may be accustomed to dealing with. While your cat is not intimidated by you as you approach, a rabbit likely is.",D,"Context:
""[header] How to teach a rabbit not to scratch [title] Approach your rabbit slowly. [step] Rabbits are less domesticated than many animals you may be accustomed to dealing with. While your cat is not intimidated by you as you approach, a rabbit likely is.""

Which of the following endings best completes the context?

Choices:
A. If you're calm and orderly in your approach to her, the rabbit will sense your presence and tell you that you're talking to her. [substeps] It's important that you approach from the side so as not to spook your rabbit.
B. [substeps] Once you have dealt with your rabbit, approach them slowly and calmly and be sure to pet it. While you are still petting the rabbit, you might lightly pet your hand, which might or may not work as much as actually petting the rabbit.
C. A timid rabbit will make little to no noise when it is getting off the ground and exploring something, but a rabbit you approach more slowly will make a lot of noise. [substeps] Stop when you are about 15 feet from your rabbit, with about an arm's length of petting distance.
D. In order to establish that you are not a threat to your rabbit, take your time with it. [substeps] Start by sitting next to the rabbit while it is still in its cage and let it get accustomed to your presence.

Reply with exactly one uppercase letter out of A, B, C, or D.
",355
15326.0,Finance and Business,[header] How to make extra money during college [title] Register with a temp agency. [step] It can be hard to send out application after application on your own. A temp agency will take your resume and review your skill set.,B,"Context:
""[header] How to make extra money during college [title] Register with a temp agency. [step] It can be hard to send out application after application on your own. A temp agency will take your resume and review your skill set.""

Which of the following endings best completes the context?

Choices:
A. If you're a writer, the agency will see that you are truly an expert, know basic writing skills, and have experience composing and placing report cards. So check the professors of the agency you're applying to for specific skills to save you time and money when applying to a temp agency.
B. They can then help you find temporary jobs that fit into your schedule. Not only will this earn you extra money, you will have a chance to diversify your resume.
C. The agency will evaluate the abilities of you and determine whether you are capable of running a business. There are many temp agencies at your school and a few online.
D. They can also tell you if you actually have talent and can use your skills to the best of your ability. Get an internship and secure a stable position.

Reply with exactly one uppercase letter out of A, B, C, or D.
",267
34335.0,Education and Communications,[header] How to outline a novel [title] Determine the opening scene. [step] A narrative outline can help you break down the plot of your novel and make it easier for you to keep track of each element of the plot. Start by determining your novel's opening scene.,A,"Context:
""[header] How to outline a novel [title] Determine the opening scene. [step] A narrative outline can help you break down the plot of your novel and make it easier for you to keep track of each element of the plot. Start by determining your novel's opening scene.""

Which of the following endings best completes the context?

Choices:
A. This scene should establish character, setting, and a conflict or problem that is plaguing your main character. The opening scene will be the start of your first act and help to immerse your reader in your story.
B. Begin with a topic, setting, or moment. If your novel is about something currently happening, such as a new civil war, it should already have a very large opening scene.
C. How does it open? What does it look like? How does the plot stand out? This first stage can help you to understand your overall plot to your novel. [substeps] You may have to outline the beginning and concluding points of your novel based on a short, basic outline.
D. If you are writing a rhetorical essay for a homework assignment, the opening scene might be to explain why a math problem needs to be solved in geometry. Perhaps the main character needs to impress a teacher so the lesson is clear and inconclusive for the students.

Reply with exactly one uppercase letter out of A, B, C, or D.
",309
2234.0,Applying sunscreen,Sunscreen is addressed and he overviews how and why to apply sunscreen properly. Sunscreen spf value is addressed with a slide on how to pay attention to the proper spf. he,D,"Context:
""Sunscreen is addressed and he overviews how and why to apply sunscreen properly. Sunscreen spf value is addressed with a slide on how to pay attention to the proper spf. he""

Which of the following endings best completes the context?

Choices:
A. continues taking small steps that include blending warm up and sunscreen using a lighter layer on the back, at the same time making sure it covers all of the essentials.
B. then sprays over the dirt rub using a scrub brush and adds water from a dispenser.
C. recommends that you not skimp on the former bristle as the salt and pepper has no effect on choosing your brand under the sun.
D. addresses the negative impacts of sunburns, especially with children.

Reply with exactly one uppercase letter out of A, B, C, or D.
",195
38095.0,Food and Entertaining,[header] How to identify food grade buckets [title] Check the recycling symbol on the bottom of the bucket. [step] The quickest and most reliable way to check for food safety is by consulting the recycling number. This number will be between 1 and 7 and will be stamped inside a triangle of arrows.,D,"Context:
""[header] How to identify food grade buckets [title] Check the recycling symbol on the bottom of the bucket. [step] The quickest and most reliable way to check for food safety is by consulting the recycling number. This number will be between 1 and 7 and will be stamped inside a triangle of arrows.""

Which of the following endings best completes the context?

Choices:
A. They will tell you what type of food it is. If using a hard drive that has 40 or more parts, the battery may be working with a 7 or 4 volt battery.
B. [substeps] Some supplies, like fumithailand's food search category, do not count as food. Some staple and recyclable items such as apples, oranges, cucumbers, dried fruit, corn and potatoes have a special "" food "" symbol on the bottom of the bucket.
C. The designated number is posted in a format like _ = + l. When using food grade buckets, the symbol will be in the center of the bucket.
D. As a general rule, the numbers that are safe for use with food are 1 , 2 , 4, and 5. [substeps] The best type of plastic for use in long-term food storage is high-density polyethylene (hdpe), which is indicated by the "" 2 "" symbol.

Reply with exactly one uppercase letter out of A, B, C, or D.
",333
14151.0,Pets and Animals,[header] How to deal with fleas and ticks with newborn kittens [title] Use a flea comb. [step] This is the safest and most efficient way to remove fleas from your kitten. You can buy a flea comb at your local pet store.,B,"Context:
""[header] How to deal with fleas and ticks with newborn kittens [title] Use a flea comb. [step] This is the safest and most efficient way to remove fleas from your kitten. You can buy a flea comb at your local pet store.""

Which of the following endings best completes the context?

Choices:
A. Avoid using a brush on a flea comb as it will scratch you, and you will not be able to remove any fleas within six weeks. [substeps] For a smaller kitten, this is the size of a paperclip and is recommended.
B. Always comb out your kitten in a warm room so she does not get a chill or develop a cold, which could be fatal to a kitten. [substeps] Put warm water in a bowl with a few drops of liquid detergent.
C. It is a relatively cheap thing to use and it's quick. However, the comb will not remove fleas without the full benefit of quick treatment.
D. Instead of an actual flea comb, you can use a self-starter brush that provides you with a mild flea spray. [substeps] Add the flea comb to the right fill size.

Reply with exactly one uppercase letter out of A, B, C, or D.
",294
47841.0,Home and Garden,"[header] How to use a humidifier [title] Choose the right type of humidifier for your needs. [step] There are many different types of humidifiers on the market, so finding the best humidifier for your needs and circumstances is very important. A few of the most common humidifiers include : [substeps] Central humidifiers.",D,"Context:
""[header] How to use a humidifier [title] Choose the right type of humidifier for your needs. [step] There are many different types of humidifiers on the market, so finding the best humidifier for your needs and circumstances is very important. A few of the most common humidifiers include : [substeps] Central humidifiers.""

Which of the following endings best completes the context?

Choices:
A. These are housed in a structure of ceramic or plastic and normally installed separately from all other humidifiers of that kind. Central humidifiers are designed and installed so that they are not exposed to light.
B. Central humidifiers have a cubbycone (or raised back end) and pvc mesh that wicks away moisture and lowers mildew. They can be found at home improvement stores and are germ-free.
C. These are humidifiers that have internal vents, which means the air in your humidifier is drawn out through the vent. Air inside the humidifier units has to be plugged in so that the air can escape into the room.
D. Central humidifiers are used to humidify an entire house. They are built into the house's heating and cooling system.

Reply with exactly one uppercase letter out of A, B, C, or D.
",301
25254.0,Work World,"[header] How to be a successful salesperson [title] Love your job. [step] You'll never succeed in sales, or in any job, if you don't love what you do. The best salespeople love the struggle of gaining sales leads, talking and listening to prospects, and closing the sale.",D,"Context:
""[header] How to be a successful salesperson [title] Love your job. [step] You'll never succeed in sales, or in any job, if you don't love what you do. The best salespeople love the struggle of gaining sales leads, talking and listening to prospects, and closing the sale.""

Which of the following endings best completes the context?

Choices:
A. They love success even when its not easy. It takes people who are already amazing in this area of sales to be capable of pushing through obstacles.
B. Don't let yourself doubt yourself or think that your sales skills will improve. Never ever be hesitant to challenge yourself and think that all your methods fail.
C. Time yourself to spend time with your one passion, and make sure that you're on good terms with those people. Many independent salespeople start their careers working on growth opportunities and creating new and exciting ideas.
D. Only by truly wanting to be there can you put in the extra work and effort required to be the best of the best. If you don't already love your job or the product you are selling, quit and sell something else.

Reply with exactly one uppercase letter out of A, B, C, or D.
",276
48758.0,Travel,"[header] How to pack for vacation [title] Prepare a list of things to bring. [step] A to-bring list of items can vary widely depending on the type of weekend trip you're planning. Certain things, like an extra set of clothes, are recommended across the board, while other things can be brought or left depending on the type of place you're going to.",A,"Context:
""[header] How to pack for vacation [title] Prepare a list of things to bring. [step] A to-bring list of items can vary widely depending on the type of weekend trip you're planning. Certain things, like an extra set of clothes, are recommended across the board, while other things can be brought or left depending on the type of place you're going to.""

Which of the following endings best completes the context?

Choices:
A. Here is a list of things to consider bringing : [substeps] Clothes. For a weekend trip, a fresh set of clothing should be considered necessary.
B. Depending on the season, you might decide to pack seasonal items like sunburn lights, sand bars, and confetti. If you live in a temperate climate, bringing a hat, rain pants, and a bomber jacket can look great.
C. Anticipate everything by the day you're planning. [substeps] Lunch is the fastest way to pack for a trip.
D. [substeps] If you're going to a hotel, for example, you may include only the most basic items to bring with you. To make your trip more enjoyable, bring only the basics.

Reply with exactly one uppercase letter out of A, B, C, or D.
",293
44504.0,Health,"[header] How to treat pericarditis [title] Recognize the symptoms of a pericarditis attack. [step] Most pericarditis attacks come on quickly and do not usually last long. The most common symptom is a sharp, stabbing chest pain that may be in the middle or left side of your chest.",B,"Context:
""[header] How to treat pericarditis [title] Recognize the symptoms of a pericarditis attack. [step] Most pericarditis attacks come on quickly and do not usually last long. The most common symptom is a sharp, stabbing chest pain that may be in the middle or left side of your chest.""

Which of the following endings best completes the context?

Choices:
A. Patients with pericarditis attacks may also have trouble sleeping. They may also feel light-headed and dizzy.
B. The pain may also be in one or both shoulders or feel like a heart attack. Being able to recognize symptoms of pericarditis can ensure that you get prompt care.
C. This is usually accompanied by tenderness in the area. You can also feel hot to the touch pain.
D. In severe cases, this pain may last a few hours to several days and can get worse with repeated usage. It is best to relieve the pain with a corticosteroid medication that mimics the symptoms of pericarditis.

Reply with exactly one uppercase letter out of A, B, C, or D.
",258
34910.0,Food and Entertaining,"[header] How to become a teenage vegetarian [title] Take vegetarianism one step at a time. [step] Most people don't become vegetarian overnight; it does require patience and practice. Although many people do decide at one point to quit eating meat, it is easier to just take one meat product from a particular animal out of your diet at a time.",D,"Context:
""[header] How to become a teenage vegetarian [title] Take vegetarianism one step at a time. [step] Most people don't become vegetarian overnight; it does require patience and practice. Although many people do decide at one point to quit eating meat, it is easier to just take one meat product from a particular animal out of your diet at a time.""

Which of the following endings best completes the context?

Choices:
A. This can help you gradually make a better relationship with the animal. [substeps] Being a teen vegetarian takes some effort, but you will eventually reach your goal.
B. When you're preparing meat on your own it takes a lot of practice for you to get this specific flavor and nutrients. How you handle meat over the course of a few days and months is up to you.
C. [substeps] Making a lifestyle change is really easy if you have balanced diet. Don't focus on the smell of meat or the taste of the food itself.
D. For example, if you don't like pig product (bacon, ham, pork, hot dogs, etc. ) or cow product (beef), then just resolve to not eat that particular type when offered to you.

Reply with exactly one uppercase letter out of A, B, C, or D.
",296
11574.0,Home and Garden,"[header] How to harvest and prepare common milkweed shoots [title] Search for milkweed populations in your area. [step] The common milkweed usually grows in full sun, in waste places, fields, or hedgerows. Poke milkweed is also considered an acceptable edible milkweed.",C,"Context:
""[header] How to harvest and prepare common milkweed shoots [title] Search for milkweed populations in your area. [step] The common milkweed usually grows in full sun, in waste places, fields, or hedgerows. Poke milkweed is also considered an acceptable edible milkweed.""

Which of the following endings best completes the context?

Choices:
A. [substeps] If possible, harvest in the south or southern region. For example, sunflowers grow best in the southern midwest, while daisies flourish in eastern areas.
B. Place the plant on a garden stake outside using a pencil, a spade, or a garden fork. Spear it with a stake into the ground just before you get to the field.
C. [substeps] Never take plants that grow near areas where pesticides are used heavily (for example, farms), urban areas, polluted water sources, or closer than 150 feet (45.7 m) from roads. These plants may have absorbed toxins from their environment that could make you sick.
D. [substeps] If you live in an area with lots of milkweed, tie them to fencing material, posts, or other items, or give them to kids in your community to help preserve the plants. [title] Harvest two to three new milkweed shoots every two weeks.

Reply with exactly one uppercase letter out of A, B, C, or D.
",334
44261.0,Relationships,"[header] How to forget the boy you loved [title] Taper off contact. [step] Oftentimes, people hang on to their exes past what is healthy. If someone is absent from your life, it's best to work on letting go of the relationship.",B,"Context:
""[header] How to forget the boy you loved [title] Taper off contact. [step] Oftentimes, people hang on to their exes past what is healthy. If someone is absent from your life, it's best to work on letting go of the relationship.""

Which of the following endings best completes the context?

Choices:
A. If the person was in your life for years and you no longer have any connection to the person, it's best to work on keeping the relationship secure. [substeps] Schedule something private like going to a movie or seeing a concert with the person.
B. The first step is tapering off contact. [substeps] People develop strong emotional attachments in love.
C. [substeps] If someone you love has cheated on you, it may be a good idea to lessen contact with that person as well. If it's with someone new, you may need to reduce contact.
D. It's easiest to just end an acquaintance with a boy and eventually you could be friends without these people in your life anymore. [substeps] A good rule of thumb is to cut off all contact with this person for a period of time.

Reply with exactly one uppercase letter out of A, B, C, or D.
",288
41006.0,Family Life,"[header] How to plan for retirement in your 30s [title] Discuss retirement with your partner, if you have one. [step] Work with your partner to set retirement age goals, estimate retirement expense and income, and set savings goals. Factor in their retirement accounts, if they have individual savings, and social security earnings.",D,"Context:
""[header] How to plan for retirement in your 30s [title] Discuss retirement with your partner, if you have one. [step] Work with your partner to set retirement age goals, estimate retirement expense and income, and set savings goals. Factor in their retirement accounts, if they have individual savings, and social security earnings.""

Which of the following endings best completes the context?

Choices:
A. [title] Evaluate if you'd like to finance an 401 (k) plan. [step] If you have any life goals beyond retirement or if you've already committed to retirement, you may want to consider a plan.
B. Since all of you are getting into retirement, separate your retirement income from your social security account to help figure out what's in each account and where you will be spending money per year. [title] Determine whether or not to raise money by yourself.
C. To make retirement requirements as easy as possible for both of you, you should communicate your financial situation with your partner and say the following : [substeps] "" i know you're under a bit of uncertainty about your retirement age. It doesn't hurt to set an additional financial goal for either of us to discuss.
D. Talk about how you each foresee living in retirement and about your expectations for your living standards. [substeps] For example, discuss whether you intend to save money in retirement by moving into a smaller home or condo in a location with a lower cost of living.

Reply with exactly one uppercase letter out of A, B, C, or D.
",351
13970.0,Computers and Electronics,"[header] How to wear booties [title] Choose your heel height according to your fashion style, if you can't decide which ones to get. [step] Booties come in all sorts of shapes and styles. Certain heel heights, however, are associated with certain styles.",A,"Context:
""[header] How to wear booties [title] Choose your heel height according to your fashion style, if you can't decide which ones to get. [step] Booties come in all sorts of shapes and styles. Certain heel heights, however, are associated with certain styles.""

Which of the following endings best completes the context?

Choices:
A. For example, heeled booties are often seen as being more chick fashionable, while flat ones are seen as being more casual and down to earth. [substeps] Booties with a flat heel are best for a hipster or boho look, especially if they are made from brown leather.
B. Some to talk about are : [substeps] If you are tall one foot to the side of the other and so on, your support position for this pull-up will be highest. With this in mind, however, you probably want to order the opposite foot from the other heel.
C. Common heights range from maintaining a height of 8 inches (20. 3 cm), looking different from one that is shorter, to standing for a while, as the knee height is determined by the gender of your shoes.
D. In particular, the top of your red dress, or lower also puts a wedge-shaped heel on the bottom of your shoe. Shoes with weight frames can make it look slightly higher in order to fit more easily, so for a go-to style you can pair it with something professional like skinny or houndstooth tops or skirts.

Reply with exactly one uppercase letter out of A, B, C, or D.
",360
39334.0,Food and Entertaining,"[header] How to make a cucumber mojito [title] Pour the lime juice and the cucumber into a food processor or blender. [title] Puree the ingredients. [title] Place the lime wedges, mint and sugar into an old-fashioned glass.",B,"Context:
""[header] How to make a cucumber mojito [title] Pour the lime juice and the cucumber into a food processor or blender. [title] Puree the ingredients. [title] Place the lime wedges, mint and sugar into an old-fashioned glass.""

Which of the following endings best completes the context?

Choices:
A. [title] Fill the glass 4/3 with ice. [title] Pour the sour cream into the glass until it is full.
B. [title] Muddle the ingredients inside the glass with a muddler or with the back of a spoon. [title] Add the cucumber-lime juice puree to the glass.
C. [title] Pour a small amount of orange gelatin into the glass. [title] Squeeze the juice from an orange and add it to the glass.
D. [title] Pour in enough lime juice and sugar to make about 1/2 cup/60ml of lemonade. [title] Pour the mixture into a blender or a canning container.

Reply with exactly one uppercase letter out of A, B, C, or D.
",269
34113.0,Food and Entertaining,"[header] How to make fishball sauce (street style ) [title] Make a cornstarch slurry. [step] Place 3 tablespoons of water and 3 tablespoons of cornstarch in a small bowl. Use a fork, spoon or small whisk to completely combine the water and cornstarch.",A,"Context:
""[header] How to make fishball sauce (street style ) [title] Make a cornstarch slurry. [step] Place 3 tablespoons of water and 3 tablespoons of cornstarch in a small bowl. Use a fork, spoon or small whisk to completely combine the water and cornstarch.""

Which of the following endings best completes the context?

Choices:
A. The slurry will appear thin and white. [substeps] The cornstarch will help your sauce thicken and the slurry will prevent the sauce from becoming lumpy as it cooks.
B. Stir the mixture well with a small whisk, so the slurry gets thick. [substeps] If you're making homemade-style guacamole-soy sauce, remove the starter from the refrigerator and place the head aside in a larger bowl.
C. Drizzle about 1 cup of black glue on top of the bowl for extra coverage. Pour in the cornstarch over the water to cover it all.
D. If you don't have cornstarch handy, or if you're a lady, you can make your own just in preparation for the boiling process. [substeps] The cornstarch should take approximately 2-3 minutes to combine and form into a paste.

Reply with exactly one uppercase letter out of A, B, C, or D.
",320
28514.0,Computers and Electronics,"[header] How to use the apple magic keyboard [title] Turn on the magic keyboard. [step] The power button is on the back edge of the keyboard on the left side. When you press it, the green light will turn on.",D,"Context:
""[header] How to use the apple magic keyboard [title] Turn on the magic keyboard. [step] The power button is on the back edge of the keyboard on the left side. When you press it, the green light will turn on.""

Which of the following endings best completes the context?

Choices:
A. When it doesn't turn on, press the home button. [title] Press and hold the letter to power on the keyboard.
B. [title] Look behind the keyboard, near the battery-powered keypad. [step] You should see a red square with the message "" turn off keyboard.
C. [substeps] To turn on the magic keyboard, press the power button and hold down the power button for a few seconds. Once the lights on the magic keyboard turn on, grab your magic keyboard and press it with two fingers.
D. [substeps] The magic keyboard has an internal battery that must be charged. If the keyboard doesn't turn on, use the lightning-to-usb cable to charge it now.

Reply with exactly one uppercase letter out of A, B, C, or D.
",254
36428.0,Youth,"[header] How to be like sharpay evans in every single way [title] Watch the movie to get a better understanding of sharpay's personality. [title] Sharpay's clothes are very glitzy, girly and glamorous, so yours should be, too. [step] Look at pictures of her.",C,"Context:
""[header] How to be like sharpay evans in every single way [title] Watch the movie to get a better understanding of sharpay's personality. [title] Sharpay's clothes are very glitzy, girly and glamorous, so yours should be, too. [step] Look at pictures of her.""

Which of the following endings best completes the context?

Choices:
A. [title] Do sharpay's hair and makeup. [step] Make it smell mysterious and like you like her.
B. Sharpay does not care a lot about fashion and has no problem dressing up. Look at pictures that bring you into her inner goth.
C. What is she wearing? Do you have anything similar? Or something in the same style? Buy things that are pink, sparkly, sequined, fashionable and girly. Buy lots of glitzy jewelry and accessories to match your outfits, too.
D. The number one difference is that she doesn't wear designer clothes or anything like that. Take out some nice ones, as they don't automatically win cash or very much which which is why these are so trendy on the game.

Reply with exactly one uppercase letter out of A, B, C, or D.
",285
3777.0,Pets and Animals,"[header] How to cure frequent dog vomiting [title] Determine if your dog simply has an upset stomach. [step] Acute vomiting happens suddenly and forcefully. The dog vomits and vomits until there is nothing left in its stomach to vomit, except for yellow bile.",A,"Context:
""[header] How to cure frequent dog vomiting [title] Determine if your dog simply has an upset stomach. [step] Acute vomiting happens suddenly and forcefully. The dog vomits and vomits until there is nothing left in its stomach to vomit, except for yellow bile.""

Which of the following endings best completes the context?

Choices:
A. If your dog has an upset stomach, this acute vomiting should pass quickly. [substeps] If you know your dog has eaten a food or substance that does not agree with it immediately stop your dog from gaining access to that item.
B. To check on your dog's health, call a veterinarian or contact the emergency services. [substeps] Watch your dog closely when it vomits to assess whether it is being treated.
C. This vomiting is mild enough to be considered no cause of any concern. Once symptoms develop, it is usually a symptom of another medical issue in the dog.
D. Small, red blotches develop on the dog's abdomen every few minutes, although usually they be lighter blue than pink. If your dog is vomiting specifically because it appears dehydrated, you should look out for yellow blotches.

Reply with exactly one uppercase letter out of A, B, C, or D.
",295
6506.0,Philosophy and Religion,"[header] How to teach a sunday school [title] Get to know the children. [step] Take a few minutes at the beginning of each class to make name tags and play a small game where you point to someone, and they give their name, age, and a hobby or two. [title] Have your lesson plan handy.",C,"Context:
""[header] How to teach a sunday school [title] Get to know the children. [step] Take a few minutes at the beginning of each class to make name tags and play a small game where you point to someone, and they give their name, age, and a hobby or two. [title] Have your lesson plan handy.""

Which of the following endings best completes the context?

Choices:
A. [step] Make sure you have your curriculum notes. A calculator works well, but a printed one is best.
B. [step] Try doodling, drawing, whistling, singing, etc. There are many great ways to familiarize the children with day to day life.
C. [step] Go in order, but improvise if needed. Go with the flow and remember that these are just little kids, so anything could happen.
D. [step] You want a cue word for the lesson, something that the child can repeat and then mimic. You might be teaching the children the word shuffle that really sets the tone and builds the mood.

Reply with exactly one uppercase letter out of A, B, C, or D.
",263
965.0,Finance and Business,"[header] How to reduce the cost of long term care insurance [title] Buy early. [step] Purchasing long term care insurance early, ideally during your 50s, can reduce your premiums considerably. This is the reason why long term care planning should be done way ahead as well.",B,"Context:
""[header] How to reduce the cost of long term care insurance [title] Buy early. [step] Purchasing long term care insurance early, ideally during your 50s, can reduce your premiums considerably. This is the reason why long term care planning should be done way ahead as well.""

Which of the following endings best completes the context?

Choices:
A. Early onset coverage can reduce the cost a particular policy will deal with, if the severity of the illness seems to be affected. When buying insurance, contact the insurance agency and inquire about potential offerings.
B. [substeps] Acquiring a policy at this stage is highly encouraged for two reasons. First, it may mean a lower premium for you.
C. Additionally, if you buy the insurance early, you are guaranteed a lower premium. [substeps] Buying insurance ahead of time is the best way to set up a short term care plan.
D. To reduce the costs of regular medical care, consider purchasing late-term care insurance companies. These companies are more responsive to medical coverage and offer lower premiums.

Reply with exactly one uppercase letter out of A, B, C, or D.
",267
23853.0,Cars & Other Vehicles,"[header] How to dehumidify a car [title] Vacuum up lots of water with a wet/dry vac. [step] If your car is soaked or if there's a lot of standing water, you'll want to start by getting that out. Use a wet/dry vac to remove the excess water.",A,"Context:
""[header] How to dehumidify a car [title] Vacuum up lots of water with a wet/dry vac. [step] If your car is soaked or if there's a lot of standing water, you'll want to start by getting that out. Use a wet/dry vac to remove the excess water.""

Which of the following endings best completes the context?

Choices:
A. Take off the top of the vacuum and remove the dry filter. Then plug in the vacuum and start sucking up the water! [substeps] If you don't have a wet/dry vac, you can rent one from a hardware retailer or an appliance rentals center.
B. Be sure to water all seats and reinstall the doors in yours if possible. [substeps] These steps will take a while, and should be included in your breakdown kit.
C. [title] Install a multi-pump air filter. [step] You can find rain-proof and waterproof air filters by asking your local mechanic if they have one available.
D. [substeps] You can find wet/dry vacuums specifically for upholstery, and generally more efficient to use on upholstered cars. Dirty/overly wet vacuums may not produce enough water to help cool the car.

Reply with exactly one uppercase letter out of A, B, C, or D.
",319
14459.0,Pets and Animals,[header] How to make a fishing pond [title] Decide the placement of the pond. [step] It should be away from the entertaining area so as not to attract insects. It is also a good idea to keep it away from babies and toddlers who might have access to it.,C,"Context:
""[header] How to make a fishing pond [title] Decide the placement of the pond. [step] It should be away from the entertaining area so as not to attract insects. It is also a good idea to keep it away from babies and toddlers who might have access to it.""

Which of the following endings best completes the context?

Choices:
A. [title] Find a good place to set up your ponds. [step] A fish pond, for example, will also be best, as you can cover all your ponds with frogs.
B. [substeps] Do not allow the pond water to drop below freezing, however. In fact, take this information and keep it to yourself.
C. [title] Decide how big your pond should be : [step] Choose a nice size for your pond according to your garden and also the shape. Like circle, square or the typical pond shape (slightly bigger one side ) [title] Is the soil suitable? [step] : check that your soil does not soak up the water quickly by pouring some water over the soil.
D. Observing the water will be what catches their attention later on in the day, when it is less likely to attract them to the pond. [substeps] A big pond that does not drain well is especially desirable as it is less likely to attract flies.

Reply with exactly one uppercase letter out of A, B, C, or D.
",335
48066.0,Health,"[header] How to live with both ibs and gerd [title] Know and avoid your trigger foods. [step] Although completely separate conditions, both ibs and gerd come with a set of trigger foods. These may vary from person to person, but it's essential that you're aware of your trigger foods and you avoid them.",C,"Context:
""[header] How to live with both ibs and gerd [title] Know and avoid your trigger foods. [step] Although completely separate conditions, both ibs and gerd come with a set of trigger foods. These may vary from person to person, but it's essential that you're aware of your trigger foods and you avoid them.""

Which of the following endings best completes the context?

Choices:
A. [substeps] Many people have food allergies and triggers that negatively impact quality of life. If one of your triggers is food, check out their menu to work up a few good options with little or no calories.
B. Binging on these foods may trigger your mood, lower your risk of paranoia and depression, and reduce your symptoms. Common trigger foods include : [substeps] Chicocortisone and aspirin (e.g.
C. [substeps] If you're not fully sure what foods set off your symptoms, start a food/symptom journal. Write down everything you eat, the symptoms that follow and the severity of the symptoms.
D. The second the disorder begins to manifest on you, know the entire progression so you'll be able to identify triggers more easily. [substeps] Trigger foods are foods such as ice cream, energy drinks, chocolates, candy, pop, and more.

Reply with exactly one uppercase letter out of A, B, C, or D.
",326
11463.0,Food and Entertaining,"[header] How to make baked red peppers stuffed with spinach, shallots and fresh sage [title] Preheat oven to 350 ° f (177 ° c). [title] Heat 1 tbsp. Of olive oil in a large skillet over medium-high heat. [title] Add the spinach, cover, and cook for 2 to 3 minutes, until just wilted.",B,"Context:
""[header] How to make baked red peppers stuffed with spinach, shallots and fresh sage [title] Preheat oven to 350 ° f (177 ° c). [title] Heat 1 tbsp. Of olive oil in a large skillet over medium-high heat. [title] Add the spinach, cover, and cook for 2 to 3 minutes, until just wilted.""

Which of the following endings best completes the context?

Choices:
A. [title] Add the zucchini to the skillet, and sauté for 1 to 2 more minutes. [title] Stir in the telendrons (cut or sliced, as a whole) and mushrooms.
B. [title] Remove and drain in a colander. [title] Press excess liquid out, then finely chop.
C. [title] Turn off the heat when they're slightly wilted. [title] Add the boiled red peppers and chopped garlic (optional).
D. [title] Lower the heat to 20 degrees fahrenheit (75 degrees celsius). [title] Cover the skillet and let the vegetables cook in butter for 1 minute, stirring occasionally, until the vegetables are light and soft.

Reply with exactly one uppercase letter out of A, B, C, or D.
",311
29060.0,Health,"[header] How to handle caffeine overdose [title] Call poison control. [step] This is especially important if you realize you've taken a medication high in caffeine or eaten or drank something high in caffeine. Foods that are high in caffeine include things like chocolate, and beverages like tea and coffee also tend to be high in caffeine.",C,"Context:
""[header] How to handle caffeine overdose [title] Call poison control. [step] This is especially important if you realize you've taken a medication high in caffeine or eaten or drank something high in caffeine. Foods that are high in caffeine include things like chocolate, and beverages like tea and coffee also tend to be high in caffeine.""

Which of the following endings best completes the context?

Choices:
A. [substeps] Make sure to place a call to poison control over the internet so you can access all of the information as quickly as possible. Also watch out for the belief that avoiding caffeine from your diet can trigger an overdose.
B. These are considered clinically low-grade behaviors. So if you suspect you're in the habit of eating junk food or other processed foods while taking otc medication, contact poison control.
C. If you have symptoms like difficulty breathing, call poison control right away to figure out how to handle the problem. [substeps] The national poison control center (1-800-222-1222) in the united states can be reached at any time of day.
D. Focus your call on caffeine-free coffee (skim milk) and skim milk or tea. Add crushed nuts, hard candies, whole grains, or smoothies to your list of important foods.

Reply with exactly one uppercase letter out of A, B, C, or D.
",332
21810.0,Health,[header] How to improve sexual stamina [title] Take it slow. [step] Sex doesn't have to be fast and furious. Keep your movements slow and steady and let stimulation build gradually.,A,"Context:
""[header] How to improve sexual stamina [title] Take it slow. [step] Sex doesn't have to be fast and furious. Keep your movements slow and steady and let stimulation build gradually.""

Which of the following endings best completes the context?

Choices:
A. Instead of being forceful, tease and titillate your partner by holding back and varying the angle, speed and deepness of penetration. When both partners are ready you can speed up together for an explosive finish.
B. It's important that you don't overdo the pace, make your partner harder and harder, or make matters worse by adding "" blogging. "" try to build up the speed as quickly as possible.
C. Remember, sexual stamina is not a recipe for perfection, and you'll probably act out of fear. [substeps] Speed is key to getting you ready for this.
D. If you get too sweaty, it might feel like you're just going through the motions, what's even better? Build stamina for pleasure. [substeps] Excitement can have a big negative effect on sex.

Reply with exactly one uppercase letter out of A, B, C, or D.
",276
16841.0,Home and Garden,[header] How to make a gel candle [title] Start the heat. [step] There are two ways to warm up your gel wax do the desired temperature: a pouring pot on the stove or a glass measuring cup in the oven. Both ways require patience.,A,"Context:
""[header] How to make a gel candle [title] Start the heat. [step] There are two ways to warm up your gel wax do the desired temperature: a pouring pot on the stove or a glass measuring cup in the oven. Both ways require patience.""

Which of the following endings best completes the context?

Choices:
A. [substeps] If you want to use a pouring pot, cut up the gel into sizable pieces and place in the pot, on a low to medium flame. Let the gel wax melt until it takes on a thick, syrupy consistency.
B. Wait till everything is warmed up or the wax will melt at the wrong temperature. [substeps] The amount of time this takes will depend on the kind of candle you are making, but in general 1.5 minutes is the recommended amount to warm up.
C. Keeping an open area of your space safe will make it easier to apply gel wax on the mat. Using a candle holder is also an option.
D. The most reliable way to warm up is by heating in a glass or aluminium container, as this increases the heat and trims the wax. Keep in mind that the common ways to warm up your wax are with laying it on the top of the container.

Reply with exactly one uppercase letter out of A, B, C, or D.
",301
7439.0,Work World,[header] How to improve employee morale [title] Realize that the first step begins with the employer. [step] To recognize the value of your employees is key. Many business have the attitude that employees are a' dime a dozen'.,C,"Context:
""[header] How to improve employee morale [title] Realize that the first step begins with the employer. [step] To recognize the value of your employees is key. Many business have the attitude that employees are a' dime a dozen'.""

Which of the following endings best completes the context?

Choices:
A. Over a century ago, american employers were considered to be "" top-notch in their fields. "" but today they seem to think there is a whole world of improvement.
B. Therefore, it's easy to overlook a person's managerial qualities and skills. For example, they may not be confidently motivated or organized.
C. If one leaves, another can be found to take their place without much trouble on their part. While this maybe true to some extent, the cost of advertising, interviewing and training the new employee can be prohibitive.
D. For the fitter, this does not apply. ( think the person who works usually a bonuses package i have for her company, etc.

Reply with exactly one uppercase letter out of A, B, C, or D.
",249
42572.0,Health,"[header] How to strengthen your nails [title] Trim your nails regularly. [step] If you let your nails grow too long and get jagged and rough, they are more likely to break off and get weaker. Your nails are kind of like your hair-without regular upkeep, they start to get weaker at the tips.",C,"Context:
""[header] How to strengthen your nails [title] Trim your nails regularly. [step] If you let your nails grow too long and get jagged and rough, they are more likely to break off and get weaker. Your nails are kind of like your hair-without regular upkeep, they start to get weaker at the tips.""

Which of the following endings best completes the context?

Choices:
A. As you see, sticking to a simple amount of cutting and filing will ensure you don't have to clip or file your nails every two days. [substeps] Aim to get at least 1 inch (2.5 cm) off your nail every five days.
B. This can lead to the uneven ends and edges of your nails falling out. [substeps] Cut your nails to a normal length and clip them at regular intervals into the shape you desire.
C. Trimming your nails regularly is one important way to help them stay strong. [substeps] Trim your nails with a nail clipper or nail scissors-not a regular pair of scissors or any other type of trimming instrument.
D. [substeps] If you want to be more conservative in all areas of your body, trim your nails once a week at least. Clip shorter nails every other day, especially on the sides.

Reply with exactly one uppercase letter out of A, B, C, or D.
",316
900.0,Finance and Business,[header] How to avoid eviction [title] Make timely payments. [step] The easiest way to avoid eviction is to pay your rent on time. Read your lease to see if there is any grace period (such as three or five days).,D,"Context:
""[header] How to avoid eviction [title] Make timely payments. [step] The easiest way to avoid eviction is to pay your rent on time. Read your lease to see if there is any grace period (such as three or five days).""

Which of the following endings best completes the context?

Choices:
A. If you are provided a written payment schedule, then this provides you with access to the rent on time and increases your chance of successfully evicting the tenant. [substeps] Typically, you can afford to pay a large stipend based on the amount owed on your lease.
B. If there is no grace period, you could still avoid eviction. [substeps] Generally, if you paid rent on a standard 8.5 to 11 week basis, your due date will be 4 months from the date you first made your payments.
C. If you are late, there may be an option for you to suspend your rental agreement. The grace period may also depend on how much you are paying.
D. In any event, you should pay your full rent when it is due. [substeps] Try to get receipts for your rent, also.

Reply with exactly one uppercase letter out of A, B, C, or D.
",289
7031.0,Relationships,"[header] How to say no respectfully [title] Give yourself rules about how much you can do. [step] Your impulse might be to say "" yes "" to everything. This can result in you becoming exhausted, overbooked, and stressed out.",B,"Context:
""[header] How to say no respectfully [title] Give yourself rules about how much you can do. [step] Your impulse might be to say "" yes "" to everything. This can result in you becoming exhausted, overbooked, and stressed out.""

Which of the following endings best completes the context?

Choices:
A. When you are in a traffic jam, giving yourself a warning about how much you can do can help curb the urge to "" yes "" or "" no. "" [substeps] For example, you might have popped one of the driver lights at a stop light on a busy interstate.
B. Instead of defaulting to "" yes, "" be prepared to say "" no. "" you can do this by creating a structure for how you spend your time.
C. Take a moment to recognize the rules that you have that you won't completely understand. After you've identified your limits and your priorities, it's time to say no.
D. You might become frustrated and have the urge to say "" no. "" before things get bad, set realistic ground rules about what you can do and wouldn't want to do.

Reply with exactly one uppercase letter out of A, B, C, or D.
",276
29850.0,Home and Garden,[header] How to install formica [title] Select the correct formica or other laminate for your project. [step] Most places that sell laminate will provide sample chips for you to take home and compare to the house's color scheme. Take several of these home and test for additional properties to help you decide.,A,"Context:
""[header] How to install formica [title] Select the correct formica or other laminate for your project. [step] Most places that sell laminate will provide sample chips for you to take home and compare to the house's color scheme. Take several of these home and test for additional properties to help you decide.""

Which of the following endings best completes the context?

Choices:
A. Also keep in mind that you can purchase formed laminate to fit your counter if you do not wish to do the sawing yourself. [substeps] A matte finish will hide wear and tear better than a glossy laminate, which is easily scratched, but may require more cleaning.
B. [substeps] Depending on your project, many formica or other laminate products will come with different wording with different features. Some may be adapted to different sizes of materials.
C. [title] Check your home's construction materials. [step] What materials do you need to create a house like this? Consider : [substeps] Board or veneer.
D. [substeps] Microfiber formica planks are similar to plywood, but their crevices are easily covered and may not need handling. In a pinch, you can even roll and staple the strips to the back of the formica/laminate; essentially, you won't risk damaging them.

Reply with exactly one uppercase letter out of A, B, C, or D.
",338
10012.0,Education and Communications,"[header] How to answer point of informations in a debate [title] Plan on when to accept pois during your argument. [step] Before giving your argument, determine where in your speech will be the best times to address pois and only accept them during those times. The best time to accept pois is during the parts of your speech where you are most confident and knowledgeable.",D,"Context:
""[header] How to answer point of informations in a debate [title] Plan on when to accept pois during your argument. [step] Before giving your argument, determine where in your speech will be the best times to address pois and only accept them during those times. The best time to accept pois is during the parts of your speech where you are most confident and knowledgeable.""

Which of the following endings best completes the context?

Choices:
A. [substeps] If you don't want to volunteer time during scheduled periods, then skip out on these rehearsals. Instead, you could drop in after the debates and skip out if pois simply a financial concern.
B. Keep in mind that pois will not answer your question and may later take a different time to respond. [substeps] During pois, you will need to show powerhouses, and social media support, so aim for those and put on these if possible.
C. Often, pois are not challenged during debates, but usually are completed in silence, so it's easy to ignore them when you're intimidated. [substeps] Never fire off an argument, answer later or at an earlier date, during a conflict.
D. Most debate formats will require you to take at least two pois during your argument. There are advantages and disadvantages to taking both pois at the beginning, at the end, or spreading them out.

Reply with exactly one uppercase letter out of A, B, C, or D.
",336
1136.0,Personal Care and Style,"[header] How to adopt a natural beauty routine for oily skin [title] Wash your face twice daily. [step] Doing so helps remove dirt and excess oil. Use warm water and gentle soaps, as harsh skincare products can increase oil production.",C,"Context:
""[header] How to adopt a natural beauty routine for oily skin [title] Wash your face twice daily. [step] Doing so helps remove dirt and excess oil. Use warm water and gentle soaps, as harsh skincare products can increase oil production.""

Which of the following endings best completes the context?

Choices:
A. If your face is oily, to keep dry skin from becoming irritated, keep your face moisturized. [substeps] You can also use a humidifier to keep your skin smelling fresh, although don't overdo it.
B. Make sure you use a gentle cleanser. [title] Choose both body hair and face wash.
C. Some natural gentle soaps include clay-and charcoal-based soaps, black soap, and milk soap. Glycerin soap is also very gentle.
D. [substeps] If you're looking for a face scrub that suits your complexion, consider looking for a cosmetics application tutorial or website. Learn about your facial features, and follow up with a cleanser, moisturizer, or acne cleanser.

Reply with exactly one uppercase letter out of A, B, C, or D.
",274
49807.0,Health,"[header] How to calculate market share [title] Determine the period you want to examine for each company you are investigating. [step] In order to make sure you are making an apples-to-apples comparison, you must examine sales in a specific time period. You can examine the sales over the length of a quarter, a year, or over several years.",A,"Context:
""[header] How to calculate market share [title] Determine the period you want to examine for each company you are investigating. [step] In order to make sure you are making an apples-to-apples comparison, you must examine sales in a specific time period. You can examine the sales over the length of a quarter, a year, or over several years.""

Which of the following endings best completes the context?

Choices:
A. [title] Calculate the company's total revenue (also called total sales). [step] All publicly-traded companies must release quarterly or annual financial statements.
B. [substeps] Market studies report that you can calculate market share by dividing your total market share by the number of shares sold. That number represents the total number of shares you need for the company to successfully manage its profit margin.
C. You will then extrapolate your thoughts into the time period to make sure it is reasonable. [substeps] If you are examining sales in a specific period, write down this information.
D. [substeps] You can multiply these two numbers by two to determine a year's time period. For example, assume you are analyzing a roughly 120% increase in sales from the years before january 1 , 2014.

Reply with exactly one uppercase letter out of A, B, C, or D.
",312
12053.0,Family Life,"[header] How to feather your hair [title] Learn what feathering is. [step] A feathered hairstyle is a look that is created with layered hair, with smooth layers that flip out and back looking almost like the overlapping feathers on a bird. The hair is usually parted down the middle and then curled back away from the face.",C,"Context:
""[header] How to feather your hair [title] Learn what feathering is. [step] A feathered hairstyle is a look that is created with layered hair, with smooth layers that flip out and back looking almost like the overlapping feathers on a bird. The hair is usually parted down the middle and then curled back away from the face.""

Which of the following endings best completes the context?

Choices:
A. [substeps] Feathered hair includes two feathers if you have spiky or layered hair, two feathers if you are long, and two feathers if you are short. Try to use a feather that fades fairly easily after you use it.
B. However, it can also be teased or knotted around one side of the head or clipped at the front. [title] Wear feather skirts, headbands, hats, and gloves.
C. It requires a finely-textured layered hairstyle and can be created from short and smooth hair or long and curly. However, if you feather curly hair, the feathers will only be visible when you straighten your hair.
D. The feathered parts of the hair are pinned back with clip in at the temples, and are often worn with aviator sunglasses. In actuality, feathered hair is made up of softer hairs located on the top layer of hair about half an inch larger than the previous layer.

Reply with exactly one uppercase letter out of A, B, C, or D.
",353
26140.0,Food and Entertaining,[header] How to make nduja paste [title] Cut the pork and fat into slices or strips. [step] Place 2.2 pounds (1.00 kg) of pork meat such as pancetta or guanciale and 2.2 pounds (1.00 kg) of pork fat on your work surface. Cut the meat and fat into 2 in (5 cm) wide slices.,B,"Context:
""[header] How to make nduja paste [title] Cut the pork and fat into slices or strips. [step] Place 2.2 pounds (1.00 kg) of pork meat such as pancetta or guanciale and 2.2 pounds (1.00 kg) of pork fat on your work surface. Cut the meat and fat into 2 in (5 cm) wide slices.""

Which of the following endings best completes the context?

Choices:
A. [substeps] The slices should be quarter-inch (6.4 cm) thick. [title] Coat each slice or strips with oil.
B. [substeps] The size of the slices doesn't really matter as long as you can easily fit them into your grinder. [title] Grind the meat and fat 2 times.
C. [substeps] Make sure you trim back any stringy pieces. [title] Dice the pork into rotisserie strips for fillings and potato bits.
D. Next, use a meat tenderizer, such as a hammer or knife to round out the pork pieces. [title] Place the pork on the cutting board.

Reply with exactly one uppercase letter out of A, B, C, or D.
",296
11408.0,Throwing darts,"The man turns away from the camera, standing at a profile view and facing a dartboard attached to a wall, he starts aiming at the dartboard with the darts in his hand. the man",B,"Context:
""The man turns away from the camera, standing at a profile view and facing a dartboard attached to a wall, he starts aiming at the dartboard with the darts in his hand. the man""

Which of the following endings best completes the context?

Choices:
A. is suddenly pitched backwards as he flies across the dartboard and lands on a dartboard, screaming out in pain.
B. then throws three darts against the dartboard, two of which stick to the board, the man goes to retrieve a dart from the board and gestures with his fist and a smile.
C. accidentally shoots a dart at the dartboard.
D. turns to split his shot, after playing hard, instead he throws the darts over the dartboard with an arrow.

Reply with exactly one uppercase letter out of A, B, C, or D.
",205
4778.0,Pets and Animals,"[header] How to take care of a friend's dog [title] Make sure you have the time and space to care for a dog. [step] If a friend asks you to watch their dog, only agree to do so if you have the time and space in your life. If you live in a tiny apartment and already have two dogs, adding a third might be stressful and overwhelming.",B,"Context:
""[header] How to take care of a friend's dog [title] Make sure you have the time and space to care for a dog. [step] If a friend asks you to watch their dog, only agree to do so if you have the time and space in your life. If you live in a tiny apartment and already have two dogs, adding a third might be stressful and overwhelming.""

Which of the following endings best completes the context?

Choices:
A. Make sure you can commit to caring for both dogs at one time. You don't need more than a couple of hours if you can budget it.
B. If you work a 60 hour week and barely have any spare time, you might not be the best dog sitting candidate for your friend. [substeps] Consider the dog's activity level.
C. Both dogs need to be included in your lifestyle and find homes in the same community. [substeps] You won't be able to manage two dogs if you feel overwhelmed.
D. Only let someone else watch it until they've got it at home. [substeps] Make sure you have enough space to work with the dog each week and pay for monthly expenses.

Reply with exactly one uppercase letter out of A, B, C, or D.
",286
38885.0,Home and Garden,"[header] How to decorate a laundry room [title] Group cleaning supplies together. [step] Separate your must-have cleaning items into different types, like pre-wash or treatment items, stain-removing items, and post-wash items. Organize them in their own containers for quick access and to prevent damage if something leaks out.",B,"Context:
""[header] How to decorate a laundry room [title] Group cleaning supplies together. [step] Separate your must-have cleaning items into different types, like pre-wash or treatment items, stain-removing items, and post-wash items. Organize them in their own containers for quick access and to prevent damage if something leaks out.""

Which of the following endings best completes the context?

Choices:
A. [substeps] If you're in a rush, only make the mess you need later on. Plan ahead and allow yourself a portion to have to work with when you're rearranging your laundry for safe cleaning purposes.
B. [title] Transfer bulk items to manageable sizes. [step] Buying in bulk can ease the financial strain associated with your chores, so divide dry items into smaller, refillable containers.
C. [substeps] Keep larger items in a separate container for instance, dividers with lids or cardboard boxes with spaces between them for protection. Keep smaller items and piles of smaller items in separate containers for maximum durability.
D. Start by working one cleaning pile at a time and organizing the chemicals and rubbing alcohol into each layer. Once all the cleaning and treatment materials are together, take your cleaning (er) bucket and hot water (for regular use), or load your laundry.

Reply with exactly one uppercase letter out of A, B, C, or D.
",321
1143.0,Home and Garden,"[header] How to keep wooden window frame paintwork in good shape [title] Use quality paint whenever you repaint windows. [title] Expect to have to repaint your windows every second year. [step] In between, it may be necessary to retouch the paintwork.",C,"Context:
""[header] How to keep wooden window frame paintwork in good shape [title] Use quality paint whenever you repaint windows. [title] Expect to have to repaint your windows every second year. [step] In between, it may be necessary to retouch the paintwork.""

Which of the following endings best completes the context?

Choices:
A. [title] Especially ask for a specialty paint that is varnish resistant. [step] This paint will not damage the painted surfaces even more than it already is.
B. Paint your windows another color and repaint with and same colors, but be sure to apply white on dark ones, to keep it from fading. [title] Use a paint thinner gun for vertical vertical and horizontal boards.
C. [substeps] If you use exterior primer before you paint, the paint will last 10 years or more. I painted a building 10 years ago with exterior behr primer and exterior behr paint and it still has not peeled.
D. You may need to paint the top and bottom panels of your window frame to match up. [title] Clean your frames after repainting.

Reply with exactly one uppercase letter out of A, B, C, or D.
",279
23738.0,Computers and Electronics,"[header] How to contact lyft [title] Submit a ride complaint through the lyft app. [step] Open your lyft app and tap your profile photo in the top left corner of the screen. Select the "" ride history "" option, then locate the ride in question and tap on it.",B,"Context:
""[header] How to contact lyft [title] Submit a ride complaint through the lyft app. [step] Open your lyft app and tap your profile photo in the top left corner of the screen. Select the "" ride history "" option, then locate the ride in question and tap on it.""

Which of the following endings best completes the context?

Choices:
A. When you have successfully submitted your ride for the day at which you want to contact lyft, tap "" finish "". From the contact list, tap the "" add "" button next to your option.
B. Scroll down to the bottom of the ride information page, tap the button marked either "" get help "" or "" request review, "" and follow the on-screen instructions to submit your complaint. [substeps] This is the easiest way to deal with things like false charges, discount or promotional issues, and poor driver behavior.
C. Tap "" submit "" on the pop-up and details window to proceed. [substeps] If you are still having problems with finding your ride to lyft app, you can call lyft from a cell phone, message message, or email.
D. [substeps] The ride list will display the ride information about the vehicle in question. Tap the "" submit "" button to pursue the purchase.

Reply with exactly one uppercase letter out of A, B, C, or D.
",308
3156.0,Cars & Other Vehicles,"[header] How to dispute a speeding ticket in california [title] Remember what you told the police officer. [step] Before you can craft a defense, you need to remember what you told the officer when you were pulled over. If you in any way admitted that you were speeding, then it will be very difficult for you to dispute the speeding ticket.",A,"Context:
""[header] How to dispute a speeding ticket in california [title] Remember what you told the police officer. [step] Before you can craft a defense, you need to remember what you told the officer when you were pulled over. If you in any way admitted that you were speeding, then it will be very difficult for you to dispute the speeding ticket.""

Which of the following endings best completes the context?

Choices:
A. [substeps] You can admit that you were speeding in various ways. For example, the officer may have asked if you were speeding.
B. Therefore, defend yourself by writing down all the details you remember about the incident, such as your phone number and contact information. [substeps] For example, you might write: "" i pulled you over for speeding when you were under the influence of alcohol and drugs.
C. [substeps] Some situations are, at this stage, more complex. Start by arguing that you saw the officer try to crank in the lights.
D. [substeps] If you can't remember anything from what was said in conversation between you and the officer, then you could still argue that you intentionally stopped the car when it was blue. [title] Allege that you were pulled for vandalizing a house.

Reply with exactly one uppercase letter out of A, B, C, or D.
",306
15465.0,Relationships,[header] How to talk to the resistant parent of a gay child [title] Talk with them. [step] Talking with the parents of a gay child has to be done very delicately to determine if they want to discuss the situation. Determine if the parents are even willing to have dialog.,D,"Context:
""[header] How to talk to the resistant parent of a gay child [title] Talk with them. [step] Talking with the parents of a gay child has to be done very delicately to determine if they want to discuss the situation. Determine if the parents are even willing to have dialog.""

Which of the following endings best completes the context?

Choices:
A. This is the most critical step to resolving this matter and if they are willing to talk about the matter politely (without being tactless). [substeps] Calmly approach the parents or step outside.
B. If they discuss it privately, they'll likely move into the conversation cautiously. [substeps] Stay calm and casual when you're talking to the parents.
C. If the parents don't want to talk to you or they may be afraid of confronting you, then communication may be the best option for them. [substeps] Don't force your way in.
D. If they are not willing, then there is simply nothing that anyone can do. [title] If the parents are willing, then do your best to reassure without being condescending.

Reply with exactly one uppercase letter out of A, B, C, or D.
",281
35733.0,Finance and Business,[header] How to back out of an online purchase [title] Cancel online immediately. [step] Quickly navigate to the website. Then find the manage orders or customer service tab.,B,"Context:
""[header] How to back out of an online purchase [title] Cancel online immediately. [step] Quickly navigate to the website. Then find the manage orders or customer service tab.""

Which of the following endings best completes the context?

Choices:
A. Use the text field to quickly fill in all required information. Click the toggle continue button; this will confirm the cancellation.
B. In this section, you'll be able to navigate to a list of your online purchases. Look for the specific purchase and cancel it.
C. [title] Click on the "" submit "" button. [step] This will prompt a confirmation pop-up telling you you have successfully backed-out of the online purchase.
D. Click on the link that says "" cancel subscription "" or "" right click and select the debit or credit card payment method. "" [substeps] Fill out the form next to "" cancel subscription.

Reply with exactly one uppercase letter out of A, B, C, or D.
",224
20063.0,Relationships,"[header] How to plan a date [title] Select a date activity. [step] In general, the person who asks for a date also chooses the activities--however, it is perfectly appropriate (and advisable) to ask the other person's input. If you do not know your date very well, (especially on a first date) you might want to choose an activity with broad appeal that most people enjoy.",A,"Context:
""[header] How to plan a date [title] Select a date activity. [step] In general, the person who asks for a date also chooses the activities--however, it is perfectly appropriate (and advisable) to ask the other person's input. If you do not know your date very well, (especially on a first date) you might want to choose an activity with broad appeal that most people enjoy.""

Which of the following endings best completes the context?

Choices:
A. That way chances are high that the two of you will have a great time. Try one of these typical date night venues : [substeps] Be tourists in your own city.
B. Choose one you find comfortable with based on your personal interests. [substeps] Meeting up with a friend who drives a slightly different car than you doesn't seem appropriate on a first date.
C. Here are some good ideas for date activities : [substeps] Go to a pastry shop. Get your parents' permission to try out little pastries or cakes.
D. For example, if you're going out to dinner, planning a dinner party might be appropriate. If you're out thinking about a movie, going out for pizza might not be.

Reply with exactly one uppercase letter out of A, B, C, or D.
",295
24625.0,Home and Garden,[header] How to remove acrylic paint from hair [title] Wet your hair with warm water or take a warm shower. [step] Massage the painted parts of your hair with your fingertips to soften any hardened sections. You could also take a bath to allow your hair to soak in the warm water for several minutes.,A,"Context:
""[header] How to remove acrylic paint from hair [title] Wet your hair with warm water or take a warm shower. [step] Massage the painted parts of your hair with your fingertips to soften any hardened sections. You could also take a bath to allow your hair to soak in the warm water for several minutes.""

Which of the following endings best completes the context?

Choices:
A. [title] Apply a liberal amount of shampoo to your hair and massage gently. [step] No special shampoo is required-you can just use your normal product.
B. [substeps] Be sure to check the areas where the paint is discolored. The dye does not penetrate latex, which means it won't react with latex once removed.
C. [substeps] If your hair feels quite slick or overly oil-free, cool the wet parts of your hair with an olive oil bath. This will soften the paint, but the hair still needs to feel wet.
D. [substeps] The hotter you water temperature, the easier it will be to peel off the paint. If you must use water in your hair, use lukewarm water.

Reply with exactly one uppercase letter out of A, B, C, or D.
",295
25495.0,Home and Garden,[header] How to make vermicast [title] Set up a feeding system. [substeps] Wind row system. Place food on the right hand side of the row and keep it moist.,C,"Context:
""[header] How to make vermicast [title] Set up a feeding system. [substeps] Wind row system. Place food on the right hand side of the row and keep it moist.""

Which of the following endings best completes the context?

Choices:
A. Water may flow out of the feeder or bowl. Feed the fish 3-5 times daily.
B. Place the other side on dry and are warm. Cold row system, place food in the middle row.
C. Scrape vermicast off the opposite side because the worms will gravitate towards the direction that you feed them on. Therefore you are able to remove the vermicast from the left and it won't contain any of the worms.
D. Germination trays are used in place of a feeding container. Allow for drain: ® to have watering.

Reply with exactly one uppercase letter out of A, B, C, or D.
",217
42483.0,Finance and Business,"[header] How to get cheap car insurance for young drivers [title] Be a safe driver [step] . Driving safely is the first step to keeping insurance rates low. This means driving defensively, maintaining speeds within stated limits, never driving under the influence, and obeying all traffic laws.",A,"Context:
""[header] How to get cheap car insurance for young drivers [title] Be a safe driver [step] . Driving safely is the first step to keeping insurance rates low. This means driving defensively, maintaining speeds within stated limits, never driving under the influence, and obeying all traffic laws.""

Which of the following endings best completes the context?

Choices:
A. Below are a few other considerations to improve driving habits : [substeps] Stay focused. Don't text and drive, don't be on the phone with friends.
B. Without enough drivers, you risk becoming an accident hazard and losing the insurance benefits. [title] Make sure that your vehicle is up to date.
C. Even a relatively minor license violation can have serious negative effects on the economy of the vehicle you are driving, so make sure the rules apply before trying to drive the vehicle yourself. [substeps] Be careful when driving the vehicle! Always be careful and always read licensing documents first before exceeding the limits.
D. Always put the car in park before attempting to accelerate and not drive while you are parked. Try to be as logical about your intentions as possible while also being aware of when you are driving.

Reply with exactly one uppercase letter out of A, B, C, or D.
",286
23123.0,Relationships,[header] How to get your ex to like you [title] Take some time away from one another. [step] The best friendship you can have with your ex will likely come when both of you have had the chance to move on. You both need time to heal from the hurt your breakup has caused.,C,"Context:
""[header] How to get your ex to like you [title] Take some time away from one another. [step] The best friendship you can have with your ex will likely come when both of you have had the chance to move on. You both need time to heal from the hurt your breakup has caused.""

Which of the following endings best completes the context?

Choices:
A. Just like you need time to grieve, you need to have time to heal too. Some good ways to take time away from each other can include : [substeps] Going on a date or two to hang out somewhere new at a new place.
B. [substeps] It is important to nurture the friendship without beating around the bush. This can be done by giving your ex time to think over what has happened, and then breaking the ice with a casual conversation.
C. To get your ex to like you, you need to like yourself first. [substeps] If you have the same friends, or work close together, some interaction will be unavoidable.
D. [substeps] Devote time away from one another to something, especially if you have a lingering sweet spot that you both have in common. Whether that means having a mini reunion or an evening out with friends from work, just spend some time away from him, away from where your ex might be and what he's up to.

Reply with exactly one uppercase letter out of A, B, C, or D.
",328
22670.0,Computers and Electronics,[header] How to cope with perfectionist parents [title] Learn to spot perfectionist expectations. [step] Let your parents know how their unrealistic expectations make you feel. They may not know how their behavior is affecting you.,A,"Context:
""[header] How to cope with perfectionist parents [title] Learn to spot perfectionist expectations. [step] Let your parents know how their unrealistic expectations make you feel. They may not know how their behavior is affecting you.""

Which of the following endings best completes the context?

Choices:
A. [substeps] Be as tactful as you can, especially if you think your parents aren't intentionally making you feel bad. For instance, say something like, "" dad, it really means a lot to me that you always come to watch me play soccer, but when you compare me to my teammates, i have a hard time enjoying the game.
B. If they are harsh about the way they approach you, they may not even realize how your perfectionist personality affects you in some way. Finding a new environment and coping mechanism can help you minimize and overcome the reality of perfectionism.
C. [substeps] If your parents reinforce perfectionist expectations you will feel like you are a failure and have no control over your life or clothing choices. Your parents may yell at you and ask why you haven't done your chores.
D. If they are forcing you to change work or school expectations, you may develop perfectionist personality disorder. [substeps] Defer to their judgement by not setting unrealistic expectations.

Reply with exactly one uppercase letter out of A, B, C, or D.
",315
42501.0,Computers and Electronics,[header] How to auto update google chrome [title] Launch google chrome. [step] Look for google chrome on your computer and open it. The web browser will load.,A,"Context:
""[header] How to auto update google chrome [title] Launch google chrome. [step] Look for google chrome on your computer and open it. The web browser will load.""

Which of the following endings best completes the context?

Choices:
A. [title] Click on the button with three horizontal bars on the upper right corner of the browser. [step] This will bring down the main menu.
B. [title] Log in with your google account if prompted. [step] Enter your google username and password into the required fields, and click on "" log in "" to continue.
C. [title] Navigate to the chrome history menu (ie : [step] Chrome main menu). Click on "" reminders "" and on the sidebar, under "" updates "".
D. Tap the address bar at the upper-right corner of the screen to expand the navigation menu. Tap the magnifying glass at the upper left corner of the screen to reveal the navigation menu.

Reply with exactly one uppercase letter out of A, B, C, or D.
",243
29279.0,Health,"[header] How to communicate with autistic people [title] Find out what you have in common. [step] Sharing interests can be a powerful communication tool. [substeps] See if you have interests in common, especially special interests.",B,"Context:
""[header] How to communicate with autistic people [title] Find out what you have in common. [step] Sharing interests can be a powerful communication tool. [substeps] See if you have interests in common, especially special interests.""

Which of the following endings best completes the context?

Choices:
A. Listen to your friends often and ask questions about yours. If you're unsure if your interests are similar to your friend's, say, "" some of our special interests are science, chemistry, and music.
B. Many autistic people are used to others being unenthusiastic about their passions, so if you share the same passion and talk about it with them, it can feel truly magical. [title] Talk where there are minimal distractions or sources of stress around the individual.
C. If your inclination is to read fiction or science fiction, find out why. Likewise, if you are a writer, check this out.
D. Maybe you spend plenty of time with each other and you both went to the same school. Share your interests if you just exchange earrings.

Reply with exactly one uppercase letter out of A, B, C, or D.
",267
44221.0,Relationships,"[header] How to play fight with your girlfriend [title] Initiate the fight. [step] Start by playfully pushing or bumping into your partner on purpose. Whether she's concentrating profusely on a task, or just simply standing idle, approach her and nudge her gently.",B,"Context:
""[header] How to play fight with your girlfriend [title] Initiate the fight. [step] Start by playfully pushing or bumping into your partner on purpose. Whether she's concentrating profusely on a task, or just simply standing idle, approach her and nudge her gently.""

Which of the following endings best completes the context?

Choices:
A. Lightly tap her shoulder or shoulder to gently gesture that you're interested. As soon as she notices, she has trouble fighting off the teasing.
B. Carry on with this action until she responds with either pushing you away and telling her to leave her be, or she joins in on the fun. Either way, do this in a style that shows you're only clowning around and want her to participate-she'll hopefully get the gist and engage.
C. Touch her shoulder and tell her that you desire to capture her attention. You could say, "" i know you've been thinking we've been talking about this, but let's get your mind on the night "".
D. Initiate the fight by turning on your lights. Walk up to her and strike her on the arm you want her to exit the room.

Reply with exactly one uppercase letter out of A, B, C, or D.
",292
13529.0,Pets and Animals,"[header] How to keep dogs out of gardens [title] Put up a fence. [step] Perhaps the most obvious way to keep dogs out of your garden is to put up a fence. You can pay to have a fence installed professionally (which can be expensive), or consider.",D,"Context:
""[header] How to keep dogs out of gardens [title] Put up a fence. [step] Perhaps the most obvious way to keep dogs out of your garden is to put up a fence. You can pay to have a fence installed professionally (which can be expensive), or consider.""

Which of the following endings best completes the context?

Choices:
A. But obviously, it is recommended to make sure that your dog is not poking their face through the wall to sniff it. [substeps] If you do not have a fence, you could use a tall line as a barrier between your yard and the backyard.
B. The more expensive an fence, the less expensive the recourse will be. [substeps] If you want to put up a fence, estimate the amount of pedestrian access and space you need to accommodate dogs, and add or remove it in time.
C. It can provide some protection from hazards and keep dogs away from the garden. After all, you don't want your gardener to fall off his horse and stab you! [title] Hold your dog in a similar position.
D. You may choose a fence made from wood, wire, or mesh, which can all be found at your local home repair store. [substeps] For small dogs, a 16 "" fence should be adequate.

Reply with exactly one uppercase letter out of A, B, C, or D.
",313
32771.0,Food and Entertaining,"[header] How to make a child's birthday list a little more fun [title] Sit down with your child and ask him/her what they want for their birthday. [step] If your child can write and spell properly, skip to step 2. As your child tells you what they want, write each item down on a separate post-it.",D,"Context:
""[header] How to make a child's birthday list a little more fun [title] Sit down with your child and ask him/her what they want for their birthday. [step] If your child can write and spell properly, skip to step 2. As your child tells you what they want, write each item down on a separate post-it.""

Which of the following endings best completes the context?

Choices:
A. [title] Pick things that are easy to read. [step] Giving your child five minutes to read each item will make them feel like they have been evaluated.
B. You can get these items at stores like walmart or kmart or target for free. [substeps] After the reading part is over, make sure to ask your child which parts of the child's birthday list are the most fun.
C. That way, you can add/subtract as many items as needed from the list. Don't forget to include a picture! [title] Let your child make the list.
D. [title] If your child can write and spell properly, ask them to write down each thing they want on a separate post-it. [title] Put all the post-its (folded in half) in the container.

Reply with exactly one uppercase letter out of A, B, C, or D.
",300
47605.0,Home and Garden,"[header] How to skip trowel texture [title] Protect yourself. [step] This will be a messy project, so prepare to get dirty. Wear old "" work clothes "" that you won't mind messing up and avoid wearing any fine jewelry.",C,"Context:
""[header] How to skip trowel texture [title] Protect yourself. [step] This will be a messy project, so prepare to get dirty. Wear old "" work clothes "" that you won't mind messing up and avoid wearing any fine jewelry.""

Which of the following endings best completes the context?

Choices:
A. When you have bare hands, rinse them with soap and water and dry them with a towel. [title] After your ten steps, do the reverse.
B. [title] Do so with a stiff wrist and a firm handle. [step] This will prevent splinters when you're working.
C. [substeps] It can also be a good idea to wear safety goggles, especially as you prepare the wall and joint compound. Dust and other small particles can easily break away and may cause irritation if they get into your eyes.
D. [title] Use gloves, lots of elbow grease and quick clean-up products. [title] Place the trowel in a hot oven or an open oven.

Reply with exactly one uppercase letter out of A, B, C, or D.
",261
8550.0,Work World,"[header] How to get to work on time [title] Plan your working day in advance. [step] Prepare and organise everything you'll need for it the night before. This includes clothes, documents, food and meeting preparation.",A,"Context:
""[header] How to get to work on time [title] Plan your working day in advance. [step] Prepare and organise everything you'll need for it the night before. This includes clothes, documents, food and meeting preparation.""

Which of the following endings best completes the context?

Choices:
A. This will prevent you rushing to get everything ready in the morning. [title] Set your alarm the night before and use it as a wake up call.
B. Why not avoid the hassle of preparing instead to be at the post right after your shift? [substeps] This is probably the less time intensive method of getting up and running around. If you have to drive to work using the subway, take the time to map out route routes so you can get there at a later time.
C. If you're going to work, know in advance where you'll be and a place to eat, if you're planning on running errands or picking dinner up from your job. [substeps] Make sure you get in a good driving mood on your commute.
D. You should also have a spare bag packed in your car so you can be prepared at work in case you run late. There are many websites geared towards this purpose.

Reply with exactly one uppercase letter out of A, B, C, or D.
",299
3946.0,Cars & Other Vehicles,[header] How to install led accent lights on a motorcycle [title] Purchase an led accent light kit. [step] These kits can be found online or at a local motorcycle or atv dealership. [title] Place the lights where you want them on the bike.,B,"Context:
""[header] How to install led accent lights on a motorcycle [title] Purchase an led accent light kit. [step] These kits can be found online or at a local motorcycle or atv dealership. [title] Place the lights where you want them on the bike.""

Which of the following endings best completes the context?

Choices:
A. [step] Each bike has a color wheel; some may have different widths and shapes for different bikes. Be sure to include a tube of led light coil for the wires that should be visible as the lights are connecting.
B. [step] Most of the lights come in the form of strips or pods with adhesive on the back of them. Place the lights on the bike any way you want but try to keep it symmetrical on either side of the bike to make the lights have an even effect when illuminated.
C. [step] You can place one led accent light on each side to mimic the effects of street lights. [title] Clear smoke out of the lamp to conceal the shape of the led accent light.
D. [step] Consider placing them in a radial configuration on 1 side of the bike or a rotary orientation on the other side. Make sure to select a display over the rear wheels because you do not want to be visible in both directions without headlights.

Reply with exactly one uppercase letter out of A, B, C, or D.
",323
21391.0,Finance and Business,[header] How to increase followers on social media for beautician businesses [title] Add social media links to your website and encourage clients to follow you. [step] Your social media posts should be the best information and insights you have to offer about beauty. [title] Plan a consistent stream of posts about beauty and spa products and trends.,B,"Context:
""[header] How to increase followers on social media for beautician businesses [title] Add social media links to your website and encourage clients to follow you. [step] Your social media posts should be the best information and insights you have to offer about beauty. [title] Plan a consistent stream of posts about beauty and spa products and trends.""

Which of the following endings best completes the context?

Choices:
A. [substeps] Mastering your skills as a beautician goes hand in hand with providing a constant level of engagement on your website and blog. [title] Hold rallies where customers can share articles about beauty and spa products.
B. [step] It's important to keep the posts flowing every day so that patrons do not forget about your business. You want the posts to be interesting and relevant to your clients and their friends/family.
C. [step] Send users to all of your posts with questions ("" are you fascinated by these products? "") and keep two trackers on your page (one reminder of each product). This way, users won't get bored and their views is more superficial.
D. [step] These are qualities of a good entrepreneur and a great web user. [title] Post positive reviews on your social media pages.

Reply with exactly one uppercase letter out of A, B, C, or D.
",302
25544.0,Finance and Business,[header] How to get proof of earnings for a self employed person [title] Know what lenders and creditors are looking for. [step] Creditors will want to make sure you are credit worthy. [substeps] Creditors will want to lend money to a person who has a good credit history.,D,"Context:
""[header] How to get proof of earnings for a self employed person [title] Know what lenders and creditors are looking for. [step] Creditors will want to make sure you are credit worthy. [substeps] Creditors will want to lend money to a person who has a good credit history.""

Which of the following endings best completes the context?

Choices:
A. A credit score that is less than positive will help show a creditor that you are good enough to qualify for a loan. Even if you don't have a history of paying off the debt, there is still a risk of the creditor getting a lawsuit.
B. Creditors will want to make sure you have a stable, honest credit history. Creditors will also want to ensure you have a secure, legitimate bank account where you can make monthly payments on time, in order to secure the loan.
C. Creditors will want to make sure you have a stable savings account and want to make sure your credit score isn't diminished by borrowing. The creditor will be looking for debt taken from someone with a good credit history.
D. They will want to know what your monthly or yearly income is, as they will want to make sure you can handle your monthly payments. They will look into whether or not you have something as collateral, such as a house or car that can be used against the debt if you cannot manage payments.

Reply with exactly one uppercase letter out of A, B, C, or D.
",336
15058.0,Food and Entertaining,[header] How to make a cookie shot glass [title] Make cookie dough. [step] Follow the recipe or directions on the box to create cookie dough. Be sure you use a cookie dough that can be rolled and cut with a cookie cutter.,B,"Context:
""[header] How to make a cookie shot glass [title] Make cookie dough. [step] Follow the recipe or directions on the box to create cookie dough. Be sure you use a cookie dough that can be rolled and cut with a cookie cutter.""

Which of the following endings best completes the context?

Choices:
A. To make the right sized and quarter-sized cookie dough, you can : [substeps] Measure about 7 to 8 teaspoons (13 to 14 grams) of flour. The recipe or instructions will help you get the amounts correct.
B. Drop cookies don't work as well with this method. [substeps] Refrigerate for at least 30 minutes to firm dough.
C. [substeps] The cookie dough should be small enough to easily fit in the glass. To cut the dough, use a cookie cutter to cut it in to half.
D. [substeps] Roll the cookie dough in icing or parchment paper. Keep placing it horizontally so that each section is covered.

Reply with exactly one uppercase letter out of A, B, C, or D.
",262
14448.0,Uncategorized,[header] How to break up a dog fight [title] Stay calm. [step] Most dogfights only last for seconds. Your greatest advantage in this situation is a clear head.,D,"Context:
""[header] How to break up a dog fight [title] Stay calm. [step] Most dogfights only last for seconds. Your greatest advantage in this situation is a clear head.""

Which of the following endings best completes the context?

Choices:
A. If you act quickly and strongly, your dog won't be able to stop fighting any longer. Your dog's attention will be on his owner, not you.
B. Your dog is in a different state of mind than that of the other dog, and its anger will take over when you and the dog begin to fight. [substeps] Ignore the other dog, and immediately leave the area.
C. Talk to the dog, respond calmly, and don't yell out at it, or otherwise inflate your anger at it. ( dogs understand that yelling will only make it worse, and will thus make the fight more aggressive).
D. The best thing you can do is to startle the dogs enough to distract them. [substeps] Resist the urge to grab your dog by the collar.

Reply with exactly one uppercase letter out of A, B, C, or D.
",260
49100.0,Sports and Fitness,"[header] How to dribble like cristiano ronaldo [title] Increase your speed. [step] To dribble like cristiano ronaldo, you need to be very fast. To improve on your speed, do some sprinting every day.",D,"Context:
""[header] How to dribble like cristiano ronaldo [title] Increase your speed. [step] To dribble like cristiano ronaldo, you need to be very fast. To improve on your speed, do some sprinting every day.""

Which of the following endings best completes the context?

Choices:
A. Many people start to spot wiggly or bulky players, who then lose them fast. Aim for speed up to 60 mph (82 km/h).
B. This will help you in increasing your speed and keeping you from skidding over dead center ice. You should also keep your weight low while you are sprinting.
C. This will improve the stamina of your left foot. To get up to speed quicker on your right foot, use both your right and left arms, try to shift your right foot to the left.
D. More importantly, do stretches before a game or a run. You need stamina, so go for a jog around a field.

Reply with exactly one uppercase letter out of A, B, C, or D.
",251
28660.0,Cars & Other Vehicles,"[header] How to keep yourself occupied in an airplane [title] Bring a charged electronic game. [step] Your nintendo ds, psp, game boy, or any other portable gaming console can provide hours of fun on a long plane trip. [title] Bring a book, magazine, or graphic novel to read.",C,"Context:
""[header] How to keep yourself occupied in an airplane [title] Bring a charged electronic game. [step] Your nintendo ds, psp, game boy, or any other portable gaming console can provide hours of fun on a long plane trip. [title] Bring a book, magazine, or graphic novel to read.""

Which of the following endings best completes the context?

Choices:
A. [step] A book has a lot of space inside and out, even if the alternative is to watch tv or play a game. Place a few books on your lap in the aisle, along with your favorite movies, books, tv, and tv.
B. [step] This will let you stay occupied while you're doing the flight. [substeps] Look online for educational sites that allow you to stay engaged while you're occupied, even if it is hard to fall asleep.
C. [step] Books don't require charging and can keep you occupied for the long flight. If you have a kindle or other portable reader device, bring it.
D. [step] Reading will not only help fuel you, it will also tame the boredom that comes along with countless travel companions. [substeps] If you've moved during the day, a book or magazine will also provide you with a mental activity to help distract you from the available destinations.

Reply with exactly one uppercase letter out of A, B, C, or D.
",320
31111.0,Personal Care and Style,"[header] How to pick lingerie for a girlfriend [title] Go through her underwear. [step] When you are at her place, wait for your girlfriend to become distracted by something that will keep her busy for a few minutes (e.g. talking on the phone, paying bills, walking the dog). Then sneak into her bedroom and peek in her underwear drawer.",A,"Context:
""[header] How to pick lingerie for a girlfriend [title] Go through her underwear. [step] When you are at her place, wait for your girlfriend to become distracted by something that will keep her busy for a few minutes (e.g. talking on the phone, paying bills, walking the dog). Then sneak into her bedroom and peek in her underwear drawer.""

Which of the following endings best completes the context?

Choices:
A. Or, if you want to win some bonus points with her, offer to do her laundry once it has piled up. Either way, gain access to her underwear and nightwear to find out what she needs size-and style-wise.
B. Then slip your hand under and, with a little overt force, pull your hand out. [substeps] If she is sleeping through it, she'll probably want to know you were in there.
C. If she is not busy, simply peek into her underwear to remove any items she may not be wearing right now and go to her room. As for her underwear, simply roll them up until you are able to access them.
D. By putting an object (like a paperclip) or a tampon near her underwear, she will start to get annoyed and will realize that you suddenly found your treasure inside of her underwear. This will eventually cause a more serious problem.

Reply with exactly one uppercase letter out of A, B, C, or D.
",330
36924.0,Cars & Other Vehicles,[header] How to replace your mercury optimax dfi air injectors [title] Read your engine owners manual. [title] Purchase and read a factory shop manual. [title] Review all safety precautions.,D,"Context:
""[header] How to replace your mercury optimax dfi air injectors [title] Read your engine owners manual. [title] Purchase and read a factory shop manual. [title] Review all safety precautions.""

Which of the following endings best completes the context?

Choices:
A. [title] Remove the mercury flywheel from the fuel tank. [step] Inspect the exposed area of the engine for smoke coming out or sparks.
B. [step] Make sure your fuel and heater are turned off. Keep the batteries charged on all cylinders to prevent theft and injury.
C. [step] Touching the air injectors after they are clean will pose a serious health risk. [title] Press and hold the igniter tab of the gasoline tank.
D. [title] Review tips on various websites such as airinjectors. Com [title] Consult with your local mercury dealer or certified merc tech.

Reply with exactly one uppercase letter out of A, B, C, or D.
",233
19556.0,Philosophy and Religion,"[header] How to understand your importance in life [title] Always have a reason to live for. [step] Think about all the life on earth. How in the great wide galaxy did something like this come to happen? No matter if you believe in the big man in white, jesus, or even extraterrestrial pancakes there is something special here.",D,"Context:
""[header] How to understand your importance in life [title] Always have a reason to live for. [step] Think about all the life on earth. How in the great wide galaxy did something like this come to happen? No matter if you believe in the big man in white, jesus, or even extraterrestrial pancakes there is something special here.""

Which of the following endings best completes the context?

Choices:
A. Get together and ask what you should do based on your beliefs. Do you have a right to live? Or is this a guideline you have developed and you want to stick with? [title] Avoid comparing yourself to the world around you.
B. Always have a reason to live for extra-joy. [title] Always do something brilliant in your life.
C. [title] Smile and laugh! [step] These are the ears that will listen to you. Always remember you are important to the universe and the universe alone.
D. Maybe you should see it all, or maybe you should help someone else see what you do. It's all in your perspective! [title] Those who fear change won't.

Reply with exactly one uppercase letter out of A, B, C, or D.
",278
25758.0,Education and Communications,"[header] How to be assertive [title] Understand assertive communication. [step] Assertive communication carries respect for the feelings, needs, wants, and opinions of others. An assertive communicator avoids infringing upon the rights of others, while asserting their own, seeking compromise in the process.",B,"Context:
""[header] How to be assertive [title] Understand assertive communication. [step] Assertive communication carries respect for the feelings, needs, wants, and opinions of others. An assertive communicator avoids infringing upon the rights of others, while asserting their own, seeking compromise in the process.""

Which of the following endings best completes the context?

Choices:
A. Assertive communication can be more than just verbal communication. It also means listening to the other person and hearing them out without interrupting.
B. Assertive communication utilizes actions and words to express boundaries of needs and wants in a calm fashion, while conveying a message of confidence. [title] Learn verbal features of assertive communication.
C. [substeps] When someone tells you what they want to say, correct them with direct actions instead of general words. For example, say "" i understand what you want to say.
D. [substeps] In assertiveness, communication has value in both oneself and others. Assertive communication has action-and consequences-the result is the someone thinking and feeling wants or needs something they don't.

Reply with exactly one uppercase letter out of A, B, C, or D.
",273
47246.0,Home and Garden,"[header] How to study more effectively [title] Perform a resource reconnaissance. [step] Sit down and make a list of what you think will be on an exam or quiz. Next, write down all the resources you have at your disposal to help you learn the information, such as taking a practice exam or joining a study group.",A,"Context:
""[header] How to study more effectively [title] Perform a resource reconnaissance. [step] Sit down and make a list of what you think will be on an exam or quiz. Next, write down all the resources you have at your disposal to help you learn the information, such as taking a practice exam or joining a study group.""

Which of the following endings best completes the context?

Choices:
A. [substeps] If you are studying for an exam, look back on the previous quizzes. Some of that information is bound to come up again.
B. Also, try to keep your notebook with you when you practice so that you can refer back to it after your practice test. [title] Complete a study guide that uses up study space for tests and quizzes.
C. Try to research information from each resource before you take one or two. This will help guide you in aiming to get the best results from the material.
D. [substeps] The study group keeps you from doubting what you've studied or finding material that may help you concentrate. The practice is designed to give you confidence about what you do well in the course and gives you a clearer picture of the material ahead of time.

Reply with exactly one uppercase letter out of A, B, C, or D.
",294
19738.0,Health,"[header] How to make good use of a bad mood [title] Think about whether your bad mood is caused by stress. [step] Many bad moods are caused by stress, anxiety, and feeling overwhelmed. If you notice a bad mood coming on during a hectic day, you may want to step back and take this as a warning sign to slow down.",A,"Context:
""[header] How to make good use of a bad mood [title] Think about whether your bad mood is caused by stress. [step] Many bad moods are caused by stress, anxiety, and feeling overwhelmed. If you notice a bad mood coming on during a hectic day, you may want to step back and take this as a warning sign to slow down.""

Which of the following endings best completes the context?

Choices:
A. You may need to take a five minute break and have some downtime so you can calm down. Once you do this, you may feel your bad mood start to lift.
B. [substeps] Sometimes, people with bad moods, feel isolated and powerless. This can lead to others beating at them.
C. Work to break the bad habit by learning to recognize your negative thoughts instead of replacing them with positive ones. [substeps] For example, if you find yourself thinking "" nothing will happen tomorrow, "" you might identify that thought and replace that thought with something else.
D. [substeps] Once you've noticed the bad mood coming on, consider whether your changes in mood have caused it (and what similar events have affected you in the past). The common causes of bad moods in most people are nerves, stress, and conflicts.

Reply with exactly one uppercase letter out of A, B, C, or D.
",302
25054.0,Food and Entertaining,"[header] How to make homemade italian ricotta cheese gnocchi [title] Mix together in a large bowl, mix 1 pound of ricotta cheese with 1 slightly beaten egg and 1 teaspoon salt. [step] Add flour and work mixture with your hands until a soft dough is formed. If your fingers are sticky, add some more flour to your hands.",A,"Context:
""[header] How to make homemade italian ricotta cheese gnocchi [title] Mix together in a large bowl, mix 1 pound of ricotta cheese with 1 slightly beaten egg and 1 teaspoon salt. [step] Add flour and work mixture with your hands until a soft dough is formed. If your fingers are sticky, add some more flour to your hands.""

Which of the following endings best completes the context?

Choices:
A. [title] Turn the dough onto a floured board. [step] Knead lightly until the dough becomes smooth and firm.
B. When dough is formed, roll your hands and slide them over the top of the ricotta dough. Cover with plastic wrap and refrigerate for 4 hours.
C. Roll the dough around until it is full but not coarse. You don't have to smooth it with your fingers; you can just press and roll.
D. This will let the breadcrumbs mix in better. After 2-3 minutes, work dough onto a floured surface.

Reply with exactly one uppercase letter out of A, B, C, or D.
",255
28308.0,Personal Care and Style,"[header] How to follow a custom skin care regime [title] Select a combination of botanical and oils to complement your skin care regime. [step] A blend of lavender, german chamomile, frank incense, wheat germ, grape seed, jojoba and olive oils can create an effective skin care for your face. It will reduce and prevent wrinkles.",C,"Context:
""[header] How to follow a custom skin care regime [title] Select a combination of botanical and oils to complement your skin care regime. [step] A blend of lavender, german chamomile, frank incense, wheat germ, grape seed, jojoba and olive oils can create an effective skin care for your face. It will reduce and prevent wrinkles.""

Which of the following endings best completes the context?

Choices:
A. Remember that beauty is created by all human beings and that we are all human. If you opt for a botanical or olive oil, remember that it will nourish it.
B. For light to moderate coverage use : [substeps] Pick a shade where you can clearly see the entirety of your face except for your forehead. Wear a stronger tool when you're purifying your skin.
C. You can too use such oils as a body oils or lotions. The best aspect about such skin care products is that you obtain to customize it just for your purpose.
D. Winter and cold can dehydrate and dry your skin, and you can probably mimic this by mixing herbs and spices. [substeps] Consider creating an herbal scrub using lemon, mint and olive oil, such as lemon balm.

Reply with exactly one uppercase letter out of A, B, C, or D.
",312
787.0,Sports and Fitness,"[header] How to get bigger chest muscles (pecs ) [title] Do push ups. [step] This often-neglected exercise focuses on building up your shoulder and upper chest muscles. Lie face-down on the floor and start with your hands about shoulder-width apart, with your legs stretched behind you.",A,"Context:
""[header] How to get bigger chest muscles (pecs ) [title] Do push ups. [step] This often-neglected exercise focuses on building up your shoulder and upper chest muscles. Lie face-down on the floor and start with your hands about shoulder-width apart, with your legs stretched behind you.""

Which of the following endings best completes the context?

Choices:
A. Push your body up from the floor with your hands until your elbows are straight, then lower yourself until your arms reach a 90 degree bend. [substeps] Do 3 sets of 15 push-ups, or as many as you can before growing fatigued.
B. Your elbows should be bent at a 90 degree angle and your hands should rest squarely on your shoulders. Your feet should be planted firmly on the floor, but not so bent that they are bending below your hips.
C. Lift one leg up off the floor and bring it down to your ankle in a hard, controlled motion. Turn over on to your other side, keeping your torso balanced on your forearms.
D. Pull yourself up until your front chest is above the floor ( [title] Do arm press-ups. [step] The arms will do most of the weight-bearing (control) for you.

Reply with exactly one uppercase letter out of A, B, C, or D.
",315
37719.0,Home and Garden,"[header] How to calculate medical billing costs [title] Consider the factors that contribute to your billing costs. [step] To really understand all of the factors that contribute to your medical billing costs, you must examine all of the components and steps involved in billing. Using a spreadsheet, database, or some other method, make a list of these components and costs.",C,"Context:
""[header] How to calculate medical billing costs [title] Consider the factors that contribute to your billing costs. [step] To really understand all of the factors that contribute to your medical billing costs, you must examine all of the components and steps involved in billing. Using a spreadsheet, database, or some other method, make a list of these components and costs.""

Which of the following endings best completes the context?

Choices:
A. [substeps] Be sure that you are using the same excel spreadsheet that you use to complete your financial analysis. [title] Decide the billing method you use for payroll.
B. [substeps] For instance, suppose you are paying a large percentage of all medical expenses for one child, but you have three kids that both have health care costs to manage. Each child earns 4% of the initial cost.
C. [title] Use a billing calculator to help. [step] If you are trying to quickly calculate your medical billing costs, or don't have staff support to help, you can use one or more online billing calculators.
D. Do not rely on data to form a spreadsheet. [title] Multiply the cost of each step.

Reply with exactly one uppercase letter out of A, B, C, or D.
",297
40898.0,Work World,"[header] How to raise and breed milk goats [title] Choose a breed. [step] Dairy goats come in both full size and mini varieties. Full size breeds include nubians, lamanchas, saanens, toggenburgs and alpines, while mini breeds include nigerian dwarf and nigerian dwarf crosses.",A,"Context:
""[header] How to raise and breed milk goats [title] Choose a breed. [step] Dairy goats come in both full size and mini varieties. Full size breeds include nubians, lamanchas, saanens, toggenburgs and alpines, while mini breeds include nigerian dwarf and nigerian dwarf crosses.""

Which of the following endings best completes the context?

Choices:
A. Each breed has its own characteristic temperament, appearance, and milk production. [title] First look for local goat dairies, or attend a local fair or 4-h show to talk to a knowledgeable goat owner.
B. Decide between a half or full sized breed. Check with your local shelter where you can provide supplies to the animal.
C. Look for a breed that meets all four needs, with characteristics such as a shiny coat and a sturdy, well built body. [substeps] South american goats may also be occasionally bred, as well.
D. [title] Choose a size that matches your goat's age. [step] Your goat needs to be at least 12 years old.

Reply with exactly one uppercase letter out of A, B, C, or D.
",289
17931.0,Education and Communications,"[header] How to pass ap spanish [title] Maintain a strong attendance record. [step] If you want to do well in any class, you're going to need to go to class on a regular basis. Skipping class will cause you to miss a lot of valuable course material and in-class discussions, and may cause you to lose points for attendance.",B,"Context:
""[header] How to pass ap spanish [title] Maintain a strong attendance record. [step] If you want to do well in any class, you're going to need to go to class on a regular basis. Skipping class will cause you to miss a lot of valuable course material and in-class discussions, and may cause you to lose points for attendance.""

Which of the following endings best completes the context?

Choices:
A. If you wish to properly complete your summer session and earn a passing grade, make sure to keep up your overall attendance record that reflects that. [substeps] Give yourself an extra credit day in the summer period for passing.
B. [substeps] It's not enough to simply show up to class. Strong attendance means showing up prepared and on time, having done the homework and any assigned readings.
C. [substeps] Make sure you are taking the standardized standardized test. Have a record of what times you register class, so that you will be able to learn relevant information.
D. [substeps] Try to attend every class in history, as well as any present day assignments and presentations. This will allow you to show up and stay on schedule, which will make ap english much easier.

Reply with exactly one uppercase letter out of A, B, C, or D.
",298
32119.0,Food and Entertaining,"[header] How to make peanut butter banana bread [title] Preheat the oven and grease the pan. [step] To ensure that the oven is hot enough to bake the bread, set the temperature to 350 degrees fahrenheit (177 degrees celsius) and allow it to heat fully. Next, grease a 9-inch by 5-inch (23-cm by 13-cm) loaf pan with nonstick cooking spray and set aside.",D,"Context:
""[header] How to make peanut butter banana bread [title] Preheat the oven and grease the pan. [step] To ensure that the oven is hot enough to bake the bread, set the temperature to 350 degrees fahrenheit (177 degrees celsius) and allow it to heat fully. Next, grease a 9-inch by 5-inch (23-cm by 13-cm) loaf pan with nonstick cooking spray and set aside.""

Which of the following endings best completes the context?

Choices:
A. [title] Preheat the oven to 350 degrees fahrenheit (177 degrees celsius). [step] Spray the pan lightly with nonstick cooking spray and set aside.
B. [substeps] You can substitute peanut butter or butter for the peanut butter. You can also make peanut butter banana bread using traditional peanut butter or go for the walnut filling instead.
C. [substeps] The greased pan will come with an enclosed bottom pan for each banana. Each banana will help enhance the bread's flavor and texture.
D. [substeps] Keep an eye on your oven so you know when it's reached the right temperature. It will likely make a beeping sound and/or flash an indicator light.

Reply with exactly one uppercase letter out of A, B, C, or D.
",330
43514.0,Pets and Animals,"[header] How to become a horse eventer [title] Go to useventing.com and find a few certified eventing trainers in your area. [step] When you find one you like, start taking regular weekly lessons with them. [title] After a while of taking lessons, go ahead and lease a horse from your trainer.",B,"Context:
""[header] How to become a horse eventer [title] Go to useventing.com and find a few certified eventing trainers in your area. [step] When you find one you like, start taking regular weekly lessons with them. [title] After a while of taking lessons, go ahead and lease a horse from your trainer.""

Which of the following endings best completes the context?

Choices:
A. [step] He will end up spending a significant amount of time and effort training you, and then you won't have to worry about taking your horse to the tack store right away. Once you get a horse, you might try buying the horse from him.
B. [step] This will allow you to experience ownership without jumping into it unprepared. After a couple years of lessons and leasing, start shopping for an event horse with your trainer.
C. [step] This is optional but is encouraged to do, because people get many inexperienced trainers. When you get your first horse you may become considered a horse rental/breeder.
D. [step] Horses can get injured in the ring. Don't worry...it will be alright.

Reply with exactly one uppercase letter out of A, B, C, or D.
",283
21423.0,Computers and Electronics,[header] How to hide the notification bar on android [title] Pull down twice from the top of the screen. [step] This pulls down the notification drawer and then pulls it down further to show the quick settings tiles. [title] Tap and hold wh. Performance. Clearmarks (' image1 _ rendered'); wh. Performance. Mark (' image1 _ rendered'); for several seconds.,D,"Context:
""[header] How to hide the notification bar on android [title] Pull down twice from the top of the screen. [step] This pulls down the notification drawer and then pulls it down further to show the quick settings tiles. [title] Tap and hold wh. Performance. Clearmarks (' image1 _ rendered'); wh. Performance. Mark (' image1 _ rendered'); for several seconds.""

Which of the following endings best completes the context?

Choices:
A. [step] It will begin caramelizing your notification bar, to enable snagnets, checkpoints, or other options. Try and click the tick next to "" clear notification bar "" before proceeding.
B. [title] Swipe left once in the options. [step] This will reveal a list of choices; make sure you tap very carefully, as your fingers will slide just from the first selection.
C. [step] Doing so will re-prepare the notification bar so that it is not visible from the bottom. [title] Lower the notification tray to a discreet, visible position.
D. [step] It's the gear-shaped icon in the top-right of the notification drawer. After holding on it for a few seconds, the gear icon will spin and roll off the screen.

Reply with exactly one uppercase letter out of A, B, C, or D.
",301
28617.0,Finance and Business,"[header] How to get a liquor server license [title] Find your local alcohol beverage control (abc) board. [step] Before your servers can get a permit to serve liquor, the business owner needs to get a license to serve liquor at the bar or restaurant. These licenses are granted by state and local governments.",D,"Context:
""[header] How to get a liquor server license [title] Find your local alcohol beverage control (abc) board. [step] Before your servers can get a permit to serve liquor, the business owner needs to get a license to serve liquor at the bar or restaurant. These licenses are granted by state and local governments.""

Which of the following endings best completes the context?

Choices:
A. It's not possible to get a license from the state liquor license board. [substeps] You can see if your state has an abc board board by visiting https: // www.abc-ca.
B. Locate the jurisdiction that the business owner is registered in. In order to be licensed, a business must file a complaint within 24 hours of being certified to serve liquor.
C. Get a signed and certified beverage control (abc) card from your local liquor store. You can then use this card to get a license for the server.
D. You should find your state or local abc board. [substeps] Type "" your state "" and "" abc board "" or "" alcohol license "" into a search engine.

Reply with exactly one uppercase letter out of A, B, C, or D.
",275
21647.0,Computers and Electronics,"[header] How to wrap cylindrical gifts [title] Measure and cut the paper. [step] When you are wrapping a cylinder-shaped gift, you can easily measure out the amount of paper using the gift as a guide. Place the gift on the wrapping paper and make sure that the paper can go all the way around the cylinder.",A,"Context:
""[header] How to wrap cylindrical gifts [title] Measure and cut the paper. [step] When you are wrapping a cylinder-shaped gift, you can easily measure out the amount of paper using the gift as a guide. Place the gift on the wrapping paper and make sure that the paper can go all the way around the cylinder.""

Which of the following endings best completes the context?

Choices:
A. Cut the paper so that there is about a ½ inch of overlap. For the ends of the gift, pull up the paper on either side.
B. You want it to go close to the side of the box. If you add extra paper, you will need to cut more fold space around the cylinder box.
C. Make sure that the paper is even and not sticking up with the cylinder shape. [title] Cut the side of the cylinder about 2 to 3 inches (5.1 to 7.6 cm) higher than the side you just measured.
D. At this point, you're creating an oblong or teardrop-shaped item; the cylinder needs to roll into place. Measure and cut the paper so that it does not exceed the width of your cylinder.

Reply with exactly one uppercase letter out of A, B, C, or D.
",296
6289.0,Computers and Electronics,"[header] How to use different features of efficientpim [title] Once you have initiated the software, click on "" contacts "" from the left panel and start adding your contacts in the address book one by one. [step] You can also import from microsoft outlook. Find more contacts in less time and contact them on time.",D,"Context:
""[header] How to use different features of efficientpim [title] Once you have initiated the software, click on "" contacts "" from the left panel and start adding your contacts in the address book one by one. [step] You can also import from microsoft outlook. Find more contacts in less time and contact them on time.""

Which of the following endings best completes the context?

Choices:
A. [title] Now to pin your contacts (via text message or text sms) go to the contacts group in the front of your outlook contacts window and select "" pin all contacts "". [title] Now to pin their tabs, select the corner on the contacts group.
B. [title] You can import contacts from the contacts box by right clicking on the contact you wish to import. [step] If you would rather import one of your contacts (s) your contact does not have, click "" add contacts "" and follow your progress.
C. [substeps] Once enabled you will be able to add new contacts to your address book individually and in a loop. This is the space where your contacts will be to make updates.
D. Sales people can make the best use of this part of the software to access leads on time and converting them into sales. [title] Create a to-do-list in calendar.

Reply with exactly one uppercase letter out of A, B, C, or D.
",311
35247.0,BMX,"A boy dressed in biking gear is putting on a helmet while standing and text on the right side of the screen appear and say ""@brycebetts13z chase staystrong"" as the boy gets on his bike and pushes it out of screen. the boy",D,"Context:
""A boy dressed in biking gear is putting on a helmet while standing and text on the right side of the screen appear and say ""@brycebetts13z chase staystrong"" as the boy gets on his bike and pushes it out of screen. the boy""

Which of the following endings best completes the context?

Choices:
A. is now driving the bike with the pedals off as he is calling someone on a cell phone, and going over turns making sure to be very precise.
B. then pedal and then gets on his bike as the screen goes black and white appears and the words "" viveca movie photomancy 22 dot com "" that appears on the screen are "" narc video introduction: rb4 disk on simple screen "".
C. begins to wildly text on the screen and then grabs the handlebars and starts pulling the bike out of the screen.
D. is now on the curvy and twisty dirt bike track riding around very fast and occasionally other people are shown riding on the track, too.

Reply with exactly one uppercase letter out of A, B, C, or D.
",253
34900.0,Family Life,"[header] How to maintain your marriage during serious health issues [title] Find shared passions. [step] If one of you is chronically ill, you may think "" i don't have time for a hobby. "" as frustrating as it can be, you must make time.",A,"Context:
""[header] How to maintain your marriage during serious health issues [title] Find shared passions. [step] If one of you is chronically ill, you may think "" i don't have time for a hobby. "" as frustrating as it can be, you must make time.""

Which of the following endings best completes the context?

Choices:
A. You can sow into your marriage and your mental health all at once with the help of a hobby. A shared hobby can increase the bond and deepen the spark between you and your spouse.
B. If you do have time, set aside time and write your spouse a letter explaining all you are doing and why it is important to maintain an affair. [substeps] The key to maintaining a healthy romantic relationship is establishing your own individual hobbies and passions.
C. Don't try to fight constantly about what you'll be doing or if you'll be doing it with a partner. Find ways to balance out your schedule so that you are neither more or less active.
D. Find a hobby that interests both of you, and make time on a regular basis. [substeps] Join a group or match one other person's passions.

Reply with exactly one uppercase letter out of A, B, C, or D.
",291
37754.0,Travel,"[header] How to cross the canadian border with a dui [title] Use a temporary resident permit (trp) as a short-term solution. [step] The trp only allows you to enter canada for a specified reason, and only for a limited period of time. If you need to return to canada, you must apply for another trp.",D,"Context:
""[header] How to cross the canadian border with a dui [title] Use a temporary resident permit (trp) as a short-term solution. [step] The trp only allows you to enter canada for a specified reason, and only for a limited period of time. If you need to return to canada, you must apply for another trp.""

Which of the following endings best completes the context?

Choices:
A. However, if you are a current provincial resident, you must apply for a new student's permit. [substeps] Once both of you have become residents of canada, you can apply for a temporary student's permit.
B. The trp is required for both curable and secure crossing within the canadian border. [substeps] A background check (anyway, the visa alone is not sufficient) is allowed to ensure that you are not carrying an exported foreign to canada.
C. When you go back to canada, you can download an form from https: // www.sos.state. Gov/voters/forms-district-bee-forms-archives-citizen-citizens-chambers /.
D. [substeps] You cannot apply for rehabilitation until 5 years have passed since your conviction. During that 5-year period, if you need to travel to canada, a trp is your only option.

Reply with exactly one uppercase letter out of A, B, C, or D.
",337
36971.0,Cars & Other Vehicles,"[header] How to drive a pontoon boat [title] Make sure all passengers are wearing life jackets. [step] Before you move the boat at all, check that all your passengers are wearing life jackets. In most states, it is the law that all passengers wear life jackets while on open waters.",C,"Context:
""[header] How to drive a pontoon boat [title] Make sure all passengers are wearing life jackets. [step] Before you move the boat at all, check that all your passengers are wearing life jackets. In most states, it is the law that all passengers wear life jackets while on open waters.""

Which of the following endings best completes the context?

Choices:
A. Make sure none of your passengers are wearing their lifejackets when seated. [substeps] Once everyone is on board, check their lifejackets closely to make sure you are safe driving on open waters.
B. So check your state law and make sure no one is wearing a life jacket, even if the law does not require that those individuals carry one on board. [title] Give careful consideration to the size of the boat.
C. The life jackets should fit properly and be in working condition. [substeps] Children should be wearing specialized jackets meant for their age groups.
D. [title] Identify the boat's start and stop signals. [step] Depending on the type of pontoon boat, the start and stop sign may be shaped like a fish with the time set before it.

Reply with exactly one uppercase letter out of A, B, C, or D.
",286
20606.0,Computers and Electronics,"[header] How to recover a gmail password [title] Go to http: // www.gmail.com. [step] Use the link or type the url in a web browser. [substeps] If your email or phone number isn't filled in automatically, type it into the labeled field and click on next.",C,"Context:
""[header] How to recover a gmail password [title] Go to http: // www.gmail.com. [step] Use the link or type the url in a web browser. [substeps] If your email or phone number isn't filled in automatically, type it into the labeled field and click on next.""

Which of the following endings best completes the context?

Choices:
A. If you accidentally enter your email address in the field, click on next. A confirmation message will appear telling you the password has been successfully deleted.
B. All of your email addresses will be listed here. [title] Enter the email address of the sender and password associated with that email address.
C. [title] Click on forgot password? [step] Below the password field. [title] Enter the last password you remember and click on next.
D. You can also click on "" change password "" to see if any changes are currently required. If you signed in directly from gmail.com, you'll be prompted to enter the email address and password associated with your gmail account.

Reply with exactly one uppercase letter out of A, B, C, or D.
",261
35400.0,Home and Garden,"[header] How to hoe weeds [title] Know when to hoe. [step] Hoeing weeds is an important part of managing flowerbeds, vegetable gardens, and fields. You should always hoe weeds at first sight.",A,"Context:
""[header] How to hoe weeds [title] Know when to hoe. [step] Hoeing weeds is an important part of managing flowerbeds, vegetable gardens, and fields. You should always hoe weeds at first sight.""

Which of the following endings best completes the context?

Choices:
A. Waiting until the weeds take over your garden will make hoeing more difficult. [title] Hoe when the soil is dry.
B. If you are unsure what to do, ask your parents. [title] Cut weeds all around or wait until the tops are green.
C. Harvesting weeds is also the most important part of any gardening career. The only way to hoe weeds is to harvest the seeds from them.
D. This will be especially helpful if you don't have access to the sun or are picking up a lot of weeds. It's a good idea to make sure to watch your work so you can do it whenever you're ready to hoe.

Reply with exactly one uppercase letter out of A, B, C, or D.
",255
22829.0,Computers and Electronics,"[header] How to estimate your uber fare [title] Tap the uber app. [step] Log in if you aren't logged in automatically. [title] Tap "" where to? "" [title] Enter your destination.",A,"Context:
""[header] How to estimate your uber fare [title] Tap the uber app. [step] Log in if you aren't logged in automatically. [title] Tap "" where to? "" [title] Enter your destination.""

Which of the following endings best completes the context?

Choices:
A. [title] Tap the "" current location "" button. [title] Drag the pin to your desired pickup location.
B. [step] Use the app's official search field to search for a fare. It doesn't matter what your destination is--there are four transit options: taxi, express, money, and subway.
C. [step] Before you can estimate your fare, you'll need to know exactly where you're going ,. Tap on the "" save now "" button to save your information.
D. [step] Tapping the "" where to is "" field will display a list of near-and-distant destinations. You can also browse by subdestinations from your driver preferences.

Reply with exactly one uppercase letter out of A, B, C, or D.
",255
27098.0,Home and Garden,"[header] How to prune eggplant [title] Pinch the first set of flowers as they bud. [step] As your eggplant starts to blossom, pinch the first buds you see coming through. Use your fingers to gently pinch the buds right where they meet the stock of the plant.",A,"Context:
""[header] How to prune eggplant [title] Pinch the first set of flowers as they bud. [step] As your eggplant starts to blossom, pinch the first buds you see coming through. Use your fingers to gently pinch the buds right where they meet the stock of the plant.""

Which of the following endings best completes the context?

Choices:
A. [substeps] This encourages your plant to put more energy into growing sturdy stocks and deep roots instead of producing new fruit right away. New blossoms will appear in a few weeks, and your plant will be better able to support large, healthy fruits.
B. This will make them easier to take root. [substeps] Pinching flowers close to the work surface also helps to prevent dirt from seeping into the small buds.
C. [substeps] If you notice a strong, vibrant bud, the eggplant is ready for pruning. If you notice a weak bud, the plant is going to need to be planted in a different location.
D. [substeps] Holding the brooch in one hand, use the other hand to gently pinch the blossoms and fruit of your eggplant. Once you have pinched all of the flowers, be careful not to cut down too far (like right across the middle of the base where the stem meets the leaves).

Reply with exactly one uppercase letter out of A, B, C, or D.
",325
6446.0,Finance and Business,[header] How to choose between jute or sisal rugs [title] Work out the color and texture. [substeps] Sisal has a natural color which is off-white and creamy. It comes from the long green leaves of the cactus plant agave sisalana and is stronger than other natural fibers.,D,"Context:
""[header] How to choose between jute or sisal rugs [title] Work out the color and texture. [substeps] Sisal has a natural color which is off-white and creamy. It comes from the long green leaves of the cactus plant agave sisalana and is stronger than other natural fibers.""

Which of the following endings best completes the context?

Choices:
A. The color commonly appears in your garden if you haven't noticed from afar. Sisalana also has a breathable, delicate smell that is undetectable to others.
B. Using sisalana skin, you can use it to create beautiful sit-ins. Sisalana scents can range from earthy earthy blends to floral ones.
C. However, many cactus plants have heavy roots which make it harder to maintain a rug. Sisalana plants will still be bright but they are more heavy.
D. Because of its strength, it's used to make rope as well as being used in cat scratching posts. It's also a popular choice because of its durability.

Reply with exactly one uppercase letter out of A, B, C, or D.
",277
5381.0,Computers and Electronics,[header] How to create a self extraction file with ie express [title] First of all open run window. [step] You can find it in start menu. [title] Run ie express in that run window and click ok.,D,"Context:
""[header] How to create a self extraction file with ie express [title] First of all open run window. [step] You can find it in start menu. [title] Run ie express in that run window and click ok.""

Which of the following endings best completes the context?

Choices:
A. [title] Now let's import files like file explorer, which includes the html files, etc, for. [title] Do it! [step] Go to start run/turn on add/remove system utilities, open start/defrag and copy only after clicking ok or defragging.
B. [title] Once app is open, right-click the shortcut. [step] Applications: look through thumbnails and try to identify one, it should come out as "" mvn "" [title] Write down its ip address if it is not named.
C. [step] If you choose yes go to the file manager and note: \ image users] restrictions] drop in your current folder and run ie express in the lower left hand corner. [title] Next go to the file manager and click properties and change spacing.
D. [title] You will see a new window named ie express wizard. [step] In this wizard check "" create a new self extraction directive file "" and click next.

Reply with exactly one uppercase letter out of A, B, C, or D.
",318
6755.0,Finance and Business,"[header] How to report tax fraud anonymously [title] Know the warning signs of tax fraud. [step] Tax fraud involves the under-payment of any kind of taxes, including income, sales, property, or other business taxes. Tax fraud costs everyone by forcing the government to raise taxes or cut services.",B,"Context:
""[header] How to report tax fraud anonymously [title] Know the warning signs of tax fraud. [step] Tax fraud involves the under-payment of any kind of taxes, including income, sales, property, or other business taxes. Tax fraud costs everyone by forcing the government to raise taxes or cut services.""

Which of the following endings best completes the context?

Choices:
A. Warning signs may include : [substeps] Many websites encourage content to be shared by others, including instagram, twitter, and facebook. Change a description that does not offer the same services you do.
B. [substeps] While there is no definitive way to spot fraud, there are some common warning signs that someone may be committing fraud. Using cash to purchase items that are hard to trace and easy to sell.
C. The following are signs of fraud, which may be the result of fraudulent practices in the background : [substeps] The government is anonymously claiming the government is withholding federal taxes to fool taxpayers. The government is committed to rising taxes, but receives much more attention through phone calls, email, voice mails, and social media.
D. Always check with your state's department of revenue and industry for warnings about what is and is not tax fraud. Beware of unscrupulous governments and businesses who refuse to charge tax.

Reply with exactly one uppercase letter out of A, B, C, or D.
",322
18087.0,Finance and Business,[header] How to stop compulsive shopping [title] Pay with cash only. [step] Start to carry cash in a variety of denominations with you when out shopping. Buying everything with cash will make the transactions seem more real.,C,"Context:
""[header] How to stop compulsive shopping [title] Pay with cash only. [step] Start to carry cash in a variety of denominations with you when out shopping. Buying everything with cash will make the transactions seem more real.""

Which of the following endings best completes the context?

Choices:
A. An added benefit of this practice is that you'll be able to withdraw cash when the transaction is over and the item you're going to buy isn't deductible. When you absolutely need cash, you'll probably end up paying more if you end up buying something else.
B. You'll be less likely to make a lot of purchases if you have everything you'll need with you at all times. [substeps] Think about putting a coin in your wallet every time you go to or from work or school.
C. You'll actually have to count out the money that you've earned instead of simply handing over a piece of plastic. If you give yourself a certain amount of cash to spend each week, you can also start to budget.
D. [substeps] If you aren't used to making purchases with cash in a different denomination, it may not be a good idea to cash a more expensive item with it. It might seem like a wise idea to purchase a little extra cash but this is a huge deal.

Reply with exactly one uppercase letter out of A, B, C, or D.
",320
39298.0,Finance and Business,[header] How to avoid bankruptcy [title] Total your monthly expenses. [step] The easiest way to avoid bankruptcy is to pay off your debts by coming up with a budget. Begin by going through your monthly expenses.,B,"Context:
""[header] How to avoid bankruptcy [title] Total your monthly expenses. [step] The easiest way to avoid bankruptcy is to pay off your debts by coming up with a budget. Begin by going through your monthly expenses.""

Which of the following endings best completes the context?

Choices:
A. Make a note of the total cost you incurred in addition to the net monthly expenses. The amount multiplied by the number of hours worked per month will indicate the total number of hours you have needed to pay off your debts.
B. You can either write down a list of monthly expenses or look at your credit card and debit card statements for the past six months. Common monthly expenses include the following : [substeps] Rent or mortgage utilities food health care insurance transportation child care expenses minimum debt payments [title] Add up your monthly income.
C. In order to reduce your monthly expenses, inflate your monthly spending by subtracting the cost of food, rent, and a car. [substeps] In addition to practicing self-employment, you can reach out to others you know in your community about your budget.
D. Pay them all off in one payment method that you can easily subsidize. You can then pay off your debts by bringing in your monthly rent, discharge, and you see what you can make out of each month.

Reply with exactly one uppercase letter out of A, B, C, or D.
",320
30055.0,Youth,[header] How to have a big time rush sleepover [title] Check with your parents first. [step] This is especially important if you are quite young. [title] Ask people in your class if they like big time rush.,A,"Context:
""[header] How to have a big time rush sleepover [title] Check with your parents first. [step] This is especially important if you are quite young. [title] Ask people in your class if they like big time rush.""

Which of the following endings best completes the context?

Choices:
A. [step] If they happen to be wearing a btr shirt, or talk about btr a lot, it could be a sign they like them. Write down names of the people who want to go.
B. [step] If they don't like big time rush you're too young and they have a good reason for asking. [title] Carefully consider making a plan for when you have to attend the sleepover.
C. [step] They will most probably tell you when and where to do it. They might also tell you you can't go when curfew is due.
D. [step] More involved in your life will be fun for you and the people in your class. [title] Decide what age group will be you (elementary and middle school age children; middle & high school boys and girls).

Reply with exactly one uppercase letter out of A, B, C, or D.
",275
41323.0,Health,"[header] How to get rid of calluses on feet [title] Soak your feet on a regular basis. [step] If you have calluses, try soaking your feet on a regular basis to soften the dry and dead skin. Softening the skin with a warm water and mild soap foot bath will make removing that skin much easier.",D,"Context:
""[header] How to get rid of calluses on feet [title] Soak your feet on a regular basis. [step] If you have calluses, try soaking your feet on a regular basis to soften the dry and dead skin. Softening the skin with a warm water and mild soap foot bath will make removing that skin much easier.""

Which of the following endings best completes the context?

Choices:
A. [substeps] Fill a bowl with warm water and mild soap and add epsom salts. Gently immerse your feet in the bath for 10 to 15 minutes.
B. The softer the skin on your feet, the less likely calluses will develop. Soak any areas that you have calluses on for at least thirty minutes.
C. You may want to consider adding some dish soap to your foot bath to get your feet properly soaked. [title] Rinse off with warm water after soaking.
D. [substeps] Use warm water instead of hot water. Hot water can dry out your skin and irritate your feet.

Reply with exactly one uppercase letter out of A, B, C, or D.
",263
39071.0,Finance and Business,[header] How to start a deli [title] Write up your business and marketing plans. [step] These 2 documents will help you lay out a road map for how you plan to handle everything. They will also include market research to show the demand for a deli in your area as well as how you will compete with other businesses.,B,"Context:
""[header] How to start a deli [title] Write up your business and marketing plans. [step] These 2 documents will help you lay out a road map for how you plan to handle everything. They will also include market research to show the demand for a deli in your area as well as how you will compete with other businesses.""

Which of the following endings best completes the context?

Choices:
A. [substeps] Discuss these plans to ensure everything is plan for you, or consider consulting with an accountant if you would like to make some financial sense of accounting. This is a good idea in business anyway if you plan to keep your business going for longer than six months.
B. These documents will assist you to secure the funding needed if you do not already have the capital on hand. [title] Secure all the necessary licensing, permits, and insurance to operate a food business as required by local, state, and federal guidelines.
C. [title] Seek financing to create a 3% share of your beef. [step] This company should have a membership plan that makes sure that all products and services that people will make and receive will be available to them.
D. [substeps] Remember to include your personal information such as travel industry history, knowledge of why you need a deli in your area, additional marketing sources to increase your selection, and an initial marketing plan. [title] Upload all of your data into emails or an online database.

Reply with exactly one uppercase letter out of A, B, C, or D.
",344
50033.0,Computers and Electronics,"[header] How to write professional emails [title] Use the subject line wisely. [step] Rather than filling the subject with one or two vague terms, let the recipient know up front what they can expect from your email. Otherwise, it might fail to make the impact that it's supposed to.",B,"Context:
""[header] How to write professional emails [title] Use the subject line wisely. [step] Rather than filling the subject with one or two vague terms, let the recipient know up front what they can expect from your email. Otherwise, it might fail to make the impact that it's supposed to.""

Which of the following endings best completes the context?

Choices:
A. [title] Include salutations in the subject line. [step] While this won't do you much good, it will make the email more professional.
B. Be as specific as possible when supplying a subject for the email without becoming overly wordy. [substeps] "" upcoming health inspector visit "" is a stronger subject title than just "" health inspector "" when in doubt, think about what prompted the email in the first place and describe the situation in a few words.
C. [substeps] Avoid using precursor phrases like "" how are you? "" or "" what do you think you should do today? "" while these messages may sound generic, they might seem impersonal if used poorly. Instead, make the recipient more inviting by using language that indicates appreciation, and's often the subject line of professional emails.
D. [substeps] For example, if you were just trying to reach out to your husband via email, outlining what would be expected of you could be distracting from the purpose of your email. [title] Use subject lines that emphasize each one.

Reply with exactly one uppercase letter out of A, B, C, or D.
",346
23901.0,Health,"[header] How to take orthostatic blood pressure [title] Ask the person to lie down for five minutes. [step] He should be completely flat on a table, bed or couch. Wrap the sphygmomanometer, or blood pressure gauge, armband firmly around the person's upper right arm and secure it with the velcro strip.",A,"Context:
""[header] How to take orthostatic blood pressure [title] Ask the person to lie down for five minutes. [step] He should be completely flat on a table, bed or couch. Wrap the sphygmomanometer, or blood pressure gauge, armband firmly around the person's upper right arm and secure it with the velcro strip.""

Which of the following endings best completes the context?

Choices:
A. [title] Place your stethoscope over the brachial artery. [step] With the blood pressure cuff wrapped around the person's arm, have her palm facing upwards and place the stethoscope on the inside of the elbow.
B. [title] Secure one end of the measuring tape to the front of your wrist. [step] If the arm cuff can work on the wrist, the blood pressure cuff will also have to go on the other side of the hand.
C. [substeps] The person will not be able to move. All he does is "" relax, "" keeping his upper arm pressed against his ribcage.
D. [title] Carefully slide the cuff over the person's wrist and position the bulb upside down on the side of the thermometer. [step] It should be centered on the outside of the monitor.

Reply with exactly one uppercase letter out of A, B, C, or D.
",315
46659.0,Computers and Electronics,"[header] How to add a mac to a homegroup [title] Enable file sharing on your windows computer. [step] It is not possible to directly add a mac computer to your windows homegroup. Instead, you'll be sharing specific folders with the mac.",C,"Context:
""[header] How to add a mac to a homegroup [title] Enable file sharing on your windows computer. [step] It is not possible to directly add a mac computer to your windows homegroup. Instead, you'll be sharing specific folders with the mac.""

Which of the following endings best completes the context?

Choices:
A. To allow the mac to actually share a folder, you'll need to enable file sharing manually. This option will be listed under "" programs.
B. [title] Enable info sharing by tapping the status panel at the top right corner of your screen. [step] It might look like this: type for this mac where mac is and tap save.
C. To do this, you'll need to ensure that file sharing is enabled in windows : [substeps] Open the start menu or screen and type "" network and sharing center "" to open the network and sharing center window. Click the "" change advanced sharing settings "" link.
D. This will help you open or choose the folders that will be shared with the mac. [substeps] Double-click the mac to open the applications folder.

Reply with exactly one uppercase letter out of A, B, C, or D.
",272
26935.0,Tumbling,A young man dressed in a blue and white uniform is standing on a red runway preparing for his routine. all,B,"Context:
""A young man dressed in a blue and white uniform is standing on a red runway preparing for his routine. all""

Which of the following endings best completes the context?

Choices:
A. of a sudden, he walks up and jumps off of the balance beam very high into the air and lands extremely gently onto the grass.
B. of a sudden, he takes off running and starts doing a series of flips and cartwheels until he reaches the end.
C. the while he is very calm about his performance and gives different answers of his moves.
D. of a sudden he screams and obvs himself when he falls on the ground, immediately grabs his leg, puts it in irons and screams some more as he is frustrated by his bad knee placement.

Reply with exactly one uppercase letter out of A, B, C, or D.
",196
11359.0,Computers and Electronics,"[header] How to dress as a bohemian [title] Embrace bold colors. [step] The bohemian style is all about having fun with your clothing. If you want to dress as a bohemian, you need to stay away from dull, all neutral outfits.",B,"Context:
""[header] How to dress as a bohemian [title] Embrace bold colors. [step] The bohemian style is all about having fun with your clothing. If you want to dress as a bohemian, you need to stay away from dull, all neutral outfits.""

Which of the following endings best completes the context?

Choices:
A. Buy light colors or bold neutral colors, and stick with wearing the right sorts of outfits to mix things up. [substeps] Make your outfits the focal point of your style.
B. Instead, start wearing pieces in vivid red, vibrant orange, and eye-catching turquoise. If it's fun and bright, it's bohemian.
C. Avoid lots of bright colors and flashy patterns like cityscapes, victorian-style. Instead, go for clothes that have a more flowing flair.
D. Avoid neutrality, bright colors, and bold patterns. [substeps] If you are going out to lunch with friends, bring your own.

Reply with exactly one uppercase letter out of A, B, C, or D.
",259
41603.0,Youth,"[header] How to have a good night routine for school [title] Change into some comfortable clothes! [step] Wear some pajama pants and a loose top , [title] Do your chores. [step] It's very important that you get your chores done. We all know that if your parents expect you to handle some kind of chore and you don't, they won't be very happy with you.",A,"Context:
""[header] How to have a good night routine for school [title] Change into some comfortable clothes! [step] Wear some pajama pants and a loose top , [title] Do your chores. [step] It's very important that you get your chores done. We all know that if your parents expect you to handle some kind of chore and you don't, they won't be very happy with you.""

Which of the following endings best completes the context?

Choices:
A. [title] Start your homework as soon as you are done with your chores. [step] We all hate it, but it's the number one way to be prepared for school.
B. So take care of your chores! [title] Make sure to let your phone alert you. [step] You should keep it in there and on you at all times.
C. Put everything in pile formation: pots, pans, utensils and dishware and your books. [title] Plan a good (and hygienic) meal in the evening.
D. [title] At school, that's it-getting your homework done on time or that stuff. [title] Always hold up the door open to let in more of the sunlight.

Reply with exactly one uppercase letter out of A, B, C, or D.
",304
24815.0,Food and Entertaining,[header] How to make dried blueberry muffin mix in a jar [title] Thoroughly clean out a 1 quart wide mouth canning jar. [title] Layer the ingredients. [step] Be sure to follow the list from top to bottom; starting the layers with the sugar first and blueberries last.,C,"Context:
""[header] How to make dried blueberry muffin mix in a jar [title] Thoroughly clean out a 1 quart wide mouth canning jar. [title] Layer the ingredients. [step] Be sure to follow the list from top to bottom; starting the layers with the sugar first and blueberries last.""

Which of the following endings best completes the context?

Choices:
A. [title] Pour the prepared and condensed milk into the jar. [step] Reserve about 1/2 cup of the ice water.
B. [title] Add one or two tablespoons of honey for a thinner finish. [step] Line the base and sides with sugar.
C. [substeps] To ensure that all ingredients fit in the jar, always be sure to firmly press each one down before adding the next one. You can use the back of a spoon to achieve this.
D. [title] Enjoy! [step] Set aside your orange cake mix for later use. [title] Make muffin mix using the ingredients listed in the "" tips "" section.

Reply with exactly one uppercase letter out of A, B, C, or D.
",262
27775.0,Pets and Animals,"[header] How to spook train a horse [title] Get a halter and long lead on your horse. [step] Tie a plastic bag on the end of a carrot stick. To be clear, a carrot stick is a training tool, not an actual carrot.",B,"Context:
""[header] How to spook train a horse [title] Get a halter and long lead on your horse. [step] Tie a plastic bag on the end of a carrot stick. To be clear, a carrot stick is a training tool, not an actual carrot.""

Which of the following endings best completes the context?

Choices:
A. If your horse's halter is in a different color or given to you by your tack store, you will only get a one strap halter. First loop your lead rope around the top of the carrot stick.
B. [title] Stand in front of your horse wile doing this next step. [title] Gently rub the stick on your horse's body, all around.
C. [title] Lift up the carrot stick and thread it through one of the halter loops on your horse's lead rope. [step] Slide your body behind the horse and pull his lead rope up through the other loop on his lead rope.
D. This method could work for most horses, especially at road racing competitions. For some, this is the real trick, but you don't have to do it to a horse.

Reply with exactly one uppercase letter out of A, B, C, or D.
",288
5982.0,Computers and Electronics,"[header] How to upload a picture on snapchat [title] Open snapchat. [step] If prompted, enter your username and password and tap. [title] Tap the chat button.",B,"Context:
""[header] How to upload a picture on snapchat [title] Open snapchat. [step] If prompted, enter your username and password and tap. [title] Tap the chat button.""

Which of the following endings best completes the context?

Choices:
A. [step] This button looks like a chat bubble with a smiley face (get in the photo icon); tap it. [substeps] If you see a message at the bottom of the screen saying that you can't upload a picture, tap the "" send to "" button instead.
B. [step] This is the chat bubble in the lower left corner. [substeps] You can also swipe right on the screen to access this page.
C. [step] This button is located to the right of the camera icon. Once the switch is green, if you're already in action, you'll hear "" snap take action "".
D. [step] This button is a triangle icon with a white image inside. It looks like a chat bubble with two fingers.

Reply with exactly one uppercase letter out of A, B, C, or D.
",254
42470.0,Sports and Fitness,"[header] How to choose ski bindings [title] Choose standard alpine bindings for recreational skiing. [step] Alpine bindings are the type most commonly used for downhill resort skiing. They come in standardized sizes, are relatively lightweight, and detach easily in the event of a fall.",C,"Context:
""[header] How to choose ski bindings [title] Choose standard alpine bindings for recreational skiing. [step] Alpine bindings are the type most commonly used for downhill resort skiing. They come in standardized sizes, are relatively lightweight, and detach easily in the event of a fall.""

Which of the following endings best completes the context?

Choices:
A. They're most commonly accessible by skiers headed to ski trails or rafting stops. Some free-standing bindings are specifically made for hill skiing, but these bindings can be purchased at ski stores, ski shops, and online.
B. [substeps] Beginner skiers should try 1.14 to 1.6 thick bindings because they offer more control while using longer spindles. They are not designed to be worn and most beginners view them as less dangerous.
C. They also feature built-in brakes that make them easier to step into and prevent them from sliding away if you happen to come out of them. [substeps] Alpine bindings make use of separate toe and heel pieces for quick attachment and release.
D. [substeps] Winter bindings with a rigid outer seam are relatively easy to use. Traveling bindings are more comfortable, longer lasting, and cost less.

Reply with exactly one uppercase letter out of A, B, C, or D.
",317
32458.0,Personal Care and Style,"[header] How to manage curly hair [title] Go medium or long. [step] If you have curly hair, and go too short, you could end up with hair that has too much poof or looks misshapen. The key to managing curly hair can simply be the right cut.",B,"Context:
""[header] How to manage curly hair [title] Go medium or long. [step] If you have curly hair, and go too short, you could end up with hair that has too much poof or looks misshapen. The key to managing curly hair can simply be the right cut.""

Which of the following endings best completes the context?

Choices:
A. At minimum, choose scissors with a quality brush, low-grit paper and fine-grit paper. A ½-inch regular line is most effective.
B. That doesn't mean you shouldn't ever try a short cut. It means you should do it with caution.
C. If you want soft hair, don't let it guide your cutting. [title] Separate damp or wavy hair into mini-ponytails.
D. Try to find a person with hair who is both natural and curly with your haircut in mind. Do not cut just a few strands at the end.

Reply with exactly one uppercase letter out of A, B, C, or D.
",248
35462.0,Food and Entertaining,"[header] How to find out if he likes you [title] Know how physical attraction works. [step] Your brain chemistry is responsible for who and what you're attracted to. In fact, according to experts, physical attraction works a lot like addiction: both stimulate brain chemicals like dopamine and oxytocin.",A,"Context:
""[header] How to find out if he likes you [title] Know how physical attraction works. [step] Your brain chemistry is responsible for who and what you're attracted to. In fact, according to experts, physical attraction works a lot like addiction: both stimulate brain chemicals like dopamine and oxytocin.""

Which of the following endings best completes the context?

Choices:
A. Even if he's not into you, it doesn't mean there's anything wrong with you: it's all down to the chemicals. [substeps] Research suggests that our brains can tell within one second whether we're physically attracted to someone or not.
B. In turn, your body releases hormones like endorphins and serotonin that can help enhance physical attractiveness. When you have one of these hormones, you'll be compelled to act on it.
C. Without these chemicals in your body, you can't stop thinking about your crush. [substeps] Subconsciously you feel a magnetic attraction towards your crush.
D. Stimulation of these chemicals causes sexual attraction and energy boosting responses to accompany the actions. Moreover, single men are attracted to people with simply a simple sort of tomboy desire.

Reply with exactly one uppercase letter out of A, B, C, or D.
",296
981.0,Work World,"[header] How to get a music manager [title] Make sure you have something to manage. [step] Before you start looking for a manager, you have to make sure your career is worth managing. Take an honest look at what you've accomplished so far and what you're looking to accomplish.",D,"Context:
""[header] How to get a music manager [title] Make sure you have something to manage. [step] Before you start looking for a manager, you have to make sure your career is worth managing. Take an honest look at what you've accomplished so far and what you're looking to accomplish.""

Which of the following endings best completes the context?

Choices:
A. You want to see that you're suited to being a music manager, whether you're a music singer, a composer, or a public figure. What about work and personal relationships that are important to you? [substeps] First start by looking at your relationships.
B. [substeps] A musician should be expected to pay up front for their music and have enough money to cover the costs of gigs. If you've taken over running a music team, then you are doing exactly what you are expected to do.
C. [substeps] Take stock of your connections, job experience, education, and relationships you have in your personal life. Make a list of the people you know you can offer honest and supportive feedback to.
D. If your music career brings in $1000 or less monthly, it might not be the right time to look for a manager. [substeps] If your career isn't needing a manager yet, start by managing your own career.

Reply with exactly one uppercase letter out of A, B, C, or D.
",318
6883.0,Home and Garden,[header] How to clean cork [title] Vacuum cork floors. [step] Vacuum or sweep your cork floors. Do this to remove any obvious layers of dirt or dust.,B,"Context:
""[header] How to clean cork [title] Vacuum cork floors. [step] Vacuum or sweep your cork floors. Do this to remove any obvious layers of dirt or dust.""

Which of the following endings best completes the context?

Choices:
A. This will help prevent any additional dirt and debris that accumulates during the cleaning process. [substeps] Do not vacuum wooden or metal surfaces.
B. That dirt can scratch the floor over time. Use a soft-bristled broom or a low setting on your vacuum.
C. Also vacuum with your finger or brush in difficult-to-reach areas of cork. If there are dirt marks, scrub with the same brush.
D. [substeps] If using a broom or vacuum, clean with light pressure. Use the highest air pressure by spinning the broom or vacuuming the floor vigorously.

Reply with exactly one uppercase letter out of A, B, C, or D.
",222
18034.0,Food and Entertaining,"[header] How to get a hacked roblox account back [title] Make sure you're actually hacked and didn't forget your password. [step] Sometimes users think they are "" hacked "" if they have forgotten or lost their password. [substeps] It's always best that you put in a real email on your roblox account whenever you sign up.",C,"Context:
""[header] How to get a hacked roblox account back [title] Make sure you're actually hacked and didn't forget your password. [step] Sometimes users think they are "" hacked "" if they have forgotten or lost their password. [substeps] It's always best that you put in a real email on your roblox account whenever you sign up.""

Which of the following endings best completes the context?

Choices:
A. [title] Go to https: // roblox.com/and download roblox root access software on your computer. [step] Roblox root tools is a cloud user program that is great for connecting with people who aren't using the site.
B. That would really take away your rule of thumb. [title] Make sure if you really make a big mistake, be honest and take a claim.
C. That will prevent you from being locked out of your account. [title] Do not panic if your account has been stolen.
D. It should ask for your password in it and back it up with a security key. Changing your password will make this easier for others.

Reply with exactly one uppercase letter out of A, B, C, or D.
",276
33182.0,Personal Care and Style,"[header] How to build trust [title] Do what you say. [step] One of the most important steps in building a foundation of trust is to do what you say you will do. Even if it is a small thing, canceling or failing to follow through will create hairline fractures in your trustworthiness.",D,"Context:
""[header] How to build trust [title] Do what you say. [step] One of the most important steps in building a foundation of trust is to do what you say you will do. Even if it is a small thing, canceling or failing to follow through will create hairline fractures in your trustworthiness.""

Which of the following endings best completes the context?

Choices:
A. Even something as minor as dissolving your lease agreement in front of a trusted friend or family member will not be enough to rebuild trust. Be sure that you follow through with your word, but open with this person in mind.
B. [substeps] Perfectionism occurs when you assume nothing will happen, absolutely from the start. Believe that everything will fall neatly into place, everything is going to be okay, all things will be okay.
C. A great example of this is... [substeps] Never rent or buy anyone's house.
D. [substeps] Although the occasional failure to follow through may not seem like a big deal; repeated failures can add up. Over time, people in your life may come to see you as less trustworthy.

Reply with exactly one uppercase letter out of A, B, C, or D.
",277
1838.0,Relationships,"[header] How to build trust in a relationship [title] Stay faithful. [step] If a partner is not loyal, a relationship quickly becomes unworkable. People do recover from an affair but usually need professional help to do it.",A,"Context:
""[header] How to build trust in a relationship [title] Stay faithful. [step] If a partner is not loyal, a relationship quickly becomes unworkable. People do recover from an affair but usually need professional help to do it.""

Which of the following endings best completes the context?

Choices:
A. Make a commitment to be faithful and stick to it. If you're not happy in the relationship, get counseling and not a part-time lover.
B. While it may feel great to know someone is faithful, it doesn't build trust overnight. This type of bond is not good for everyone, so be sure to keep that in mind when choosing a new partner.
C. Many personality disorders, illnesses, or phobias can cause significant damage to a relationship. Deciding to get tested every six months will help you identify problems and determine what type of relationship you may be compatible with.
D. However, some people stay loyal even after they have been in an affair. Those who maintained a relationship often forget that it occurred, even if the quality of the relationship was terrible.

Reply with exactly one uppercase letter out of A, B, C, or D.
",262
13218.0,Home and Garden,"[header] How to use measuring spoons and cups [title] Know the difference between liquid and dry measures, and use the appropriate one for each task. [step] While they hold the same volume, they are used differently. Measurements are labeled on each measure.",C,"Context:
""[header] How to use measuring spoons and cups [title] Know the difference between liquid and dry measures, and use the appropriate one for each task. [step] While they hold the same volume, they are used differently. Measurements are labeled on each measure.""

Which of the following endings best completes the context?

Choices:
A. If you're measuring cutlery, for example, one measuring spoon will be marked "" clarified "" and the other is marked "" untempered. "" [title] Measure the length from the middle of the handle.
B. That means they're written on the cup at its place. [title] For a measuring cup, you'll have to measure out 2.5 tablespoons (91 ml) for each pound (270 ml) of soup.
C. [title] Use a liquid measure for liquids, such as water, milk or oil. [step] Fill the cup to the appropriate line, place it on a level surface, and read it with your eye at the level of the liquid.
D. Here are the main differences from liquid measurement and dry measuring. [substeps] Liquids and cups may each have a separate serving dish or cup.

Reply with exactly one uppercase letter out of A, B, C, or D.
",294
13924.0,Education and Communications,[header] How to write a letter of appeal [title] Locate the appropriate appellate court. [step] Every court sits in a hierarchy made up of other courts. You appeal a court's decision to the court that sits directly above it.,C,"Context:
""[header] How to write a letter of appeal [title] Locate the appropriate appellate court. [step] Every court sits in a hierarchy made up of other courts. You appeal a court's decision to the court that sits directly above it.""

Which of the following endings best completes the context?

Choices:
A. [substeps] For example, your state may have a court decision board and all other courts will report the case to your state's bench. The court clerk will typically pull the records and affidavits and give you a forwarding address.
B. [substeps] The supreme court has many rules you can use to locate a notary public in your county. The rules differ between courts, but the main rule in a local county is that you must admit or deny every allegation made in your letters.
C. If you do not know which court to appeal to, ask the judge after he has issued his ruling or check with the clerk court. [substeps] In the federal court system, district court decisions are appealed to the circuit courts, whose decisions may be appealed to the supreme court.
D. By finding the correct judge who feels he or she actually has the powers and authority to appeal the decision, you can best differentiate yourself from other courts. [substeps] Search the web to find local, state, and federal court appellate courts.

Reply with exactly one uppercase letter out of A, B, C, or D.
",329
16685.0,Sports and Fitness,"[header] How to become a female fitness model [title] Determine your niche. [step] Fitness is for people of all ages and lifestyles, from teens to older adults. Make yourself more marketable as a fitness model by highlighting what makes you unique.",C,"Context:
""[header] How to become a female fitness model [title] Determine your niche. [step] Fitness is for people of all ages and lifestyles, from teens to older adults. Make yourself more marketable as a fitness model by highlighting what makes you unique.""

Which of the following endings best completes the context?

Choices:
A. This may include physical health, diet and exercise. Athletic fitness may include : [substeps] Physical strength like cardio or resistance training running an athletic instrument, like a baton or barbell weight training [title] Obtain a high school diploma or ged.
B. [substeps] With every age group you are, you are more likely to figure out what gets you into your fashion message. Men in teen bodies usually prefer these ages and look for larger breasts.
C. If you keep fit by hiking and skiing, you'll appeal to outdoor adventurers. If you're a busy mom who squeezes in workouts in between your job and homework time, you'll connect with working parents.
D. For example, you may not have the outgoing, bubbly spirit that many people want, and maybe you don't even work out. [substeps] The drug treatment process can have significant negative effects on your abilities to lift weights.

Reply with exactly one uppercase letter out of A, B, C, or D.
",312
4702.0,Health,"[header] How to help someone cope with parkinson's disease [title] Educate yourself about the disease. [step] Parkinson's effects and treatment can be complex. Learn as much as you can from the patient's doctor, parkinson's support groups, or books, and share what you learn with your loved one as well.",D,"Context:
""[header] How to help someone cope with parkinson's disease [title] Educate yourself about the disease. [step] Parkinson's effects and treatment can be complex. Learn as much as you can from the patient's doctor, parkinson's support groups, or books, and share what you learn with your loved one as well.""

Which of the following endings best completes the context?

Choices:
A. Visit your local university and talk with people with whom you can relate. [substeps] Talking to other people can also serve as a source of information.
B. It's vital that you understand what to expect from the patient, as well as what the audience will want to hear. Read books, blogs, newspapers, and general literature in regards to the disease.
C. You can also look into the patient's medical history, religious beliefs, and favorite activity. Also share your opinion on the diagnosis and treatments and reflect on the information you've learned from them.
D. [substeps] The national parkinson's foundation, american parkinson's disease association, and the michael j. fox foundation are excellent resources for parkinson's patients and their families.

Reply with exactly one uppercase letter out of A, B, C, or D.
",286
17257.0,Food and Entertaining,[header] How to make baked wonton wrapper baskets [title] Preheat the oven to 350ºf/180ºc. [title] Cut the wonton wrappers into square shapes. [step] Make these about 2 inches or 5 cm in size. [title] Brush the muffin pan with olive oil.,C,"Context:
""[header] How to make baked wonton wrapper baskets [title] Preheat the oven to 350ºf/180ºc. [title] Cut the wonton wrappers into square shapes. [step] Make these about 2 inches or 5 cm in size. [title] Brush the muffin pan with olive oil.""

Which of the following endings best completes the context?

Choices:
A. [step] Drizzle on some lemon juice. [title] Roll the wontons in muffin pan mixture until no more batter remains.
B. [step] Begin to baste the muffin pan with the olive oil. However, avoid cooking the wontons; they'll bake too quickly.
C. [substeps] Press a wonton square into each cup of the muffin pan. Brush each wonton square with olive oil.
D. [step] If the sides are side-by-side you'll need to layer them in ascending order. [substeps] Place a strip of parchment paper (in a part labeled ,] or watermark your dough so you know which side it's on) or a press down into the shavings.

Reply with exactly one uppercase letter out of A, B, C, or D.
",304
40329.0,Pets and Animals,"[header] How to hold a dachshund properly [title] Place one hand under the chest. [step] Picking up a dachshund is different than the way you'd pick up other breeds, but it's not especially hard once you learn the right method. Start by slipping a hand under the dog's upper body to support his chest and ribcage.",D,"Context:
""[header] How to hold a dachshund properly [title] Place one hand under the chest. [step] Picking up a dachshund is different than the way you'd pick up other breeds, but it's not especially hard once you learn the right method. Start by slipping a hand under the dog's upper body to support his chest and ribcage.""

Which of the following endings best completes the context?

Choices:
A. Then place your other hand beneath the dog's back and give it a firm squeeze. Grab it between the stomach and the jaw.
B. Then, use your other hand to grab the loose collar at his neck. Press it against his chest, just above the ribcage.
C. Then work your way up toward his chest, placing one hand beneath the dog's front chest, another behind the back behind the front shoulders. [substeps] If your dog is six months old, pick him up with both hands behind his back.
D. [substeps] Spread your fingers out so that you support as much of the dog's upper body as possible. The wider the area you can spread his weight over, the gentler it will be on his spine.

Reply with exactly one uppercase letter out of A, B, C, or D.
",294
9752.0,Computers and Electronics,[header] How to make a graph in excel 2010 [title] Open your excel 2010 program. [title] Click on the file menu to open an existing spreadsheet or start a new spreadsheet. [title] Enter the data.,B,"Context:
""[header] How to make a graph in excel 2010 [title] Open your excel 2010 program. [title] Click on the file menu to open an existing spreadsheet or start a new spreadsheet. [title] Enter the data.""

Which of the following endings best completes the context?

Choices:
A. [title] Click the "" next? [step] "" buttons to open the place where the first and second columns intersect. [title] Enter a subtopic (should appear at the top-left corner of the screen) followed by a colon and then periods.
B. [step] Typing in a data series requires you to organize your data. For most people, you will enter items in the first column, column a, and enter the variables for each individual item in the following columns.
C. [step] Enter formulas, dates, and tables from the column on the left side, and any sequence of data on the right hand side (replace columns if necessary). [title] Click the cell where the data you entered will take place.
D. [step] The formula is at the top of the column in excel 2010. When you type in each "" value "" in excel : [substeps] = (] position-] range [title] Select the line that represents "" value in the particular range "".

Reply with exactly one uppercase letter out of A, B, C, or D.
",324
34069.0,Food and Entertaining,"[header] How to make molasses dinner rolls [title] Combine the yeast and water. [step] In the bowl of an electric stand mixer, combine 4 teaspoons of active dry yeast with 1 cup of warm water. Let the yeast and warm water rest for approximately 10 minutes.",A,"Context:
""[header] How to make molasses dinner rolls [title] Combine the yeast and water. [step] In the bowl of an electric stand mixer, combine 4 teaspoons of active dry yeast with 1 cup of warm water. Let the yeast and warm water rest for approximately 10 minutes.""

Which of the following endings best completes the context?

Choices:
A. [substeps] The yeast and water should appear foamy after ten minutes; if it doesn't, the yeast is dead and you will need to start over with fresh yeast. [title] Add everything but the whole wheat flour.
B. [substeps] The active dry yeast has a light, chewy consistency. If you want a more of a smooth dough, you could add more active dry yeast.
C. [substeps] Many people prefer warm alternatives to less-active alternatives, such as coconut or peanut butter, which make their baked goods more flavorful. [title] Combine the flour, yeast, and sugar.
D. [substeps] You do not need to keep the mixer running during this time. As long as the beaters and the mixer are equipped, the active dry yeast should reach the recipe's adequate volume.

Reply with exactly one uppercase letter out of A, B, C, or D.
",309
11990.0,Health,"[header] How to copy successful people and become successful [title] Surround yourself with successful people. [step] The best way to become successful is to be in the proximity of success on a daily basis. This may seem pretentious, but the reality is that successful people lead the kind of life that you want to be a part of, so it is essential that you too be surrounded in such a lifestyle.",A,"Context:
""[header] How to copy successful people and become successful [title] Surround yourself with successful people. [step] The best way to become successful is to be in the proximity of success on a daily basis. This may seem pretentious, but the reality is that successful people lead the kind of life that you want to be a part of, so it is essential that you too be surrounded in such a lifestyle.""

Which of the following endings best completes the context?

Choices:
A. [title] Watch, listen to, and learn from the successful so that you can recognize how successful people talk, think, and behave. [step] Additionally, you will come to identify the cause and effect of certain actions.
B. Here are some attributes to look for in successful people : [substeps] Being single willing to live to the fullest. Being at your wit's end when it's time to ask someone for something.
C. [substeps] Purchase a house or watch children for tv. Be yourself! Find an instant gift or service that compliments the specific interests of your wealthy or famous figure.
D. Take advantage of your social circle, which may be marginal, but still allow you to have company. [substeps] Maintain an active social network and get to know others.

Reply with exactly one uppercase letter out of A, B, C, or D.
",307
5112.0,Personal Care and Style,"[header] How to cut a fringe [title] Determine the kind of fringe you want, depending on your face shape. [step] If you have a long oval face with a wider forehead, try a blunt front fringe. If you have a smaller forehead and rounder face, try a side-swept fringe.",A,"Context:
""[header] How to cut a fringe [title] Determine the kind of fringe you want, depending on your face shape. [step] If you have a long oval face with a wider forehead, try a blunt front fringe. If you have a smaller forehead and rounder face, try a side-swept fringe.""

Which of the following endings best completes the context?

Choices:
A. The width of your fringe should be the length from one arch of an eyebrow to the other. You can make it slightly wider, but don't make it too narrow.
B. If you have a shorter face with short hair, choose an updo with curlers. [title] Cut fringe off your forehead if you have very light hair.
C. [title] Cut away all of the fringe from your face, as that adds volume to your face. [step] If your forehead is wide and you want to end up with a scrunched face, try choosing the side-swept fringe.
D. But if you have a narrow face with a long face, try a side-swept fringe. [substeps] If you have a wide forehead with short hair, having fringe on the side-swept fringe can work great! [title] Buy a fringe body piece to line the face line.

Reply with exactly one uppercase letter out of A, B, C, or D.
",323
42206.0,Food and Entertaining,"[header] How to know when sesame oil is rancid [title] Check your oil for a dark, amber color. [step] Sesame oils that appear darker in color than usual-a deep amber hue as opposed to a light golden color-are often rancid. Compare the color of your oil to images of sesame oil online to determine whether or not your oil is rancid.",C,"Context:
""[header] How to know when sesame oil is rancid [title] Check your oil for a dark, amber color. [step] Sesame oils that appear darker in color than usual-a deep amber hue as opposed to a light golden color-are often rancid. Compare the color of your oil to images of sesame oil online to determine whether or not your oil is rancid.""

Which of the following endings best completes the context?

Choices:
A. [substeps] If the oil you're buying has a dark amber color, it's likely you can taste the smell. If the oil smells milky or earthy, it is poor quality.
B. [substeps] Make sure that you check your oil for a light amber color. Note if your oil appears to take on a greenish tint.
C. [title] Feel the bottle to see if it's sticky. [step] A sticky residue will develop on the outside of a rancid oil container.
D. Your oil may actually have an acidic flavor to it. If your oil has an acidic flavor and smells rancid, this may be the result of an amber shade in the oil, and an acidic aroma.

Reply with exactly one uppercase letter out of A, B, C, or D.
",309
13856.0,Family Life,[header] How to play an active role in your child's education [title] Monitor schoolwork. [step] Taking an active role in your child's education can be very beneficial in helping her succeed. One of the most important things you can do is to pay attention to what she is learning in school.,A,"Context:
""[header] How to play an active role in your child's education [title] Monitor schoolwork. [step] Taking an active role in your child's education can be very beneficial in helping her succeed. One of the most important things you can do is to pay attention to what she is learning in school.""

Which of the following endings best completes the context?

Choices:
A. Keep track of what subjects she is studying and monitor the assignments she is working on. [substeps] Younger children tend to bring home projects, worksheets, and information from the teacher.
B. This means paying close attention and following along closely to each lesson so that you are not getting bogged down in student life or doing extracurricular activities. Paying extra attention in class and in your everyday schedule can help ensure that you are working correctly and make your child feel confident that she is contributing.
C. Take note of which assignments your child is participating in and what she is doing the most. [substeps] Be transparent about what you see and feel about your child in the classroom.
D. This can help establish the acceptable behavior for her in the classroom. [substeps] Ask your child for specific tips on how to take good notes in the classroom.

Reply with exactly one uppercase letter out of A, B, C, or D.
",296
32779.0,Relationships,"[header] How to be a hero in real life [title] Let go of your ego. [step] A real hero knows that their actions might go unnoticed, and that's okay. Make sure that you are trying to be a hero for the right reasons.",C,"Context:
""[header] How to be a hero in real life [title] Let go of your ego. [step] A real hero knows that their actions might go unnoticed, and that's okay. Make sure that you are trying to be a hero for the right reasons.""

Which of the following endings best completes the context?

Choices:
A. For example, watching a pilot eat his lunch out of boredom or watching a woman's baby walk through the halls is not how to apply your ego. But if you want to be a hero for a reason, do what you can to make it happen.
B. Know that being a hero doesn't mean being ugly or stupid, or being narcissistic towards others. Allow yourself to have strong opinions, even if they are not directly related to your ego or pride.
C. You need to be willing to help people who might not even know you have intervened on their behalf. You have to be focused more on the feeling you get from doing the good deed than receiving praise.
D. [title] Know that it's important to be a hero. [step] Don't be an arrogant or whining body builder, but be a true hero and stand by the side of the road, enjoying your victory (even if you don't win it! ! ).

Reply with exactly one uppercase letter out of A, B, C, or D.
",313
40653.0,Computers and Electronics,[header] How to stay healthy during the winter [title] Wash your hands. [step] Regularly washing your hands is one of the best ways to keep from spreading germs. It's also a good method to avoid spreading germs to others.,C,"Context:
""[header] How to stay healthy during the winter [title] Wash your hands. [step] Regularly washing your hands is one of the best ways to keep from spreading germs. It's also a good method to avoid spreading germs to others.""

Which of the following endings best completes the context?

Choices:
A. [substeps] Never scrub your hands with soap or water. Doing so can spread germs through your skin and onto your clothes.
B. [substeps] Buy warm water when washing your hands. You don't need to use hot water to wash your hands.
C. During the winter, this is especially important since it is cold and flu season. [substeps] Make sure you know how to properly wash your hands.
D. [substeps] Wash your hands after cooking, after touching or throwing away food, before dusting or shoveling snow. [title] Wear protective clothing when handling animals, such as rubber gloves.

Reply with exactly one uppercase letter out of A, B, C, or D.
",240
37991.0,Pets and Animals,"[header] How to keep chickens in a backyard [title] Buy a premade chicken coop for an easy option. [step] To save money and space, see if there is an existing structure in your yard that can be converted into a chicken shelter. It costs a good deal of money to hire people to build a shelter, so converting space can help with this.",C,"Context:
""[header] How to keep chickens in a backyard [title] Buy a premade chicken coop for an easy option. [step] To save money and space, see if there is an existing structure in your yard that can be converted into a chicken shelter. It costs a good deal of money to hire people to build a shelter, so converting space can help with this.""

Which of the following endings best completes the context?

Choices:
A. [substeps] If you have enough space, then purchase coop, as the chickens will most often sleep in a single room. [title] Place a raised coop no more than 1 foot (30.
B. [substeps] Chickens can be bought from your local hardware store. The kind of specific materials that you need to repurpose will depend on the needs of both chickens and people in your yard.
C. [substeps] Something like a small playhouse, staircase, or the space beneath a deck may work. [title] See if you can make use of an existing structure.
D. [substeps] You will need access to a good vegetable garden, some trees, and a couple or three chickens in their coop. It is a good idea to have a regular market to get things like apples, oranges, and tomatoes.

Reply with exactly one uppercase letter out of A, B, C, or D.
",317
6843.0,Home and Garden,"[header] How to buy a shipping container [title] Find the right grade. [step] Containers come in several grades, which provides information about how the container was used before it went up for sale. What grade you needs depends on what you need it for.",B,"Context:
""[header] How to buy a shipping container [title] Find the right grade. [step] Containers come in several grades, which provides information about how the container was used before it went up for sale. What grade you needs depends on what you need it for.""

Which of the following endings best completes the context?

Choices:
A. [substeps] Many containers come from two grades, the uppergrade and the lowgrade. [substeps] Uppergrades will get an art certificate.
B. [substeps] "" new "" or "" one-trip "" containers have typically been made in china and then shipped directly to the united states. If you want to convert your container into a home, this is the best option, as it will be weather resistant, and have the least damage.
C. [substeps] The final grade is grade 4-5 or grades 5-10, which gives a useful basis for buying a container. Grade 1 is based on the actual shipping date, which occurs every year, and grade 5 is based on the approximate date.
D. Without knowledge of what the container is just for, it can be hard to accurately evaluate the quality of the container. The easiest way to check the grade you have is to write down what the manufacturers used the container for.

Reply with exactly one uppercase letter out of A, B, C, or D.
",308
42536.0,Health,"[header] How to stop yourself from crying [title] Focus on your breathing. [step] Crying is a reaction caused by a heightened state of emotions and the relaxing effects of breathing can help you to stop yourself from crying. Perhaps you've just thought of a sad memory, you've been broken up with, or something tragic has happened in your life.",A,"Context:
""[header] How to stop yourself from crying [title] Focus on your breathing. [step] Crying is a reaction caused by a heightened state of emotions and the relaxing effects of breathing can help you to stop yourself from crying. Perhaps you've just thought of a sad memory, you've been broken up with, or something tragic has happened in your life.""

Which of the following endings best completes the context?

Choices:
A. Calming yourself is a big part of stopping yourself from crying. Focusing on breathing, as in meditation, can help you to control the emotions you are feeling and help you to restore a sense of inner peace.
B. Whatever the response to any of these things, simply repeat the words yourself as loud and clear as possible. As the mantra starts to repeat, breathe in slowly through your nose and out through your mouth.
C. If this is the case, then your mind can fight itself off by counting to 10 while you focus on something else. [substeps] You may lie in bed at night and realize you're soaking wet.
D. Instead of tapping yourself on the shoulder and crying without any affect on your health, focus on your breathing and your body to try to stop yourself from crying. [substeps] Deep breathing is a classic way to control what's causing you to feel emotional.

Reply with exactly one uppercase letter out of A, B, C, or D.
",317
3781.0,Education and Communications,[header] How to study states of equilibria in organic reactions [title] Understand what happens when equilibrium occurs. [step] Chemical reactions that reach a state of thermodynamic equilibrium are typical of uncatalyzed reactions in which their energy profile shows net enthalpy change of the reaction that is close to zero. This means that the reaction neither releases heat nor absorbs heat.,A,"Context:
""[header] How to study states of equilibria in organic reactions [title] Understand what happens when equilibrium occurs. [step] Chemical reactions that reach a state of thermodynamic equilibrium are typical of uncatalyzed reactions in which their energy profile shows net enthalpy change of the reaction that is close to zero. This means that the reaction neither releases heat nor absorbs heat.""

Which of the following endings best completes the context?

Choices:
A. This type of reaction is not driven by thermodynamic force so that it reaches a state of equilibrium. Normally other thermodynamic functions are affected by this state of equilibrium.
B. This can take you (and your listeners) two hours hours to complete. [title] Consider what kind of response you're planning to observe and read about before you begin your study.
C. The process is set to not again be dependent upon the new substance and as its dosage changes it is more responsive to change. It can work for a variety of reasons.
D. In fact, without change, the whole matter remains stationary. This results in a smooth, accelerated reaction.

Reply with exactly one uppercase letter out of A, B, C, or D.
",272
9316.0,Work World,"[header] How to be a farmer [title] Consider why you want to be a farmer. [step] Farming is hard work, and requires a lot of knowledge and upfront investment. You have to be part, part small business owner, part scientist, and part manual laborer.",D,"Context:
""[header] How to be a farmer [title] Consider why you want to be a farmer. [step] Farming is hard work, and requires a lot of knowledge and upfront investment. You have to be part, part small business owner, part scientist, and part manual laborer.""

Which of the following endings best completes the context?

Choices:
A. To design a farm, you need to maintain your farm space. What sources you use will depend on your farm and what are some of the most common areas for farming-gardening, the ocean, farm building and building, or music making.
B. Farming skills cannot be reserved for other activities. [title] Decide whether to camp or live for the operation.
C. Choosing a certification that you are generally capable of maintaining requires a very specific knowledge of the role you are applying for, as you will also need to be at least according to the requirements set out in your country. If you are getting a travel license, you'll need a certification under applying you may as a civilian.
D. Even if you do everything right, farming is unpredictable: natural disasters such as floods or drought can wipe out crops, pests can decimate your harvest, and the price of crops can vary dramatically. [substeps] Farming often requires a far greater time investment even than a full-time 9-to-5 job.

Reply with exactly one uppercase letter out of A, B, C, or D.
",330
6116.0,Cars & Other Vehicles,"[header] How to grease bicycle wheel bearings [title] Get some good, flat, open wrenches. [step] Make sure they are in sizes 13 mm and 15 mm. Those are the most common sizes.",D,"Context:
""[header] How to grease bicycle wheel bearings [title] Get some good, flat, open wrenches. [step] Make sure they are in sizes 13 mm and 15 mm. Those are the most common sizes.""

Which of the following endings best completes the context?

Choices:
A. [title] Have someone with you remove the things with a somewhat heavy wrench. [step] Removing any objects from the wheel the two of you should be able to do by yourselves.
B. The shop where you can buy adjustable wrenches is at the very top of the listing. You might also find them around the edges of old tires and tailbeams, in the aisles, or somewhere in plain sight.
C. You can also use a socket wrench but a vice is not recommended. For skids, make sure the lug nuts are licensed.
D. No other size wrench will work, but any type of adjustable wrench will do for the locking nut. [title] Put the flat wrench on the bearing cone between the hub and the locking nut.

Reply with exactly one uppercase letter out of A, B, C, or D.
",270
25673.0,Relationships,"[header] How to let go of control in a relationship [title] Take a few deep breaths when you feel anxious about losing control. [step] Focusing on breathing is one of the best ways to bring yourself fully into the present moment. When negative situations arise with your partner, try taking a slow, deep breath in as you count to 5.",D,"Context:
""[header] How to let go of control in a relationship [title] Take a few deep breaths when you feel anxious about losing control. [step] Focusing on breathing is one of the best ways to bring yourself fully into the present moment. When negative situations arise with your partner, try taking a slow, deep breath in as you count to 5.""

Which of the following endings best completes the context?

Choices:
A. Then, inhale and slowly exhale until your lungs feel full of oxygen. [substeps] Breath out slowly in the present moment through your nose, so you are also taking inhalation over breathing.
B. Or, when you feel anxiety coming on, try taking a second step back from the situation. [substeps] After you have taken a deep breath, begin to notice how slow and controlled you feel while in the present moment.
C. Slowly picture all the positive things in the situation. Count to 5 and enter the situation as a positive experience.
D. Exhale as you count to 5 once more. Focus only on your breath as you take it in and push it out of your lungs.

Reply with exactly one uppercase letter out of A, B, C, or D.
",276
49697.0,Home and Garden,[header] How to make sheer curtains [title] Use measuring tape to measure window height from the point where the curtain rod will be to the bottom of the window. [title] Decide how much longer you want your curtains to be than the window. [title] Measure length of the curtain rod.,C,"Context:
""[header] How to make sheer curtains [title] Use measuring tape to measure window height from the point where the curtain rod will be to the bottom of the window. [title] Decide how much longer you want your curtains to be than the window. [title] Measure length of the curtain rod.""

Which of the following endings best completes the context?

Choices:
A. [title] Add 4 inches (10 cm) of excess insulation to the measured length. [step] Bring 1 to 2 inches (2.5 to 5.1 cm) of insulation to the measuring tape to measure an additional length of the rod.
B. [step] Use an x-acto knife to make straight lines across the length. [title] Cut a 1/8 inch long strip that measuring from the one end of the window to the other.
C. [title] Measure circumference of the curtain rod and add 1 inch (2.5 cm) to allow for a seam. [substeps] How full your curtains are is a matter of taste.
D. [step] Depending on the room, the curtains should be 10 inches or 15 centimeters. [title] Cut the curtains to the desired length at the center of the window frame.

Reply with exactly one uppercase letter out of A, B, C, or D.
",316
7153.0,Sports and Fitness,"[header] How to exercise and lose weight by turning everyday household chores into an exercise routine [title] Pick up items on the floor or tables by squatting. [step] Keeping your back straight, squat deeply by bending your knees. Hold for 15 seconds before rising up again.",C,"Context:
""[header] How to exercise and lose weight by turning everyday household chores into an exercise routine [title] Pick up items on the floor or tables by squatting. [step] Keeping your back straight, squat deeply by bending your knees. Hold for 15 seconds before rising up again.""

Which of the following endings best completes the context?

Choices:
A. Then stand up, lean forward on your heels and return to squatting position. [substeps] Don't sit on the floor, chair, or even table; only squat until you feel your muscles stretching.
B. [substeps] Make sure to keep your back straight as you squat. Make sure you stay bent, as squatting can lead to spine issues.
C. [substeps] Repeat with each item of clothing, toy or other item. If you are unable to hold for 15 seconds, start with 5 seconds and increase as your hamstrings and quadriceps grow larger.
D. After 15 reps from the squatting position, raise your torso into a sit position. [title] Place a small bag on the floor next to your shoulders.

Reply with exactly one uppercase letter out of A, B, C, or D.
",280
22144.0,Home and Garden,[header] How to maintain a salt water pool [title] Remove surface dirt and debris with a hand vacuum twice a week. [step] Get a hand vacuum for the pool at your local pool supply store or online. The vacuum attaches to your skimmer box to create suction.,A,"Context:
""[header] How to maintain a salt water pool [title] Remove surface dirt and debris with a hand vacuum twice a week. [step] Get a hand vacuum for the pool at your local pool supply store or online. The vacuum attaches to your skimmer box to create suction.""

Which of the following endings best completes the context?

Choices:
A. You then push the vacuum around the surface of the pool with a pole to suck up dirt and debris. [substeps] A good hand vacuum of the pool will take 1 to 1.5 hours.
B. Suction removes a lot of muck and debris from the surface of the pool. This makes it more efficient at cleaning the pool.
C. It will also suck up ice, salt and other debris into the pool after cleaning. [substeps] You may need to make an extra effort to remove dirty and debris.
D. Suck up any debris or debris from your pool. Use it as cleaning expenses or maintenance! [substeps] Use steel wool to clean your pool.

Reply with exactly one uppercase letter out of A, B, C, or D.
",254
33368.0,Pets and Animals,"[header] How to tape up stubborn german shepherd puppy ears [title] Look at the structure of your puppy's ears. [step] Simply put, not all german shepherd puppy ears are created equal. For example, thin ears that do not have much cartilage may not be stiff enough to stand upright on their own.",A,"Context:
""[header] How to tape up stubborn german shepherd puppy ears [title] Look at the structure of your puppy's ears. [step] Simply put, not all german shepherd puppy ears are created equal. For example, thin ears that do not have much cartilage may not be stiff enough to stand upright on their own.""

Which of the following endings best completes the context?

Choices:
A. On the contrary, thicker ears probably have enough cartilage and muscle development to stand up more easily. [substeps] Ears that are widely spaced on your puppy's head may have a harder time standing upright.
B. However, thick or stubby ears may become stubborn. [substeps] You should also weigh the puppy's head up against your right shoulder to see if it weighs more (you can weigh the dog just in kilograms).
C. [title] Figure out your dog's thickness. [step] Stubborn breeds love solid, but thin ears can easily become unreasonable.
D. Look at the structure of your puppy's ears! If they have a lot of cartilage, they may need to be moved for support. [title] Recognize that ear sizes for german shepherds are not always tight.

Reply with exactly one uppercase letter out of A, B, C, or D.
",316
1332.0,Health,[header] How to reduce salmonella risk when raising backyard chickens [title] Wash your hands after handling chickens and supplies. [step] This can help you get rid of any bacteria that may cause salmonella. It is vital that you wash your hands each and every time you come into physical contact with chickens or their supplies.,A,"Context:
""[header] How to reduce salmonella risk when raising backyard chickens [title] Wash your hands after handling chickens and supplies. [step] This can help you get rid of any bacteria that may cause salmonella. It is vital that you wash your hands each and every time you come into physical contact with chickens or their supplies.""

Which of the following endings best completes the context?

Choices:
A. [substeps] To wash your hands properly, wet them in running water and then lather them with soap. Make sure you target your whole hands, including between your fingers, under your fingernails, and the backs of your hands.
B. [substeps] You should remove all dirt from your hands before touching the chickens or items. This will prevent the spread of the bacteria.
C. [substeps] Only do this while the chickens are being kept stationary near a source of water, since it helps eliminate unpleasant odors. [title] Remove skin and organs from chickens once per day.
D. [title] Wash your shoes and other body parts before beginning feeding or eating the chickens. [step] Chickens are a breeding ground for salmonella.

Reply with exactly one uppercase letter out of A, B, C, or D.
",291
4841.0,Computers and Electronics,"[header] How to be accepted by your new cheer squad [title] Be polite and friendly. [step] When you first meet your new cheer squad teammates, be courteous to them and ask them about themselves. Do not begin your new journey by trying to hog the limelight and inform them how good you are at cheerleading moves.",B,"Context:
""[header] How to be accepted by your new cheer squad [title] Be polite and friendly. [step] When you first meet your new cheer squad teammates, be courteous to them and ask them about themselves. Do not begin your new journey by trying to hog the limelight and inform them how good you are at cheerleading moves.""

Which of the following endings best completes the context?

Choices:
A. Treat everyone you know like royalty by allowing them to speak freely. Always be honest with everyone in order to avoid crowding or being overbearing.
B. Instead, make it clear that you're interested in your other team members and want to learn more about them. [substeps] Ask questions about their cheerleading experiences and how long they have been in the squad.
C. Better yet, start one with your squad mates instead. It's just easier to arrive at the beginning and get a keen sense of what' cool' people are then.
D. [substeps] Don't approach them with a "" hello "" or "" hi "". This will only turn them off immediately-they will instantly think you are not interested.

Reply with exactly one uppercase letter out of A, B, C, or D.
",278
13313.0,Cars & Other Vehicles,"[header] How to choose cheap train travel [title] Buy the individual legs of your ticket separately. [step] When people order train tickets, they tend to purchase a ticket on a straight shot to wherever they're going. But strangely, buying tickets for every step along the journey could save you money.",C,"Context:
""[header] How to choose cheap train travel [title] Buy the individual legs of your ticket separately. [step] When people order train tickets, they tend to purchase a ticket on a straight shot to wherever they're going. But strangely, buying tickets for every step along the journey could save you money.""

Which of the following endings best completes the context?

Choices:
A. If you're traveling without any significant points, you might sometimes be able to purchase higher cost train tickets. For instance, you might also opt for tickets for the capital railroad, cities you want to live in, and even permanent train trains as opposed to the bus and ferry companies you might find on rail.
B. You'll save money and make sure you buy plenty of quality seats! [substeps] Train stations are usually very affordable and are generally cheaper to buy cars, buses, taxis, and buses. If they seem like a great choice, then try to go for these.
C. Look for opportunities to engage in so-called "" ticket-splitting "" where possible. [substeps] For instance, suppose you're taking a train from washington, d.c.
D. Train tickets cost much less than other train costs, and you can buy them for several cheap costs. Think about the time of day, time of day, and minute values when deciding where to park your train.

Reply with exactly one uppercase letter out of A, B, C, or D.
",326
36258.0,Home and Garden,"[header] How to recycle coffee grounds from your coffee maker [title] Gather the spent coffee grounds and coffee filter. [step] If you have an existing compost pile, worm bin, or municipal compost service, adding your spent coffee grounds is easy. [substeps] Begin by gathering up the spent grounds as well as the paper filter if you use one.",B,"Context:
""[header] How to recycle coffee grounds from your coffee maker [title] Gather the spent coffee grounds and coffee filter. [step] If you have an existing compost pile, worm bin, or municipal compost service, adding your spent coffee grounds is easy. [substeps] Begin by gathering up the spent grounds as well as the paper filter if you use one.""

Which of the following endings best completes the context?

Choices:
A. You can always add more later as needed. [title] Add aside a portion of the wasted coffee grounds.
B. Paper coffee filters are also compostable. You may want to keep a kitchen compost bucket handy for holding your coffee grounds until you take them to your compost pile.
C. Gather some paper and coffee filters, if you used them, from your local coffee shop. Add food scraps if you have food waste, or some of your coffee grounds which might take awhile to compost.
D. The paper filter is easier to hold and the coffee filter more carefully. Replace the paper filter with a new paper filter and reattach the paper filter in the waste receptacle.

Reply with exactly one uppercase letter out of A, B, C, or D.
",273
16876.0,Health,"[header] How to paint if you're blind or visually impaired [title] Use brighter colors. [step] If you're visually impaired, brighter colors may be easier to see. When assembling your supplies, go for the brightest colors possible.",D,"Context:
""[header] How to paint if you're blind or visually impaired [title] Use brighter colors. [step] If you're visually impaired, brighter colors may be easier to see. When assembling your supplies, go for the brightest colors possible.""

Which of the following endings best completes the context?

Choices:
A. Instead of gray shades, you could use your darkest red or your lightest blue. Try whatever works best for you! [title] Choose colors that emphasize your face.
B. [substeps] Even brighter red is easier to see. Bright red would look too bright since you may be blind, but should at least be near or above your eyes.
C. Accordingly, make it your goal to pick the most vibrant color possible. Bright colors make you a target, so choosing bright, vibrant colors may generate negative responses in that person.
D. Pick colors that stand out to you so you can make out the shapes you're drawing. [substeps] The best colors vary from person-to-person.

Reply with exactly one uppercase letter out of A, B, C, or D.
",263
6281.0,Personal Care and Style,"[header] How to make your concealer last [title] Squeeze a dime sized amount onto your fingertips or brush. [step] Primer is a base for the rest of your makeup. However, it can also be used as a lighter form of foundation, so apply it in the same way that you would apply your foundation.",C,"Context:
""[header] How to make your concealer last [title] Squeeze a dime sized amount onto your fingertips or brush. [step] Primer is a base for the rest of your makeup. However, it can also be used as a lighter form of foundation, so apply it in the same way that you would apply your foundation.""

Which of the following endings best completes the context?

Choices:
A. Simply gently squeeze the concealer onto your fingers, moving in. [title] Apply primer to keep the foundation looking solid.
B. This will make it look lighter, after all. How it creates the coverage you desire depends on where you do your makeup.
C. [substeps] If you like a natural look, use primer as your foundation, and use concealer to fix up any problem areas. [title] Start on your nose and work your way out.
D. Use your fingertips to spread a tiny amount of primer into your face. [substeps] Choose a primer that is one color that matches your foundation and blend it into your face.

Reply with exactly one uppercase letter out of A, B, C, or D.
",261
3446.0,Cars & Other Vehicles,[header] How to brighten your car's yellowing headlights [title] Make a trip to your local auto parts store and pick up a headlight lens restorer. [title] Start off by washing the headlights and drying them. [step] This should be done in the shade.,A,"Context:
""[header] How to brighten your car's yellowing headlights [title] Make a trip to your local auto parts store and pick up a headlight lens restorer. [title] Start off by washing the headlights and drying them. [step] This should be done in the shade.""

Which of the following endings best completes the context?

Choices:
A. [title] Apply the restorer in a small amount to a cotton towel and work it in deep small circles in a small area of your lens. [substeps] It should dry as you keep working it in.
B. You can wrap the headlight lens with plain aluminum foil and allow it to dry for a few hours but the glass will glow more in the dark. [substeps] Ensure your headlights are completely dry but not soaking wet.
C. Don't reuse any headlights that are covered with dirt and dust. You can use any headlight removal spray (such as tanner), but read how to clean top fresh headlights.
D. Do not use bleach, as you won't be able to deliver the same shine you will due to the dirt. [title] Remove the blinkers and wash any dirt off of the headlights.

Reply with exactly one uppercase letter out of A, B, C, or D.
",296
19383.0,Computers and Electronics,[header] How to use apple carplay [title] Understand the limitations of carplay. [step] Carplay only interfaces with your iphone. You can think of carplay as a second screen for certain features of your iphone.,B,"Context:
""[header] How to use apple carplay [title] Understand the limitations of carplay. [step] Carplay only interfaces with your iphone. You can think of carplay as a second screen for certain features of your iphone.""

Which of the following endings best completes the context?

Choices:
A. No other mobile device is finished looking at carplay on this screen, particularly the features listed above. [title] At the bottom of the play screen is a "" get started "" button that you can use to begin your setup process.
B. Your iphone will still do all of the lifting. This means that carplay uses your iphone's gps for maps, not your car's built-in gps.
C. You cannot use carplay on your ipad or any other device. [substeps] Carplay does not appear on or off unless your apple device is connected to a wi-fi network.
D. This includes get-go, internet, powerpoint, and playback. It doesn't appear in windows and macos editions.

Reply with exactly one uppercase letter out of A, B, C, or D.
",266
5587.0,Computers and Electronics,"[header] How to connect two laptops through a lan [title] Obtain a network crossover cable. [step] This is a type of ethernet cable used for connecting two computers to one another. If you have an older computer, you must use a crossover cable.",C,"Context:
""[header] How to connect two laptops through a lan [title] Obtain a network crossover cable. [step] This is a type of ethernet cable used for connecting two computers to one another. If you have an older computer, you must use a crossover cable.""

Which of the following endings best completes the context?

Choices:
A. [substeps] Alternatively, you can use an ethernet wrap. Cut four lengths out of your favorite fabric material and staple them together.
B. The standard cable size is 1x9, but if you have a larger computer, you may want to get a longer one. [title] Make sure that you have a lan port on your workstation.
C. A regular ethernet cable will not work on older computers. There is no aesthetic difference between the two cables.
D. If you have a windows computer, you can use a crossover cable as well. The connection between the two computers should be about two inches and a maximum of two feet.

Reply with exactly one uppercase letter out of A, B, C, or D.
",257
25740.0,Cars & Other Vehicles,"[header] How to use turtle wax [title] Wash your car before you wax it. [step] Clean your car as thoroughly as you can on the outside. Use all the basic cleaners, such as soap and water for the body and window cleaner for your windows.",C,"Context:
""[header] How to use turtle wax [title] Wash your car before you wax it. [step] Clean your car as thoroughly as you can on the outside. Use all the basic cleaners, such as soap and water for the body and window cleaner for your windows.""

Which of the following endings best completes the context?

Choices:
A. [substeps] Wear a mask when cleaning your pet turtle. If you have a turtle baby you'll want to make sure he's clean, as humans can have an extremely dangerous health condition called areboga.
B. Use the diluted 7% hydrofeminine soap to clean your interior, engine, radiator and windshield wells, as well as the trim portions. [title] Apply vaseline to all surfaces in your car.
C. By the time you finish, the body of your vehicle should be shiny and free of dirt. The turtle wax will work best when your car is spotless.
D. Remove any dirt and grime using a circular motion with the edge of a wooden stick. [substeps] You may also use this method to clean the exterior of your car while you're the driver.

Reply with exactly one uppercase letter out of A, B, C, or D.
",293
193.0,Sports and Fitness,"[header] How to develop defense in boxing [title] Set your feet shoulder width apart with heel and toe aligned. [step] You will utilize this stance for both offense and defense, which is why it is so important. This width gives you the best ability to move and the alignment will help you move easily.",A,"Context:
""[header] How to develop defense in boxing [title] Set your feet shoulder width apart with heel and toe aligned. [step] You will utilize this stance for both offense and defense, which is why it is so important. This width gives you the best ability to move and the alignment will help you move easily.""

Which of the following endings best completes the context?

Choices:
A. The foot of your non-dominant hand side should be forward. [substeps] Traditional right-handed fighters should have their left foot forward.
B. [substeps] To get closer to a target, move the toe any one direction to put more power into your punch. [title] Prepare your body for counter-attacks.
C. [title] Tuck your torso in, but bring a balled fist up behind your head. [step] And make sure the fist is close to the base of your nose.
D. [title] Enroll your dominant foot in backswing. [step] When you kick with both feet bring your toes together into a straight alignment.

Reply with exactly one uppercase letter out of A, B, C, or D.
",261
40506.0,Family Life,"[header] How to encourage healthy interactive screentime for kids [title] Be mindful of choosing the right media for young children. [step] Even when a movie or tv show is characterized as "" educational, "" parents still should be cautious. Too much screen time can still be a detriment to your child's development, particularly in very young children.",B,"Context:
""[header] How to encourage healthy interactive screentime for kids [title] Be mindful of choosing the right media for young children. [step] Even when a movie or tv show is characterized as "" educational, "" parents still should be cautious. Too much screen time can still be a detriment to your child's development, particularly in very young children.""

Which of the following endings best completes the context?

Choices:
A. Poor video interactive screentime can contribute to your child's favorite snacks and entertainment. Some examples of no-media programming are becoming increasingly more and more disinterested in your child's storyboard choices, and even playing video games, icons, or other apps.
B. [substeps] If you are selecting screen time choices for toddlers, lean towards those with an interactive element in which the child is being shown some visual or audio aspects, being given instructions, and then asked to do something as a result. [title] Use screen-time to teach older kids lessons.
C. Find a young picture educational program that requires the right subjects for your child, as these options can be difficult for a children. [substeps] Families who are interested in their children can do more than simply be nice to their children because their desire to be interesting has motivated them from childhood.
D. [substeps] Don't turn tv into a habit. Many children find it comforting to watch a television program and work for large companies.

Reply with exactly one uppercase letter out of A, B, C, or D.
",345
37886.0,Education and Communications,"[header] How to write a debate speech [title] Understand how debates work. [step] You will be given a debate topic-this is called a "" resolution. "" your team must take a stance either affirmative or negative to the resolution.",A,"Context:
""[header] How to write a debate speech [title] Understand how debates work. [step] You will be given a debate topic-this is called a "" resolution. "" your team must take a stance either affirmative or negative to the resolution.""

Which of the following endings best completes the context?

Choices:
A. Sometimes you will be given the stance, and sometimes you will be asked to take a position. In different debate formats, this can be called a motion and the sides will be proposition and opposition.
B. [substeps] Affirmative: affirmative means if you or others agree, each team has a member on both sides. Positive: affirmative means you may reject a point and disagree.
C. Your team will then act as the "" moderator "" and encourage others to agree with them. The other team should present their stances on the topic and either answer them with an open, unarguable argument or counter with a positive declaration.
D. An affirmative stance will dictate how support the issues that you discuss. A negative stance will determine how support needs to be provided to you, as well as whether support is warranted.

Reply with exactly one uppercase letter out of A, B, C, or D.
",277
7566.0,Education and Communications,[header] How to study the chemical reactions of ammonia [title] Research the use of ammonia in farming. [step] Nitrogen is essential to the growth of plants. You can mix ammonia in the soil to be metabolized by bacteria present in the soil.,C,"Context:
""[header] How to study the chemical reactions of ammonia [title] Research the use of ammonia in farming. [step] Nitrogen is essential to the growth of plants. You can mix ammonia in the soil to be metabolized by bacteria present in the soil.""

Which of the following endings best completes the context?

Choices:
A. For ammonia, you usually dilute it with water if it is very acidic. Ammonia traps nitrogen in geodes which can degrade the soil's nitrogen into sludge (rise scum).
B. The following plants are popular sources of ammonia : [substeps] Zinnias. Zinnias are often used for medicinal purposes.
C. The resulting compounds are nitrite (no) and nitrate (no). These compounds can be readily used by the plants for growth.
D. Alternatively, bde is useful in the production of nitrogen, in the ph of the soil. [substeps] Nitrogen and nitrogen are not distinct sources of nitrogen, and therefore plants without ammonia can.

Reply with exactly one uppercase letter out of A, B, C, or D.
",273
35799.0,Personal Care and Style,"[header] How to clean sperrys [title] Remove caked-on dirt with a bristle brush. [step] Using a soft toothbrush or a bristle brush made for leather, gently brush away any dirt, dust, or debris. Brush the leather with soft strokes in the same direction.",B,"Context:
""[header] How to clean sperrys [title] Remove caked-on dirt with a bristle brush. [step] Using a soft toothbrush or a bristle brush made for leather, gently brush away any dirt, dust, or debris. Brush the leather with soft strokes in the same direction.""

Which of the following endings best completes the context?

Choices:
A. [substeps] Brushing the pricier areas first helps to allow for better handling of all surfaces. [title] Dust the back and sides of the flaked-off parts with a lint-free cloth.
B. If you scrub the shoes in multiple directions, you're likely to leave scars. [substeps] Use a rubber-bristled brush rather than a nylon-bristled brush.
C. [substeps] When applying pressure, make sure to keep the bristles away from your sperrys' feathers. It helps to remove any stuck on insects.
D. [substeps] Sweep or wipe off any grime stuck to the surface. Dry the area with a soft cloth or a clean towel afterwards.

Reply with exactly one uppercase letter out of A, B, C, or D.
",281
32234.0,Health,"[header] How to heal fast after a surgery [title] Rest for the first few days after your operation. [step] It is normal to feel extremely tired following a surgery, especially if you had a major operation or a general anesthetic. Spend time in bed and do only as much as you feel up to doing during these first few days.",B,"Context:
""[header] How to heal fast after a surgery [title] Rest for the first few days after your operation. [step] It is normal to feel extremely tired following a surgery, especially if you had a major operation or a general anesthetic. Spend time in bed and do only as much as you feel up to doing during these first few days.""

Which of the following endings best completes the context?

Choices:
A. [substeps] You should take note of how you feel during the day, and if you feel limber, so does your doctor. You don't need to have a full workout before a surgery, just give it your all.
B. Pushing yourself too early may be detrimental to your recovery. [substeps] Avoid any heavy lifting or rigorous exercise during this time.
C. Rest for several days, then begin strength training. [substeps] Some surgeons recommend taking at least 150 minutes of heavy activity per day to gradually rebuild muscles and keep blood flowing.
D. When these initial resting periods are over, it is okay to resume your normal lifestyle. [title] Keep your doctor accountable for your recovery.

Reply with exactly one uppercase letter out of A, B, C, or D.
",279
16746.0,Food and Entertaining,"[header] How to clean your bathroom fast [title] Gather up any trash. [step] If your trash can is full or the vanity is littered with crumpled tissues, your bathroom is definitely going to look messy. Getting rid of the garbage can instantly make the space appear cleaner.",D,"Context:
""[header] How to clean your bathroom fast [title] Gather up any trash. [step] If your trash can is full or the vanity is littered with crumpled tissues, your bathroom is definitely going to look messy. Getting rid of the garbage can instantly make the space appear cleaner.""

Which of the following endings best completes the context?

Choices:
A. If you've used your bathroom as part of your routine, now is the time to tidy that area, as well. [title] Have some nice towels handy to use.
B. [substeps] Your bathroom should have a mess pile, as trash disposals will always lay out, so see clean up right away as part of the cleaning plan. In addition to garbage it could be humpback toilet paper wrappers, paper towels, nail polish or anything else donated by members of any household.
C. Trash can containers work well so you can empty them out safely, if necessary. In addition, once you have all of the trash out, it will be easier to clean the mirror, the toilet, and the sink.
D. Start by emptying the trash can into a plastic garbage bag, and toss in any other trash that might be in the room. It's a good idea to leave the garbage bag hanging on the bathroom door so you can add any additional trash that you might come across.

Reply with exactly one uppercase letter out of A, B, C, or D.
",328
12280.0,Finance and Business,"[header] How to sell your products on alibaba [title] Create an alibaba account [step] To get started. [title] Click "" join now "" to become a member for free. [title] Enter your location, contact information, email address, and create a password in the registration form.",D,"Context:
""[header] How to sell your products on alibaba [title] Create an alibaba account [step] To get started. [title] Click "" join now "" to become a member for free. [title] Enter your location, contact information, email address, and create a password in the registration form.""

Which of the following endings best completes the context?

Choices:
A. [step] When the form and account information are approved, you will then be able to sell your product on alibaba. [title] Sign up for bitcasa's license, and upload your product to the site.
B. [step] Submit the form on the documents page located at. Upon signature with a red check mark, you're already logged in.
C. [step] Complete every step of the registration process. [title] Print the form and file it with the registrar of your country of origin.
D. [title] Click "" create my account "" [title] Enter a product name and product keyword. [title] Select a product category to help alibaba categorize your product, making it easier for potential customers to find it.

Reply with exactly one uppercase letter out of A, B, C, or D.
",276
28528.0,Holidays and Traditions,"[header] How to sell or swap gift cards [title] Use a gift card market site. [step] There are sites online that allow you to swap and sell gift cards, known as gift card marketplaces. These sites offer a balance guarantee on any card purchased or sold through them.",B,"Context:
""[header] How to sell or swap gift cards [title] Use a gift card market site. [step] There are sites online that allow you to swap and sell gift cards, known as gift card marketplaces. These sites offer a balance guarantee on any card purchased or sold through them.""

Which of the following endings best completes the context?

Choices:
A. To determine the balance you need, go online and take a look. However, you will need to be sure the card is legitimate or else it could be counterfeit.
B. This ensures you are not scammed or given an unfair price for the gift card. They work as the middleman between buyers and sellers so you only deal with the company and not with any third parties.
C. [substeps] Fannie mae's pinterest usa is a great resource for online trading under the umbrella of pinterest. You can only trade gifts from reputable sites based on a verified email or phone number.
D. Most of these sites also allow you to trade using cash, a credit card, and a paid debit card. When exchanging cards, you sign in with a credit card, or sign up with a debit card.

Reply with exactly one uppercase letter out of A, B, C, or D.
",289
17640.0,Food and Entertaining,"[header] How to make rainbow ice cream [title] Blend all the ingredients except the food coloring. [step] Carefully pour the milk, cream, sugar, and vanilla extract into a blender. Blend on high speed for about two minutes, until the sugar has dissolved and the mixture resembles a liquid, with a white color.",B,"Context:
""[header] How to make rainbow ice cream [title] Blend all the ingredients except the food coloring. [step] Carefully pour the milk, cream, sugar, and vanilla extract into a blender. Blend on high speed for about two minutes, until the sugar has dissolved and the mixture resembles a liquid, with a white color.""

Which of the following endings best completes the context?

Choices:
A. [substeps] Your blender is probably the easiest to use, and it will be much easier to blend in large scoops. [title] Pour and enjoy! [step] Your now-blended rainbow ice cream is ready to serve! Pour the mixture into a larger serving bowl.
B. [title] Add the mixture into an ice cream machine. [step] Pour the cream mixture into an ice cream machine.
C. Stir in the mix powder to create a thick batter. [title] Pour the batter in a cake pan.
D. [title] Pour in the milk mixture and stir everything. [step] Blend until the wet ingredients are well blended.

Reply with exactly one uppercase letter out of A, B, C, or D.
",269
3801.0,Food and Entertaining,"[header] How to act serious [title] Wear a serious facial expression. [step] Lower your eyebrows slightly, but do not allow them to slant inward. This can make you look angry.",A,"Context:
""[header] How to act serious [title] Wear a serious facial expression. [step] Lower your eyebrows slightly, but do not allow them to slant inward. This can make you look angry.""

Which of the following endings best completes the context?

Choices:
A. You should also wrinkle your brow, giving you the appearance of being deep in thought, and squint your eyes slightly. It also may benefit you to keep a straight face.
B. [title] Dress in appropriate clothes for an event. [step] You may go to a given venue and expect an angry effect, but acting serious is better than acting composed and professional.
C. [title] Keep your arms uncrossed and let your shoulders roll back slightly while you raise your chin. [step] This will help give this impression of a bored or joking person.
D. Equally important: smiling and showing your teeth can make you look like your parents are plotting to do something cruel or forbidden, which you may or may not take lightly. [substeps] Do not smile if you would like.

Reply with exactly one uppercase letter out of A, B, C, or D.
",263
19882.0,Education and Communications,"[header] How to use car ramps [title] Check the maximum rated load. [step] This is the most important characteristic of your ramp: the larger this number, the safer you'll be. The ramp's rating refers to the maximum gross vehicle weight (gvw) that can be driven onto the ramp.",A,"Context:
""[header] How to use car ramps [title] Check the maximum rated load. [step] This is the most important characteristic of your ramp: the larger this number, the safer you'll be. The ramp's rating refers to the maximum gross vehicle weight (gvw) that can be driven onto the ramp.""

Which of the following endings best completes the context?

Choices:
A. You can find the gvw on your driver's door sticker or owner's manual. The ramp's rating should be well above your car's gvw, to allow for a margin of error or a front-heavy car.
B. The driver's manual will tell you how high the ramp is. A higher gvw is the more accurate rating.
C. [substeps] Ramps that are less than 10 lbs (134.7 kg) are more taxing. [title] Check the maximum rated distance of the ramp.
D. [substeps] Raising the gvw limit may prevent not moving a vehicle 120 mph (15. 2 km/h) up the ramp quickly.

Reply with exactly one uppercase letter out of A, B, C, or D.
",283
21960.0,Personal Care and Style,"[header] How to trim a mustache [title] Grow the hair above your lip. [step] If you can wait until it's thick and long, you'll have more to work with when it comes to achieving a certain look with your trim. [substeps] If this is your first mustache, it may take several weeks until your hair is long enough to trim.",C,"Context:
""[header] How to trim a mustache [title] Grow the hair above your lip. [step] If you can wait until it's thick and long, you'll have more to work with when it comes to achieving a certain look with your trim. [substeps] If this is your first mustache, it may take several weeks until your hair is long enough to trim.""

Which of the following endings best completes the context?

Choices:
A. This will give your mustache some time to grow in and blend in with your skin. You may need to trim the area every day.
B. You should snip your mustache as straight as possible before doing so. Loosen the hairs using a pair of sharp scissors and trim them off with a barber knife.
C. Begin etching out the shape of your mustache by shaving your cheeks and chin while you wait for your mustache to grow. Have some patience: if you start to trim your mustache too soon, you won't get the best results.
D. A laser-straight trimmer will be more effective but less efficient than a handheld trimmer. To make it harder to trim your mustache properly, tape down your trim to your hand.

Reply with exactly one uppercase letter out of A, B, C, or D.
",295
20111.0,Home and Garden,"[header] How to identify deficiencies in container plants [title] Check for poorly defined green shoots, yellowing older leaves and premature leaf drop. [step] If these are present, this indicates that the pot plant has magnesium deficiency. Remedy by spraying a mixture of water and some dissolved epsom salts to the soil and on the plant's leaves.",C,"Context:
""[header] How to identify deficiencies in container plants [title] Check for poorly defined green shoots, yellowing older leaves and premature leaf drop. [step] If these are present, this indicates that the pot plant has magnesium deficiency. Remedy by spraying a mixture of water and some dissolved epsom salts to the soil and on the plant's leaves.""

Which of the following endings best completes the context?

Choices:
A. Soak the leaves in the mixture, pressing them through a damp cloth to remove as much of the magnesium oxide as possible. [title] Search for bags with lack of moisture.
B. [title] Check for leaf drop if water seeps through only 1 third or less of the stalk and leaves. [step] If the leaf drop is not visible near the top of the stem, however, the foliage does not look fully developed.
C. Try to spray under the leaves for better absorption. [title] Look for spindly growth and dropping leaves that turn red or purple.
D. This type of contamination will warrant a special fertilizer. [title] Try planting the plant in a garden that receives direct sunlight.

Reply with exactly one uppercase letter out of A, B, C, or D.
",290
22403.0,Health,"[header] How to use vagisil [title] Use the smallest amount needed. [step] Using too much vagisil can lead to severe side effects, so only apply a small amount. The amount of vagisil cream that you use should be about as long as your fingertip (about one inch long).",D,"Context:
""[header] How to use vagisil [title] Use the smallest amount needed. [step] Using too much vagisil can lead to severe side effects, so only apply a small amount. The amount of vagisil cream that you use should be about as long as your fingertip (about one inch long).""

Which of the following endings best completes the context?

Choices:
A. However, be aware that it's sometimes recommended to use less more when you have conditions such as parkinson's disease; there's no scientific evidence to support this effect. [substeps] When using vagisil, take a smaller dose than the dosage prescribed by your doctor.
B. [substeps] Using an extra small amount does not mean your finger is dead. It simply means you're using the right kind of tool.
C. Use less if you experience side effects like nausea or diarrhea, or if you are pregnant. [substeps] If your vagisil cream does not contain any iron or other nutrients, you should use less.
D. [title] Apply vagisil to the outside of your vagina only. [step] Do not insert vagisil into your vagina.

Reply with exactly one uppercase letter out of A, B, C, or D.
",296
43907.0,Sports and Fitness,[header] How to get skinny thighs from swimming [title] Target your legs. [step] This move is perfect for beginners in the pool. It requires no previous swimming experience and can be done in a shallow pool.,A,"Context:
""[header] How to get skinny thighs from swimming [title] Target your legs. [step] This move is perfect for beginners in the pool. It requires no previous swimming experience and can be done in a shallow pool.""

Which of the following endings best completes the context?

Choices:
A. The leg sweep targets your legs and helps you burn the unwanted fat in your thighs. [title] Stand next to the edge of the pool.
B. The primary purpose of this move is to target your legs on the underside of the hips. When this is done correctly it helps the legs stay firmly together and keep them up in a straight line.
C. To target your legs, focus on moving your legs forward to absorb extra water during the swim. Keep your arms bent at your sides as you swim.
D. [substeps] You can also target your thighs with your waist-stroke. Place one hand directly in front of you.

Reply with exactly one uppercase letter out of A, B, C, or D.
",233
25692.0,Work World,"[header] How to identify simmental cattle [title] Note simmental cattle's weight and size. [step] Simmental cattle are quite large, and notably rugged in physical composition. They have a heavy bone structure, with visibly strong feet and legs.",B,"Context:
""[header] How to identify simmental cattle [title] Note simmental cattle's weight and size. [step] Simmental cattle are quite large, and notably rugged in physical composition. They have a heavy bone structure, with visibly strong feet and legs.""

Which of the following endings best completes the context?

Choices:
A. [title] Look for simmental cattle's antlers and mane. [step] Simmental cattle are known for their shiny, pearly fur and headbands.
B. [substeps] Mature simmental cows will weigh from 1 , 100 to 1 , 500 pounds or more. Mature simmental bulls, which will show more muscle mass over their shoulders and hindquarters, usually weigh somewhere between 2 , 200 and 2 , 800 pounds.
C. Simmental cattle can stand around 7-8 pounds, and their bodies have such large hooves and powerful hind legs. Simmental cattle, however, have muscle that is often difficult to sustain.
D. Simmental cattle are more calcified than docile dogs. They can shed their fat without pain, and can learn to walk on grass, brush, dirt, and other hard surfaces.

Reply with exactly one uppercase letter out of A, B, C, or D.
",308
9090.0,Finance and Business,"[header] How to be a zookeeper [title] Learn about zoo keeping as a career. [step] Before you start down the path to becoming a zoo keeper, you should know what a career in zoo keeping looks like. It is a demanding job, physically and emotionally, and you should make sure the career is right for you.",D,"Context:
""[header] How to be a zookeeper [title] Learn about zoo keeping as a career. [step] Before you start down the path to becoming a zoo keeper, you should know what a career in zoo keeping looks like. It is a demanding job, physically and emotionally, and you should make sure the career is right for you.""

Which of the following endings best completes the context?

Choices:
A. Talk to a zoo manager to see if a career in zoo keeping might be something you and your family would enjoy. [substeps] Be involved in zoo watch, insect watching, etc.
B. You will likely have to learn about organic farming, animal mating, habitats, classes and farm animals. The types of positions you will be required to have will depend on the specific field you might be in.
C. You can begin in zoos, and work your way up to zoo keeping. Visit multiple zoos before heading down to zoo keeping.
D. [substeps] Zoo keeping is a job that requires a great deal of physical labor. It is not a glamorous position and you will get dirty, sweaty, and tired at work.

Reply with exactly one uppercase letter out of A, B, C, or D.
",286
17369.0,Finance and Business,"[header] How to sell sandwiches commercially [title] Determine the location to sell your sandwiches. [step] The easiest way to keep your startup costs lower and reach consumers directly is to sell your sandwiches through an existing vendor. Contact cafes, street vendors, and convenient stores in busy areas and offer samples of your sandwiches to the owners or managers.",D,"Context:
""[header] How to sell sandwiches commercially [title] Determine the location to sell your sandwiches. [step] The easiest way to keep your startup costs lower and reach consumers directly is to sell your sandwiches through an existing vendor. Contact cafes, street vendors, and convenient stores in busy areas and offer samples of your sandwiches to the owners or managers.""

Which of the following endings best completes the context?

Choices:
A. Some locations might let you buy your sandwiches directly from them. [substeps] If you're buying your favorite sandwich from local farmers' markets, check if they require a permit to do business there.
B. [substeps] Never sell fliers in bigger stores where customers may see. Instead, adopt a specific set of advertisements.
C. [substeps] The availability of sandwiches will depend on the locations you target. For instance, for locations in high-traffic regions, you may want to sell on the sunny side of london rather than in some high-traffic areas.
D. [substeps] Negotiate a pricing system that will be profitable for you and the vendor. Discuss terms of payment and other details such as quantities to be expected and delivery times.

Reply with exactly one uppercase letter out of A, B, C, or D.
",299
20367.0,Education and Communications,"[header] How to write a paranormal romance [title] Research different "" monsters "" and other paranormal things. [step] This will give you an understanding for what you're writing about. In a paranormal romance, the creature is usually the male that the human female falls in love with.",B,"Context:
""[header] How to write a paranormal romance [title] Research different "" monsters "" and other paranormal things. [step] This will give you an understanding for what you're writing about. In a paranormal romance, the creature is usually the male that the human female falls in love with.""

Which of the following endings best completes the context?

Choices:
A. The main things you are writing about at this point of the story are gender, race, breeding or how undead people behave. What you are writing about will be what your characters say.
B. Don't be afraid to change this! [title] Start making up some characters. [step] Give them a real personality, nobody likes a perfect character.
C. In real life, however, there are seven main characters and several different person-entities. [substeps] The monster often leaves the world without a lover.
D. This is because creatures are created in their own ways. For example, erebos is a different species from humans and may have many different personalities.

Reply with exactly one uppercase letter out of A, B, C, or D.
",259
12126.0,Applying sunscreen,"A special effect video clip appears with someone running on a treadmill and white words on the middle of the screen that read ""citynews health"". a man and woman newscaster",D,"Context:
""A special effect video clip appears with someone running on a treadmill and white words on the middle of the screen that read ""citynews health"". a man and woman newscaster""

Which of the following endings best completes the context?

Choices:
A. walk on the sidewalk and the woman newscaster begins talking to the man.
B. are talking in studio and a lady with a mane in front of her a female newscaster talks on a screen, then woman shot in front of an indoor field defense team and host shows a bunch of games and a pep rally.
C. talk over the people who run on olympic track.
D. appear sitting on stools, both dressed in work attire and talking to the camera and to one another.

Reply with exactly one uppercase letter out of A, B, C, or D.
",194
11028.0,Food and Entertaining,"[header] How to bake chocolate peanut butter cheesecake [title] Preheat oven to 350 f. [title] Combine the crushed cookies and melted butter in a suitably sized bowl. [title] Press mix on the inside base of a 9 "" springform pan with sides and a removable base. [step] Pack the mixture up the sides of a springform pan too [title] Bake for 8 minutes if you feel that this improves the finished product.",B,"Context:
""[header] How to bake chocolate peanut butter cheesecake [title] Preheat oven to 350 f. [title] Combine the crushed cookies and melted butter in a suitably sized bowl. [title] Press mix on the inside base of a 9 "" springform pan with sides and a removable base. [step] Pack the mixture up the sides of a springform pan too [title] Bake for 8 minutes if you feel that this improves the finished product.""

Which of the following endings best completes the context?

Choices:
A. [title] Take this time to unplug the pan from the heat and let it cool. [title] The cheesecake should be a perfect chocolate brown.
B. [step] Remember the cookies have already been baked, and the butter was already melted. The base of this is supposed to be set, not melted.
C. [title] Remove pudding from oven immediately and leave to cool in the pan for a short while. [step] Serve warm with whipped cream, chocolate vanilla extract or high-cocoa ice cream.
D. [title] Preheat oven to 195 f. [title] Allow mixture to bake for 10 minutes if needed then remove from oven and let cool in oven.

Reply with exactly one uppercase letter out of A, B, C, or D.
",322
35507.0,Travel,"[header] How to pack for a trip to london [title] Read over your airline's luggage restrictions. [step] If you travelling by airline, go to the company's website and look for their baggage guidelines. You will see how many bags they will allow you to take and the exact required dimensions of each bag.",D,"Context:
""[header] How to pack for a trip to london [title] Read over your airline's luggage restrictions. [step] If you travelling by airline, go to the company's website and look for their baggage guidelines. You will see how many bags they will allow you to take and the exact required dimensions of each bag.""

Which of the following endings best completes the context?

Choices:
A. You should use your purchase to calculate your purchase price. [substeps] For example, if you're traveling to london especially for the summer, you should spend some time studying those from the bank websites such as the london classifieds website or the society for the london world.
B. You can also compare prices at the website for airbags or fly based on the ticket specifics, as well as transit rules. Some airlines also allow you to fly by train.
C. [substeps] Of course, the strict rules here are insofar as you play the most popular part, but by research you can make decisions based on what age and supplies you have to pack. [title] Go shopping for basic items ahead of time.
D. Pay particular attention to the size of overhead bags and the weight limitations on checked bags. [substeps] Of course, if you exceed the guidelines most airlines will let you take your bag along for an additional fee.

Reply with exactly one uppercase letter out of A, B, C, or D.
",324
7870.0,Pets and Animals,"[header] How to groom a longhair dog [title] Get your materials ready. [step] A while before you begin the grooming process, you need to stock up on brushes, combs, clippers, shampoos, and conditioners. [substeps] For brushes, bristle brushes can be used on all coat types.",C,"Context:
""[header] How to groom a longhair dog [title] Get your materials ready. [step] A while before you begin the grooming process, you need to stock up on brushes, combs, clippers, shampoos, and conditioners. [substeps] For brushes, bristle brushes can be used on all coat types.""

Which of the following endings best completes the context?

Choices:
A. Choose handle-less bristle brushes, and a comb with rough bristles for a sleek, proper coat. For human hair: clean the bristles with soap and water, or soak them in water and wipe them off with a towel.
B. Hair wire combs are ideal for longhair with bristle areas. These combs are porous and will not push dirt back into your coat.
C. In general, the longer the coat the more widely spaced and longer the bristles should be. Wire-tipped brushes without rubber ends are also a good choice for dogs with long, coarse, or curly coats.
D. Use rubber gloves if you're going to be brushing your longhair. For combs, only use medium to high rollers.

Reply with exactly one uppercase letter out of A, B, C, or D.
",300
17814.0,Home and Garden,[header] How to paint gutters [title] Use a power washer to clean the gutters fast. [step] Start by cleaning off dirt and debris on the gutters. Rent a power washer or buy one at your local hardware store or online.,C,"Context:
""[header] How to paint gutters [title] Use a power washer to clean the gutters fast. [step] Start by cleaning off dirt and debris on the gutters. Rent a power washer or buy one at your local hardware store or online.""

Which of the following endings best completes the context?

Choices:
A. A power washer isn't a chemical cleaner, just a stiff bristled brush that collects and covers the whole gutter with dirt. Pull over bushes, brush, manure, or other debris before you lift it off the ground.
B. Scrubbing dirt off is easier and faster than trying to do it all by yourself. [title] Soak the gutters in water to add an extra base.
C. The power washer will have an extendable arm, making it easy and quick for you to clean the gutters. [substeps] You can stand on a ladder if you'd like to get closer to the gutters to clean them.
D. Use a 15 horsepower motor for the job. Run the power washer on the hot setting for about a minute and then wrap the parts around a cup.

Reply with exactly one uppercase letter out of A, B, C, or D.
",283
35007.0,Home and Garden,[header] How to become an aircraft engine specialist [title] Conduct some initial research on jobs as an aircraft engine specialist to learn more about the work to see if the field is a good match for you. [step] Ask yourself if your goal is to work for a public airport or to get a position on a military base. [title] Evaluate your ability to work with complex machinery and to accurately diagnose and repair mechanical systems.,D,"Context:
""[header] How to become an aircraft engine specialist [title] Conduct some initial research on jobs as an aircraft engine specialist to learn more about the work to see if the field is a good match for you. [step] Ask yourself if your goal is to work for a public airport or to get a position on a military base. [title] Evaluate your ability to work with complex machinery and to accurately diagnose and repair mechanical systems.""

Which of the following endings best completes the context?

Choices:
A. [step] After you gain knowledge and have presented your main goals for the career, begin to consider many obstacles. The potential pitfalls are large and can cost large amounts of time.
B. [step] The best resource for determination is a lawyer. [title] Study the parts industry and their chronology.
C. [step] Meet with specialist specialists to determine any problems that you may be having. Identify the first priority of obtaining certification as a certified mechanic.
D. [step] Aircraft engine specialists must have a strong mechanical aptitude and knowledge of engineering and technology. [title] Browse the internet and explore various programs that provide technical training in preparation for a position as an aircraft engine specialist.

Reply with exactly one uppercase letter out of A, B, C, or D.
",288
17445.0,Computers and Electronics,"[header] How to paint luscious cherries in watercolor [title] Purchase a handful of ripe cherries from the store. [step] Pick through to find perfect ones at their prime. They come in a variety of colors, from yellow, to bright orange-red, to deep maroon.",D,"Context:
""[header] How to paint luscious cherries in watercolor [title] Purchase a handful of ripe cherries from the store. [step] Pick through to find perfect ones at their prime. They come in a variety of colors, from yellow, to bright orange-red, to deep maroon.""

Which of the following endings best completes the context?

Choices:
A. If you're not sure which type of cherry you want, ask the store clerk where you got them. [title] Place the cherries on a clean surface.
B. [substeps] Don't even bother changing your cherries in the store. The more ripe the berries are the better your brushes will be! [title] Trim the cherries.
C. You can generally leave the cherries alone if you're new to painting them, since they'll be easier to put together and work with later. [title] Put your selected cherries in a canning or freehand trash bag.
D. Select what appeals to you or get an assortment of colors. Search for cherries that still have their stems.

Reply with exactly one uppercase letter out of A, B, C, or D.
",276
2657.0,Skateboarding,"An old man flips an skateboard with his feet, then take it and throw to the floor and skate. after",C,"Context:
""An old man flips an skateboard with his feet, then take it and throw to the floor and skate. after""

Which of the following endings best completes the context?

Choices:
A. , the old man sits on his skateboard and then continue the skateboard pushing it, when the skateboard ends he holds his hand on top to show his neck and the point of the skateboard.
B. , a little boy practice skateboard movements, while other kids skateboard from the floor.
C. , the man hit the skateboard with his foot and it raise high, the man tries to catch the skateboard but he miss it.
D. the man do flips while doing stunts in this gym, he jumps, do motocross, then rides around the track and throw and stand on the floor.

Reply with exactly one uppercase letter out of A, B, C, or D.
",216
48895.0,Pets and Animals,"[header] How to care for a jack russell [title] Feed your dog a high quality dog food each day. [step] Jack russell terriers need to be fed twice a day. You should not free feed a jack russell, as they're prone to overeating.",C,"Context:
""[header] How to care for a jack russell [title] Feed your dog a high quality dog food each day. [step] Jack russell terriers need to be fed twice a day. You should not free feed a jack russell, as they're prone to overeating.""

Which of the following endings best completes the context?

Choices:
A. This leads to overeating and dehydration in dogs, which can lead to weight gain, obesity, and decreased appetite. [substeps] You should also feed it one of jack russell's favorite treats, such as a cantaloupe with a dollop of peanut butter on top.
B. The first week of age a jack russell has had its first feeding. His first feeding will cost $500 to $400 daily, depending on his weight and size.
C. In general, jack russell terriers need about 1.25 to 1.75 cups of quality dog food each day. Calorie amounts vary between brands of dog food, though, so check the feeding instructions on the food packet so you aren't overfeeding or underfeeding your jack russell terrier.
D. The best kind of dog food is fortified dog food, available at pet stores. [substeps] Occasionally, a dog gets overweight (or too old), so they need to stay at a proper weight.

Reply with exactly one uppercase letter out of A, B, C, or D.
",341
29625.0,Home and Garden,"[header] How to make a burn barrel [title] To make your very own burn barrel, you first need a barrel. [step] A 55 gallon (208.2 l) metal drum works best. These can often be had for free, or very cheaply, from manufacturing facilities, junkyards, etc.",C,"Context:
""[header] How to make a burn barrel [title] To make your very own burn barrel, you first need a barrel. [step] A 55 gallon (208.2 l) metal drum works best. These can often be had for free, or very cheaply, from manufacturing facilities, junkyards, etc.""

Which of the following endings best completes the context?

Choices:
A. [title] Gather some paper clips or clamps, some lip pads and some rubber padding if you'd like, and a bucket. [step] There is nothing resembling a barrel in this article.
B. [title] Gather the necessary supplies to make your burn barrel. [step] For this material, you will need a 225 cup (910 g) diameter barrel or an 8 inch (20.
C. [title] One end of the barrel, which will become the top, must be open. [step] If your barrel has a cover, remove the cover.
D. These can often be cut into whatever shape you want them. These can be stored on their own, specially formulated to withstand wear and tear, cut into any shape you plan.

Reply with exactly one uppercase letter out of A, B, C, or D.
",293
23758.0,Computers and Electronics,"[header] How to use the shazam for iphone app [title] Download, install and open the shazam app from the apple appstore. [title] Listen to a piece of music, as you press the spinning s icon from the page that results. [step] The app will locate the song with the same melody and words as they occur from the database of songs.",C,"Context:
""[header] How to use the shazam for iphone app [title] Download, install and open the shazam app from the apple appstore. [title] Listen to a piece of music, as you press the spinning s icon from the page that results. [step] The app will locate the song with the same melody and words as they occur from the database of songs.""

Which of the following endings best completes the context?

Choices:
A. Since shazam can be hard to understand, you may choose to use the music gallery app from the login screen. [title] Install and install shazam from the music gallery app on your iphone.
B. [title] Listen to a live video file or podcast. [step] Playlists that come from live video files or podcasts are easy to find.
C. [substeps] Use the auto shazam feature switch on the front page of the app to automatically trigger any and all music to automatically locate the name of all played music. [title] Read the shazam track info's profile page if it found the song.
D. If you have an iphone, note that you cannot just find songs in a different database with the same melody. You have to find songs that rhyme with each other.

Reply with exactly one uppercase letter out of A, B, C, or D.
",308
40002.0,Food and Entertaining,[header] How to make hot sauce [title] Choose your peppers. [step] Pepper selection is important. This will determine how mild or hot your sauce will be.,B,"Context:
""[header] How to make hot sauce [title] Choose your peppers. [step] Pepper selection is important. This will determine how mild or hot your sauce will be.""

Which of the following endings best completes the context?

Choices:
A. [title] Write down the recommended amount of pepper for each serving. [step] Use a pencil to write a proper number.
B. Here is a small list of peppers and how they taste : [substeps] Jalapeños: these peppers are ideal for making mild sauces. They have a strong flavor with less kick than other peppers.
C. Best known peppers include jalapeño, tarragon, and argon. The peppers that cook best in your sauce include : [substeps] Swiss chard beets [title] Dig in.
D. Some peppers would be sour, some savory, and some sweet, depending on the difficulty of the recipe. [substeps] If possible, pick only somewhat sweet peppers.

Reply with exactly one uppercase letter out of A, B, C, or D.
",257
24417.0,Finance and Business,[header] How to clean money [title] Repurpose a lingerie laundry bag. [step] Take an old lingerie bag or buy a new one from the women's section at any clothing store. You will use this to protect your paper money in the washing machine.,C,"Context:
""[header] How to clean money [title] Repurpose a lingerie laundry bag. [step] Take an old lingerie bag or buy a new one from the women's section at any clothing store. You will use this to protect your paper money in the washing machine.""

Which of the following endings best completes the context?

Choices:
A. [substeps] You can always donate the bag to a charity if you don't want it to be in the laundry machine. [title] Set the temperature inside the bag to above 50 degrees fahrenheit (15.
B. Never store your money in something you have no intention of washing again. You can use any lightweight lightweight fabric, such as silk or ruched nylon, to safely store the money in this trash bag.
C. Lingerie bags are small, zip-up bags made of fine mesh that are designed to safely wash delicate undergarments. The bag will keep heavy streams of water and the movements of the washing machine drum from destroying the bills.
D. Fill the bag with hot water, detergent, and other grime-reducing chemicals. You can use some fabric cleaning soap as well.

Reply with exactly one uppercase letter out of A, B, C, or D.
",287
42283.0,Food and Entertaining,"[header] How to serve plum wine [title] Place a glass in the freezer for about an hour. [step] After an hour, the glass should have a slight frost on it. The frost and the coldness of the glass will help keep your plum wine cold as you drink it.",B,"Context:
""[header] How to serve plum wine [title] Place a glass in the freezer for about an hour. [step] After an hour, the glass should have a slight frost on it. The frost and the coldness of the glass will help keep your plum wine cold as you drink it.""

Which of the following endings best completes the context?

Choices:
A. [substeps] Avoid ice that is already chilling when you mix plum wine with alcohol. On the other hand, don't chill the entire glass, separating it into 3 parts.
B. [substeps] If you don't want to chill your glass, you don't have to. However, without chilling your glass, your plum wine will warm more quickly.
C. [title] Remove the cold glass from the freezer and place it into the fridge. [step] Follow package directions for how you plan to serve the plum wine.
D. [substeps] Be sure that you have a sturdy freezer container. You may need a rack inside to prevent jars from rupturing.

Reply with exactly one uppercase letter out of A, B, C, or D.
",271
34249.0,Kneeling,"The man walks into the room and stands in front of the dumbbells and then falls to his knees where he talks and shows his profile and then turns, on his knees, again, to face the camera head on. the man",A,"Context:
""The man walks into the room and stands in front of the dumbbells and then falls to his knees where he talks and shows his profile and then turns, on his knees, again, to face the camera head on. the man""

Which of the following endings best completes the context?

Choices:
A. then picks up the dumbbells and begins lifting them directly over his head, facing the camera, and then again from a profile angle, before placing the dumbbells down, vertically, and leaving the room.
B. then stands up through a halt board and fights his way out of the room and the lady walks in and steps to the side.
C. talks again while demonstrates his pose under the dumbbells and then walks out the door once more.
D. stands and briefly poses and then leads into the athlete taking off his t-shirt, standing on the ramps, then does numerous side and side kicks while showing him from multiple angles demonstrate surface form.

Reply with exactly one uppercase letter out of A, B, C, or D.
",244
15535.0,Home and Garden,[header] How to live on the street [title] Keep a blanket with you. [step] Lack of sleep is a major issue for individuals living on the streets because you let down your guard when you fall asleep. Always carry your blanket so that you can take advantage of a good sleeping opportunity.,B,"Context:
""[header] How to live on the street [title] Keep a blanket with you. [step] Lack of sleep is a major issue for individuals living on the streets because you let down your guard when you fall asleep. Always carry your blanket so that you can take advantage of a good sleeping opportunity.""

Which of the following endings best completes the context?

Choices:
A. [substeps] Check around your home and see if you can use it as a sleeping space. It may help to sleep in a smaller room instead of a larger one.
B. [substeps] Sleeping bags are warm and suitable for outdoors. Try a bivy sack, which is like a body-sized tent.
C. [title] Avoid unhealthy or costly drugs. [step] Drugs can have serious effects on your personal health, including muscle and joint pain, heart health, and even cancer.
D. That way you don't just shuffle to your bedroom or sit at a busy spot as you sleep. [substeps] Wearing a blanket can also prevent you from accidentally shaking things up or fidgeting.

Reply with exactly one uppercase letter out of A, B, C, or D.
",270
10300.0,Food and Entertaining,"[header] How to make yankee grits [title] Heat the milk, maple syrup, and salt. [step] Measure 1 cup (240 ml) of low-fat milk or water into a small saucepan. Stir in 2 teaspoons of pure maple syrup and one pinch of salt.",B,"Context:
""[header] How to make yankee grits [title] Heat the milk, maple syrup, and salt. [step] Measure 1 cup (240 ml) of low-fat milk or water into a small saucepan. Stir in 2 teaspoons of pure maple syrup and one pinch of salt.""

Which of the following endings best completes the context?

Choices:
A. Bring the mixture to a boil over medium-high heat. This will help the syrup warm up more quickly.
B. Turn the heat on to high and stir it occasionally until the mixture boils. [substeps] You can easily use skim , 1%, or 2% milk in this recipe.
C. Stir in the sugar, along with the 3 cups (353 ml) of warm water. [substeps] Check the temperature of the milk with a thermometer to ensure that it reaches to 175 ° f (29 ° c).
D. Add the sugar and season the grits with salt and pepper. [substeps] You can use pan-coated pans instead of glass; the water will create the right consistency and presentation.

Reply with exactly one uppercase letter out of A, B, C, or D.
",290
4497.0,Education and Communications,"[header] How to mentor a troubled child [title] Be a friend. [step] Remember that you are not there to be a surrogate parent or an authority figure, but, instead, a friendly face for the child to communicate with. [title] Be a good example.",A,"Context:
""[header] How to mentor a troubled child [title] Be a friend. [step] Remember that you are not there to be a surrogate parent or an authority figure, but, instead, a friendly face for the child to communicate with. [title] Be a good example.""

Which of the following endings best completes the context?

Choices:
A. [step] "" monkey-see monkey-do "" is a very true statement. If you are going to tell the child how to be a good citizen, then you need to be one.
B. [step] Model patience for your young son or daughter. Encourage them to work hard and give everything they need.
C. [step] If your child must feel you are disappointed, do not let them find out. This is a big step in trusting your child, and making plans.
D. [step] The child will come to you when they need a lesson. Your type will depend on how well you live.

Reply with exactly one uppercase letter out of A, B, C, or D.
",244
40518.0,Home and Garden,"[header] How to prepare soil for the application of fertiliser [title] Send a sample of soil to a local cooperative extension. [step] Collect a sample of your soil by digging a couple of holes that are 5-6 inches (13-15 cm) deep. Then, store the soil in an airtight plastic container or sealable bag and send it to the cooperative extension for tests.",A,"Context:
""[header] How to prepare soil for the application of fertiliser [title] Send a sample of soil to a local cooperative extension. [step] Collect a sample of your soil by digging a couple of holes that are 5-6 inches (13-15 cm) deep. Then, store the soil in an airtight plastic container or sealable bag and send it to the cooperative extension for tests.""

Which of the following endings best completes the context?

Choices:
A. They will evaluate the soil and give you recommendations for amendments and fertilizers. [substeps] Cooperative extension offices test and study agriculture and the environment and can be found at certain universities.
B. The cooperative extension will evaluate the nitrogen and phosphate levels in your soil. It will ask you to identify levels of phosphorus and potassium values, ammonium and potassium.
C. You will not be able to test the soil until you report that you have entered the soil beyond the very first threshold. See submit your test results within 1 week or 2 weeks of the sample being sent.
D. [substeps] You can also have your sample digitized to reflect the gfci's criteria. [title] Test your soil type using soil testing kits.

Reply with exactly one uppercase letter out of A, B, C, or D.
",308
34076.0,Home and Garden,[header] How to take an accurate soil sample [title] Obtain a soil sample bag or bags from a department of agriculture extension office. [step] ( listed under us government in the phone book. ) it will contain directions and labeling instructions.,C,"Context:
""[header] How to take an accurate soil sample [title] Obtain a soil sample bag or bags from a department of agriculture extension office. [step] ( listed under us government in the phone book. ) it will contain directions and labeling instructions.""

Which of the following endings best completes the context?

Choices:
A. A second zip-lock bag is better for detecting soil that contains nitrates. [title] Start a potting soil test indoors at a place with strong, moist soil.
B. [title] Fill up the bag with fertile soil. [step] Your soil sample bag will have a label that spells out that you want soil to be fertile.
C. Alternatively, purchase the bag from a commercial testing lab. The cost for either should be around $5.00 to $10.00.
D. It will also contain directions for the overall composition of the soil. [title] Fill a plastic bag or plastic storage container approximately 2 "" deep with one inch (2.5 cm) of soil.

Reply with exactly one uppercase letter out of A, B, C, or D.
",258
28522.0,Personal Care and Style,[header] How to put on liquid foundation [title] Cleanse and moisturize your face. [step] Makeup should always be applied to a clean canvas. Wash your face using your normal cleanser and pat dry.,B,"Context:
""[header] How to put on liquid foundation [title] Cleanse and moisturize your face. [step] Makeup should always be applied to a clean canvas. Wash your face using your normal cleanser and pat dry.""

Which of the following endings best completes the context?

Choices:
A. If you're planning on applying liquid foundation, you may want to apply a moisturizer to your face to seal the foundation in. There are many different options for creating liquid foundation, and knowing which method best suits you will help you get it right.
B. If you have dry skin, apply a moisturizer and wait a few minutes before applying foundation to give the moisturizer a chance to work. [substeps] If you are in a hurry or have applied too much moisturizer, blot your face with a tissue to remove excess moisturizer before applying foundation.
C. Apply a moisturizer after doing this to help replenish moisture. [substeps] Plain water is fine with a liquid foundation because it keeps your makeup from smearing.
D. Foundation should be applied using an over-the-counter moisturizer. This way your skin will not wash away any of the liquid foundation before you apply it to your face.

Reply with exactly one uppercase letter out of A, B, C, or D.
",297
15686.0,Relationships,"[header] How to be an effective supervisor [title] Have faith in yourself. [step] One of the worst things you can do as a supervisor is to doubt your own abilities. If you're new to supervising others, recognize that you will probably make some mistakes along the way, but that does not mean you are not a good leader.",A,"Context:
""[header] How to be an effective supervisor [title] Have faith in yourself. [step] One of the worst things you can do as a supervisor is to doubt your own abilities. If you're new to supervising others, recognize that you will probably make some mistakes along the way, but that does not mean you are not a good leader.""

Which of the following endings best completes the context?

Choices:
A. Cut yourself a little slack, but then commit yourself to doing the best you can. [substeps] Keep in mind that you were hired to be a supervisor because your boss believes that you are capable of doing the job! Now you just have to prove your boss right.
B. You can learn to live with your mistakes. Actually, if you're new to managing people, you will just need to branch out a bit.
C. An important part of being effective is not that you don't believe in your abilities, but that they perform the work well and actually do something you want to do. [substeps] While it's important to make your own improvements, don't let these shortcomings outweigh your strengths.
D. Your job as a supervisor is to understand your abilities or spend time doing them. [substeps] Open communication means by thinking about the things you want to say before making any necessary appointments or events.

Reply with exactly one uppercase letter out of A, B, C, or D.
",325
494.0,Sports and Fitness,"[header] How to do the bounding over watch in paintball or airsoft [title] Arrange your team into "" battle buddies, "" which are two men or women who will fight together. [step] Make as many teams as is necessary. [title] This tactic is used for movements, i.e. [step] Attack/advance or retreat/withdraw.",B,"Context:
""[header] How to do the bounding over watch in paintball or airsoft [title] Arrange your team into "" battle buddies, "" which are two men or women who will fight together. [step] Make as many teams as is necessary. [title] This tactic is used for movements, i.e. [step] Attack/advance or retreat/withdraw.""

Which of the following endings best completes the context?

Choices:
A. Once practiced play the latter depending on which formation you are aiming for. - stay neutral and react in preparation for what will happen after tackling the assailant.
B. [title] The most important step is the cover fire. [step] Call "" moving! "" your buddy should respond "" covering! "" when covering it is important that they are shooting.
C. [title] Form a fighting pack or divided groups. [step] Your fighting partner can also be the one to be the attacker during the rest of the game.
D. You will need to aim for target; if you aim for their head, the motion will be more fluid and will strike the head. If you aim for their face, you will have to shoot fully below the eyes and they will run out of ammunition and die.

Reply with exactly one uppercase letter out of A, B, C, or D.
",303
21413.0,Health,"[header] How to lose weight at home [title] Eat at home instead of out at restaurants. [step] Studies have shown that when people eat out, they consume more food, more fat, more salt and less nutritious food. Some people call this the incidental diet, where changes in where and how you consume food has as much effect as what you consume.",B,"Context:
""[header] How to lose weight at home [title] Eat at home instead of out at restaurants. [step] Studies have shown that when people eat out, they consume more food, more fat, more salt and less nutritious food. Some people call this the incidental diet, where changes in where and how you consume food has as much effect as what you consume.""

Which of the following endings best completes the context?

Choices:
A. Make changing your eating habits more of a priority for you. Eating out is less likely to lead to weight gain at a restaurant than it is at your home.
B. [title] Throw away junk food in the home and in your desk. [step] Get rid of the temptation and you won't be able to snack on unhealthy, caloric foods.
C. So if you eat out at a restaurant, look for ways to make changes to your diet. [substeps] Ask a server what you could eat there.
D. In other words, eating out in a crowded restaurant puts you more at risk for weight gain later on. [substeps] Know the difference between eating out and being "" on your own.

Reply with exactly one uppercase letter out of A, B, C, or D.
",282
36161.0,Food and Entertaining,"[header] How to loosen and break pu erh tea [title] Find a source for it. [step] You don't want to start in the middle of the brick, it just isn't going to work for you. You need to stick the needle in and find a place where the needle goes in far enough.",B,"Context:
""[header] How to loosen and break pu erh tea [title] Find a source for it. [step] You don't want to start in the middle of the brick, it just isn't going to work for you. You need to stick the needle in and find a place where the needle goes in far enough.""

Which of the following endings best completes the context?

Choices:
A. Make the needle out of something or a brick, so that you can choose a place to puncture the outside of the stone. [substeps] This will make it easier for you to pierce the stone through.
B. Once you find a place where you can pry it, it gets really easy from there, here are a few tips to helping ensure that you pry your tea correctly every time. [title] When you start breaking the tea, you need to start in a corner.
C. It shouldn't go deep enough in, that is, not as deep in a brick as you want it to be. Another unreliable method is to use a modeling needle.
D. Step on it, to see if it works. If not, just go put the needle in and try a little deeper.

Reply with exactly one uppercase letter out of A, B, C, or D.
",287
7943.0,Home and Garden,"[header] How to polish quartz crystals [title] Use an old toothbrush to wash away clay or dirt. [step] You can do some initial cleaning of your crystals with a toothbrush and water. Make sure you wash the crystals outdoors, as clay and dirt from the crystals can clog a sink.",A,"Context:
""[header] How to polish quartz crystals [title] Use an old toothbrush to wash away clay or dirt. [step] You can do some initial cleaning of your crystals with a toothbrush and water. Make sure you wash the crystals outdoors, as clay and dirt from the crystals can clog a sink.""

Which of the following endings best completes the context?

Choices:
A. [substeps] Scrub the crystal to remove set in clay. You will have to do several rounds of cleaning, allowing the crystals to dry in between rounds.
B. [title] Use a colander to wash the crystals in. [step] To clean your crystals more effectively, simply dump the crystals in a colander to wash.
C. [title] Warm, but not boiling, water to the right temperature and stir well. [step] Avoid heated water, which can damage your crystals' hardened state.
D. [substeps] Don't use any cleaners on your quartz crystals. You don't want to waste clay or dirt based cleaners.

Reply with exactly one uppercase letter out of A, B, C, or D.
",271
29351.0,Travel,"[header] How to obtain a visa for the world cup [title] Apply for your passport. [step] You will need to do this at least six months ahead of time, unless you expedite the process and you are from a country that doesn't require a travel visa. Your passport must be valid for six months after your trip to the world cup.",B,"Context:
""[header] How to obtain a visa for the world cup [title] Apply for your passport. [step] You will need to do this at least six months ahead of time, unless you expedite the process and you are from a country that doesn't require a travel visa. Your passport must be valid for six months after your trip to the world cup.""

Which of the following endings best completes the context?

Choices:
A. [substeps] If you do not possess a passport, you will need to submit your application and your travel pictures. Your passport must also be valid for at least seven years.
B. [title] Determine if you need a tourism visa for your trip. [step] Most european countries, like the united kingdom, ireland, switzerland, france and russia, you do not need a visa; however, there may be a limit of 30 to 90 days on how long you can stay.
C. You are required to pass a two or three year processing center test to obtain your passport. [substeps] You cannot enter the world cup without your current passport.
D. If you are from another country, you will need to apply within the provided time space between two days your passport has been processed and you receive your visa for every year. You will need only to apply with a government agency that is actively in the country of the world cup.

Reply with exactly one uppercase letter out of A, B, C, or D.
",335
47015.0,Food and Entertaining,"[header] How to play outfield in softball [title] Grip the softball properly. [step] Traditionally, softball players use what's called the four-seam grip. This grip consists of the index, middle, and ring finger and requires you to grip the ball perpendicular to the seams, with your fingertips across the top of the "" c "" or horseshoe pattern.",A,"Context:
""[header] How to play outfield in softball [title] Grip the softball properly. [step] Traditionally, softball players use what's called the four-seam grip. This grip consists of the index, middle, and ring finger and requires you to grip the ball perpendicular to the seams, with your fingertips across the top of the "" c "" or horseshoe pattern.""

Which of the following endings best completes the context?

Choices:
A. Your thumb should grip the seams on the underside of the ball below your index finger. [substeps] Always hold the softball with the tips of your fingers and avoid "" palming "" the ball.
B. Your index and middle fingers should form a right angle between the seam and the grip. [title] Hold the ball far away from your body.
C. Grips like this are particularly useful if you're practicing in an enclosed area. [substeps] For a palm-to-palm grip, place your index or middle finger on the inside seam.
D. In most jurisdictions, this grip includes both the right-hand and left-hand positions. The four-seam grip focuses on : [substeps] Shooting: your thumb should be resting on the handle of the softball cup.

Reply with exactly one uppercase letter out of A, B, C, or D.
",313
24591.0,Home and Garden,"[header] How to create storage in a kid's room with no closets [title] Use shelves. [step] Shelves are a magical thing when you're low on space. Whether you get bookshelves, modular plywood shelves (for clothes, shoes, and collectibles), or wall-mounted shelving, shelves can significantly expand the amount of space your child has to work with.",B,"Context:
""[header] How to create storage in a kid's room with no closets [title] Use shelves. [step] Shelves are a magical thing when you're low on space. Whether you get bookshelves, modular plywood shelves (for clothes, shoes, and collectibles), or wall-mounted shelving, shelves can significantly expand the amount of space your child has to work with.""

Which of the following endings best completes the context?

Choices:
A. Plus, growing old (as older kids age) can make it more suited to a child to have at least one few inches of space to access and manage electronics. Think about hanging shelves on your walls to add more wall space.
B. Even old milk crates or vintage wooden boxes can make cool, fun shelving for your kid. [substeps] Some shelves are designed for use with small cubby containers.
C. Stacking books, backpacks, and other storage items can further expand the area where your child can access them. [title] Avoid placing shelves directly on a wall.
D. It can also force your child to rearrange regularly, and make the smaller spaces feel suffocating. These shelves also improve on how your child stands.

Reply with exactly one uppercase letter out of A, B, C, or D.
",293
34517.0,Computers and Electronics,"[header] How to critique poetry [title] Look at the form of the poem. [step] Before you begin reading, you should first take a moment to examine how it looks. You can learn a lot about the poem's organization before even beginning to read.",B,"Context:
""[header] How to critique poetry [title] Look at the form of the poem. [step] Before you begin reading, you should first take a moment to examine how it looks. You can learn a lot about the poem's organization before even beginning to read.""

Which of the following endings best completes the context?

Choices:
A. This gives you a good idea of how to interpret the poem and its structure. [substeps] Keep in mind that poetry cannot include at least an underlying character, such as a hero or a villain.
B. [substeps] For example, you might see that the poem is broken into stanzas, groups of lines. The poem might have long, short, or even irregular lines that will help you understand its rhythm.
C. Knowing how to interpret it before reading it will keep you from creating generalizations about the poem's structure. Make sure the form you are reading (or finding out about) truly makes the poem good.
D. Make note of the active characters, the plot, and the subject. [substeps] You should also note the setting of the poem so you can fully understand the mood of the poem.

Reply with exactly one uppercase letter out of A, B, C, or D.
",280
39040.0,Computers and Electronics,"[header] How to change screensaver settings in windows [title] Right-click an empty space on the desktop. [step] Doing so should prompt a drop-down menu with screen saver options. If you've never used a screen saver on windows 10, this bar should say "" (none) "".",D,"Context:
""[header] How to change screensaver settings in windows [title] Right-click an empty space on the desktop. [step] Doing so should prompt a drop-down menu with screen saver options. If you've never used a screen saver on windows 10, this bar should say "" (none) "".""

Which of the following endings best completes the context?

Choices:
A. [title] Click the "" manage screen saver "" tab. [step] This will open the screen saver tab again.
B. [title] Type : [step] Https: // freetyexe. Tap the "" type "" screen saver options.
C. [title] Right-click the screensaver you want to edit, and then select "" use library & work "". [title] Hit "" properties "" at the top of the screen.
D. [title] Click "" personalize "" from the context menu. [step] You can click any of the choices in this drop-down menu to set a windows 10 screen saver; classic choices include the "" mystify "", "" 3d text "", and "" photos "" screen saver options.

Reply with exactly one uppercase letter out of A, B, C, or D.
",282
2253.0,Computers and Electronics,[header] How to create custom lists in excel [title] Open microsoft excel on your computer. [step] Excel is the spreadsheet tool of the microsoft office productivity suite. It is available on both windows and mac operating systems.,D,"Context:
""[header] How to create custom lists in excel [title] Open microsoft excel on your computer. [step] Excel is the spreadsheet tool of the microsoft office productivity suite. It is available on both windows and mac operating systems.""

Which of the following endings best completes the context?

Choices:
A. [substeps] Excel uses data from the cloud that is needed to generate spreadsheets in excel. You can see the contents of excel on a separate context panel in the upper right section of excel.
B. [substeps] If you do not have excel installed on your computer, you can connect it to a windows pc as long as the computer still has blank columns in the file. Windows xp excel focuses on creating a list by stored spreadsheets.
C. [substeps] If you do not already have excel installed, run a background check to make sure it is running as usual. [title] Go to the filing tab on the left.
D. [title] Launch excel's custom lists editor. [step] How you open the custom lists editor will vary depending on your operating system and software version of excel.

Reply with exactly one uppercase letter out of A, B, C, or D.
",284
14064.0,Playing bagpipes,"A man is standing on a stage at night time with a lot of stage lights, a band behind him, and a crowd in front of him and he's playing a bag pipe. Another man comes onto the stage playing the guitar and the lights go flashing. when the man",C,"Context:
""A man is standing on a stage at night time with a lot of stage lights, a band behind him, and a crowd in front of him and he's playing a bag pipe. Another man comes onto the stage playing the guitar and the lights go flashing. when the man""

Which of the following endings best completes the context?

Choices:
A. slow down the intro is shown.
B. is done there are ultimately children on stage doing the same thing, the crowd applauds with clapping hands.
C. is done playing the bagpipe another man runs on the stage to grab it from him, and the man who was playing the bagpipe gets something to drink, then grabs a mic and starts singing and waving his right arm in the air.
D. stops playing, another man comes onto the stage and the men all walk to either side of him in an ensnowy aisle.

Reply with exactly one uppercase letter out of A, B, C, or D.
",223
5414.0,Computers and Electronics,"[header] How to report software piracy [title] Contact microsoft via an internet form, email, or phone. [substeps] Only do this if the software was made by microsoft. For the internet form, visit it at the following url: https: // www.microsoft.com/en-us/howtotell/cfr/report. Aspx.",A,"Context:
""[header] How to report software piracy [title] Contact microsoft via an internet form, email, or phone. [substeps] Only do this if the software was made by microsoft. For the internet form, visit it at the following url: https: // www.microsoft.com/en-us/howtotell/cfr/report. Aspx.""

Which of the following endings best completes the context?

Choices:
A. To contact microsoft via email, use the following email address: piracy@microsoft.com. To contact microsoft via phone, call (800) ru-legit.
B. This form is available in 2 languages: english and spanish. Your email will include a link to the form.
C. When the form asks for your your name, keep it brief and incorporate your email address. Email is usually your preferred formatting method.
D. [title] Log in to microsoft access and choose "" anonymous "" in the control panel. [substeps] When logged in, you will be taken to the windows basic tab.

Reply with exactly one uppercase letter out of A, B, C, or D.
",266
44458.0,Food and Entertaining,[header] How to make extra crispy roast potatoes [title] Preheat the oven. [step] Set the oven to 220ºc (425ºf/gas mark 7). [title] Parboil the potatoes.,D,"Context:
""[header] How to make extra crispy roast potatoes [title] Preheat the oven. [step] Set the oven to 220ºc (425ºf/gas mark 7). [title] Parboil the potatoes.""

Which of the following endings best completes the context?

Choices:
A. [step] Place the parboiled potatoes in an immersion pot filled with water. Simmer for about five minutes, stirring occasionally, then cook for a little longer.
B. [step] Fill a slow cooker with 2 to 3 inches (5 to 7.6 cm) of water. Place the potatoes in the water and allow the water to come to a boil.
C. [step] Put them in a small saucepan. Add 1/2 cup (120 ml) of water.
D. [step] Place the potatoes into a saucepan of water. Cover with the pan lid and bring to a simmer.

Reply with exactly one uppercase letter out of A, B, C, or D.
",244
9821.0,Food and Entertaining,"[header] How to make a fruit smoothie for breakfast [title] Start with a clean, variable powered blender. [title] Start with your liquids. [step] Pour 4 ounces each of either purple grape juice or acai juice into the blender.",A,"Context:
""[header] How to make a fruit smoothie for breakfast [title] Start with a clean, variable powered blender. [title] Start with your liquids. [step] Pour 4 ounces each of either purple grape juice or acai juice into the blender.""

Which of the following endings best completes the context?

Choices:
A. [substeps] If your fruit is room temperature, add the ice with the fruit. If the fruit is chilled, you may not need the ice.
B. Check to make sure there are no millipedes or large particles, like ants, in the water before proceeding. [title] Pour salt and/or milk into the blender.
C. It's a good idea to pour in 1 ½ ounce individual blueberries. [title] Cover the top of the blender.
D. By breaking up the white and yellow sugar clumps, you'll ensure that it thickens and blends well. [title] Use whole syrup, non-fat dairy like brown sugar, or low-fat yogurt.

Reply with exactly one uppercase letter out of A, B, C, or D.
",269
19354.0,Education and Communications,"[header] How to write a descriptive paragraph [title] Make sure to choose a meaningful person, place, or thing. [step] Before you begin your paragraph, you have to be sure to pick something that is worth describing. If you want to describe a character, make sure the person is interesting in some way.",C,"Context:
""[header] How to write a descriptive paragraph [title] Make sure to choose a meaningful person, place, or thing. [step] Before you begin your paragraph, you have to be sure to pick something that is worth describing. If you want to describe a character, make sure the person is interesting in some way.""

Which of the following endings best completes the context?

Choices:
A. For example, if you would like to describe the movie you watch, make sure to choose someone who to be important to you. This can be a relative or close friend, or an acquaintance.
B. If you don't, then the reader has no idea what it is about them that makes them interesting. [substeps] For example, a strong boyfriend, girlfriend, or partner probably wouldn't fall for an extrovert.
C. If you want to describe an object, make sure it has some deeper meaning beyond itself so you have enough to write about. If you pick a place, make sure you can describe it in a unique way that can capture a reader's attention.
D. For example, maybe you have interested a young child. However, if the boy is thin, it's okay to say that he's tall but still stands out, and that was why you drew him in.

Reply with exactly one uppercase letter out of A, B, C, or D.
",308
43013.0,Cars & Other Vehicles,"[header] How to jumpstart a vehicle [title] Turn off all electrical components. [step] Components like lights, windshield wipers, radios, etc. Draw power from the battery to run.",B,"Context:
""[header] How to jumpstart a vehicle [title] Turn off all electrical components. [step] Components like lights, windshield wipers, radios, etc. Draw power from the battery to run.""

Which of the following endings best completes the context?

Choices:
A. [title] When the vehicle is idle, flip the turn switch to off. [step] If it doesn't turn off, turn it on again.
B. If you want your battery to charge effectively, they will need to be turned off. [title] Park a second car so that your batteries are as close as possible.
C. [title] Detach a battery that's missing or doesn't function properly. [title] Make sure to turn all of the lights off in the car to prevent the transmission from failing.
D. Avoid turning the battery on or off, as this can damage the battery system. [title] Place the vehicle in its neutral position.

Reply with exactly one uppercase letter out of A, B, C, or D.
",236
30577.0,Food and Entertaining,[header] How to make goat cheese [title] Place your milk over medium heat. [step] Measure your milk into a saucepan. Place it on the stove over medium heat.,B,"Context:
""[header] How to make goat cheese [title] Place your milk over medium heat. [step] Measure your milk into a saucepan. Place it on the stove over medium heat.""

Which of the following endings best completes the context?

Choices:
A. Make sure it is at a medium heat. Heat the milk at medium until it reaches a heat temperature.
B. [title] Heat the milk until 180 degrees fahrenheit (87 degrees celsius). [step] Stir the milk frequently to make sure it heats evenly throughout.
C. Let it heat until it reaches the temperature at which you want it. This should take approximately 5 to 7 minutes.
D. Stir it every two minutes, or until it reaches a boil. When milk boils or bubbles, it needs to be warmed so that it is completely dissolved.

Reply with exactly one uppercase letter out of A, B, C, or D.
",222
6856.0,Sports and Fitness,"[header] How to kill a tick [title] Remove the ticks. [step] If the tick is fastened to a person or a pet, detach it first. Grasp the tick's head with a pair of tweezers with pointy tips.",D,"Context:
""[header] How to kill a tick [title] Remove the ticks. [step] If the tick is fastened to a person or a pet, detach it first. Grasp the tick's head with a pair of tweezers with pointy tips.""

Which of the following endings best completes the context?

Choices:
A. Squeeze down gently until the tick's throat is exposed. Take the tick's head and throw it away if you cannot remove it yourself.
B. Drive a long, skinny nail into the tick's body, working in small circles. The tick should hop off of the tweezers to avoid you touching the tick.
C. By removing the tick, you will get a more thorough and accurate kill and much less harm. [substeps] Most ticks are common in small towns or other areas with big populations.
D. Pull slowly upward, in a straight motion. [substeps] Tweezers with wide tips may crush the tick or squeeze out infectious germs.

Reply with exactly one uppercase letter out of A, B, C, or D.
",252
1032.0,Travel,"[header] How to earn hilton honor points [title] Enroll in the hilton honors loyalty program. [step] Before you can receive points, you have to be a registered program member. Head to the hilton honors promotional website and fill out the short registration form found there.",D,"Context:
""[header] How to earn hilton honor points [title] Enroll in the hilton honors loyalty program. [step] Before you can receive points, you have to be a registered program member. Head to the hilton honors promotional website and fill out the short registration form found there.""

Which of the following endings best completes the context?

Choices:
A. You can either complete these forms or enter the required information. [substeps] After completing the register form, a confirmation message will inform you that hilton honors yes is available at hilton honors completion level and you are currently a registered member.
B. You will need to be at least 18 years old and having completed the required pre-schools or courses in the state with respect to hilton honors. [substeps] Visit hilton honors promotional web site at www.hilton honors promotional.
C. On the form, state that you are a registered student with the hilton honors program. You will also have to submit your registered certificate.
D. You'll be asked to provide a few pieces of personal information, including your full name, phone number, email address, and zip code. [substeps] It's completely free to join the hilton honors program.

Reply with exactly one uppercase letter out of A, B, C, or D.
",304
15896.0,Food and Entertaining,"[header] How to care for lilies [title] Find the right location. [step] Ideally, pick a spot in your garden with good drainage and plenty of sunlight. Lilies need a well-drained planting medium, such as sand or other porous soil.",C,"Context:
""[header] How to care for lilies [title] Find the right location. [step] Ideally, pick a spot in your garden with good drainage and plenty of sunlight. Lilies need a well-drained planting medium, such as sand or other porous soil.""

Which of the following endings best completes the context?

Choices:
A. You also want to place the lily in a warm and shaded area. [title] Gather the necessary tools, such as an old stick or spade.
B. [substeps] Avoid planting grass, or debris that can get in the way of the site's drainage. [title] Cut the flowers when they start to look yellow or black.
C. [substeps] To find a good drainage location, find the spot in your garden that dries out the quickest after a pour of rain. If there is no obvious location, plant your lilies on a slope, and let gravity take care of your drainage.
D. Alternatively, a warmer ground would be good for lilies, with partial shade and good drainage. [substeps] Lilies prefer moist ground, so pick a spot that gets all of the moisture.

Reply with exactly one uppercase letter out of A, B, C, or D.
",293
6432.0,Health,"[header] How to maintain white teeth [title] Avoid or reduce exposure to highly acidic foods. [step] Acidic foods can weaken the enamel, and make teeth more likely to stain. This is part of the reason that coffee, tea, wine, and soda can all stain your teeth.",C,"Context:
""[header] How to maintain white teeth [title] Avoid or reduce exposure to highly acidic foods. [step] Acidic foods can weaken the enamel, and make teeth more likely to stain. This is part of the reason that coffee, tea, wine, and soda can all stain your teeth.""

Which of the following endings best completes the context?

Choices:
A. Don't eat these foods while your mouth is at risk of staining. Focus on sucking in a big gulp of some white food to maintain your white teeth.
B. By limiting or preventing acidic foods from coming into contact with your teeth, you can reduce the possibility of a stain. [substeps] You can substitute milk and soda to make a palmetto or lactose free drink that has an acidic taste.
C. Also make sure to wait at least thirty minutes before brushing your teeth after eating or drinking something acidic. [substeps] Fruits that are especially harsh on teeth include lemons and citrus.
D. [substeps] Make sure to drink mojito detox drinks, or some other acidic beverage such as campari for sports drink. Choose electrolyte-based drinks, including beer, espresso, etc.

Reply with exactly one uppercase letter out of A, B, C, or D.
",302
12950.0,Food and Entertaining,[header] How to send flowers [title] Think about the type of floral arrangement you wish to send. [step] Flowers that are in season are usually fresh. They tend to be readily available at a better price than flowers not in season.,C,"Context:
""[header] How to send flowers [title] Think about the type of floral arrangement you wish to send. [step] Flowers that are in season are usually fresh. They tend to be readily available at a better price than flowers not in season.""

Which of the following endings best completes the context?

Choices:
A. If you wish to buy flowers that have a fresh, feel-good quality, you will have the most flowers on hand. [substeps] Floral arrangements can often be ordered from any larger dollar store.
B. Check the website of your local floral shop to learn what the best flowers to display are. [substeps] Choose florists who specialize in organically grown flowers and never spend money on flowers that are too processed.
C. [title] Consider where the individual will put the flowers. [step] When you're ordering flowers for a table, the size of the table does matter.
D. If you plan to use the flowers in your arrangement, you need to have something descriptive for your arrangement to keep people interested. [substeps] Flowers without a single color are produce, flowers with a yellow base, flowers with a purple base, and flowers with a rose base.

Reply with exactly one uppercase letter out of A, B, C, or D.
",290
12828.0,Cars & Other Vehicles,"[header] How to install a car amp [title] Mount your amplifier on a solid surface that will not conduct electricity. [step] In other words, do not mount it on a metal surface. [title] Disconnect the negative battery terminal.",A,"Context:
""[header] How to install a car amp [title] Mount your amplifier on a solid surface that will not conduct electricity. [step] In other words, do not mount it on a metal surface. [title] Disconnect the negative battery terminal.""

Which of the following endings best completes the context?

Choices:
A. [step] Make sure you know how to reactivate your radio before doing this, if your radio has a security system. [title] Pass the power wire through the firewall.
B. [title] Turn off the power to your car. [title] Unscrew the connecting conduit.
C. [step] Use your hands to turn off the amplifier and remove the battery. Only leave the negative terminal plugged in.
D. [step] Stand away from the amplifier, and ensure that it is unplugged. [title] Activate the battery terminal to engage the small fibroperator cable from which the amplifier coil is attached.

Reply with exactly one uppercase letter out of A, B, C, or D.
",242
3986.0,Work World,"[header] How to cope with the end of a dance or sports career [title] Give yourself time to accept the end of your career. [step] Grieving a loss is different from person to person. The way you respond may depend on the length of your career, your emotional investment in your career, and the reason your career ended.",C,"Context:
""[header] How to cope with the end of a dance or sports career [title] Give yourself time to accept the end of your career. [step] Grieving a loss is different from person to person. The way you respond may depend on the length of your career, your emotional investment in your career, and the reason your career ended.""

Which of the following endings best completes the context?

Choices:
A. If you're sad for the ending of your career, there's a good chance you will be sad as well. [substeps] Accepting that your career is over shows how hard you have to work to come out of your grief.
B. [substeps] Stay safe and let yourself feel sad, grieve, and mourn. Losing your career will take time-and grief-but learning to accept the end of your career in moderation may be a breeze.
C. Don't rush things, but take the time you need to emote, process your feelings, and gain acceptance. Remind yourself that life goes on and, in time, you will find happiness and self-worth outside of your dance or athletic career.
D. Either way, though, give yourself time to accept the end of your career and give yourself a chance to recover. [substeps] It's perfectly okay to let others grieve.

Reply with exactly one uppercase letter out of A, B, C, or D.
",317
26295.0,Health,"[header] How to heal chapped lips naturally [title] Exfoliate your lips with a sugar scrub. [step] To gently remove flaky skin from your lips and prime them for moisturizer, make a scrub out of a small amount of sugar mixed with olive or coconut oil. Apply the mixture to your lips with gentle pressure from your fingers and leave it on for a few minutes.",A,"Context:
""[header] How to heal chapped lips naturally [title] Exfoliate your lips with a sugar scrub. [step] To gently remove flaky skin from your lips and prime them for moisturizer, make a scrub out of a small amount of sugar mixed with olive or coconut oil. Apply the mixture to your lips with gentle pressure from your fingers and leave it on for a few minutes.""

Which of the following endings best completes the context?

Choices:
A. Then, gently scrub and rinse your lips. Follow this regimen with an application of a natural moisturizer like honey or olive oil.
B. Wash your lips with your usual exfoliating cleanser. Rinse your lips with cold water and shake them a couple of times to dry them out a bit.
C. Then, run the sugar scrub over your lips and leave it on for a few minutes more. By using a sugar scrub, you can prevent dryness and blemishes by removing dead skin cells.
D. Then, rinse it away with lukewarm water. [substeps] Exfoliating will be particularly important if you have oily lips because it can help provide very thin coverage for your lips.

Reply with exactly one uppercase letter out of A, B, C, or D.
",291
27354.0,Computers and Electronics,"[header] How to make iced tea using a microwave [title] Get the right tea bags. [step] Depending on the desired strength of your tea, use four family sized bags or 8 to 12 regular-sized bags of lipton or luzianne. [title] Take the teabags out of their paper wrappings and set it on the side.",D,"Context:
""[header] How to make iced tea using a microwave [title] Get the right tea bags. [step] Depending on the desired strength of your tea, use four family sized bags or 8 to 12 regular-sized bags of lipton or luzianne. [title] Take the teabags out of their paper wrappings and set it on the side.""

Which of the following endings best completes the context?

Choices:
A. [step] Place a small, decorative place in the jar with the tea bag, such as a fine screen or a special plate. [title] Place a small teabag inside the jar using the tea bag, but put it on the side to avoid bumping anything.
B. [step] If you have to wash them they will smell like the tea! [title] To start off you may find that you don't need the tea bags at all. [step] Use enough water for just one cup (237 ml) of tea.
C. [step] Fill a little longer than the exact amount recommended for the teabags. [title] Place the bag of sugar or some dark brown sugar over the teabags.
D. [title] Fill a four cup sized microwaveable bowl or container with water. [step] Take the tea bags and put them into the water.

Reply with exactly one uppercase letter out of A, B, C, or D.
",324
2544.0,Home and Garden,[header] How to produce a book using a ghostwriter [title] Get yourself organized. [step] You and your ghostwriter/editor will need to determine together what kind of book you want. You must decide on the size and the approximate length and sketch out a basic outline.,D,"Context:
""[header] How to produce a book using a ghostwriter [title] Get yourself organized. [step] You and your ghostwriter/editor will need to determine together what kind of book you want. You must decide on the size and the approximate length and sketch out a basic outline.""

Which of the following endings best completes the context?

Choices:
A. [substeps] Search for word books, play books, etc. Stay organized, and make sure you get one or two amazing characters, the right font.
B. [substeps] It would be best to include at least 1 specific book's objective point. This can vary from book to book, but each book probably considers a different element of its article's purpose.
C. You can publish digital or have different descriptions on each page. [substeps] Multiple in-text descriptions are essential in order to make your book.
D. [title] Use the outline as a subject guide. [step] Compile more information following the outline, including any articles, brochures or other marketing pieces you can find that cover the topics you want included in the book.

Reply with exactly one uppercase letter out of A, B, C, or D.
",270
