ind,activity_label,ctx,answer,final_prompt,len_tk_phi3_mini_4k_instruct
4194.0,Finance and Business,"[header] How to get an amazon affiliate id [title] Visit the amazon affiliate program website. [step] This website is featured in the sources section of this article. [title] Click on the "" join now for free "" button.",C,"Context:
""[header] How to get an amazon affiliate id [title] Visit the amazon affiliate program website. [step] This website is featured in the sources section of this article. [title] Click on the "" join now for free "" button.""

Which of the following endings best completes the context?

Choices:
A. [step] This will be listed to the right of the login page, under the "" levels and restrictions "" heading. You will be prompted to click on this to begin the registration process, and continue the process until you don't need to.
B. [step] This is a purple button in the upper right corner of your amazon account screen. [title] Click "" link "" at the bottom of the sign-in page.
C. [step] This will allow you to access the application for the amazon associates program. [title] Enter your email address in the indicated field.
D. [step] Your own affiliate id will be displayed. [title] Go to the job page on the right.

Reply with exactly one uppercase letter out of A, B, C, or D.
",252
15345.0,Finance and Business,"[header] How to calculate cumulative growth [title] Identify the values needed to calculate cagr. [step] In order to calculate cagr, you will need a few essential values. This includes the starting value, ending or finishing value, and the period of time over which you wish to measure growth.",A,"Context:
""[header] How to calculate cumulative growth [title] Identify the values needed to calculate cagr. [step] In order to calculate cagr, you will need a few essential values. This includes the starting value, ending or finishing value, and the period of time over which you wish to measure growth.""

Which of the following endings best completes the context?

Choices:
A. [substeps] Determine the starting value (sv) of an asset, for example, the price paid for a share of stock. Determine the ending value (ev) or current market value of that asset.
B. For instance, if you wish to calculate cumulative growth, you will need to find the point (s) of certain groups of food sources. [substeps] Once you know the range of parts of each component of the term, you can calculate cumulative growth in those different groups (as well as in the year of growth).
C. [substeps] It is therefore important that you learn the limit for how much cumulative growth you will need to calculate. Experts believe that cumulative growth determines how many years your potatoes will consume before they will develop nitrogen, potassium, and nitrate (phosphate).
D. Since years remain constant this can vary from year to year and it is often very difficult to accurately identify these values. However, you can use a calculator to get the value of the amount of cumulative growth you need to get your formula.

Reply with exactly one uppercase letter out of A, B, C, or D.
",347
48458.0,Home and Garden,"[header] How to age wood floors [title] Study how wood changes over time. [step] Go to a historic building that has wood flooring and study how the floors have aged over time. When you age hardwood flooring, you want to copy from real aged floors.",C,"Context:
""[header] How to age wood floors [title] Study how wood changes over time. [step] Go to a historic building that has wood flooring and study how the floors have aged over time. When you age hardwood flooring, you want to copy from real aged floors.""

Which of the following endings best completes the context?

Choices:
A. You want to choose the best wood for your floors, as you want to create a lasting impact and an attractive pattern. [substeps] Hickory and beech have a great impact, as they're often used as floor mats.
B. This way, you'll have an idea of how old you want your finished floor to be. [substeps] Look at wooden floors from a diverse perspective.
C. [title] Begin by hand scraping the wood with a wood floor-scraping tool. [step] Hand scraping takes time, but it will age hardwood flooring.
D. This is usually done by throwing a pencil around and scratching your sandpaper along the grain. If you're trying to replicate surroundings from a real-world era, try looking for traditional wood flooring.

Reply with exactly one uppercase letter out of A, B, C, or D.
",294
50382.0,Food and Entertaining,[header] How to have a good poker face [title] Relax your face. [step] Your face is the first giveaway that could cost you a game of poker. Keeping your emotions and reactions in check regarding hands dealt to you is a key part of poker.,C,"Context:
""[header] How to have a good poker face [title] Relax your face. [step] Your face is the first giveaway that could cost you a game of poker. Keeping your emotions and reactions in check regarding hands dealt to you is a key part of poker.""

Which of the following endings best completes the context?

Choices:
A. Having an open and honest face shows you aren't afraid to deal. [substeps] Take a moment to call up a friend to let them know that you are a bit overwhelmed.
B. You can (and should) fake laughs. But if you're faking it, the game won't be successful.
C. Any type of expression sacrifices your power in situations with your opponents. Clear your mind, wiggle your face to loosen the muscles, take a deep breath, and relax.
D. [substeps] Sit down straight in front of a flat surface, and keep your forehead angled to face the dealer. Match your eyelids and end up looking at them closely.

Reply with exactly one uppercase letter out of A, B, C, or D.
",269
6330.0,Personal Care and Style,"[header] How to get rid of broken capillaries on your face [title] Talk with a dermatologist about different types of treatment. [step] Laser treatment uses a concentrated beam of energy to heat the capillaries under the skin, targeting each one individually to successfully remove them. Intense pulsed light (ipl) therapy is similar, but targets a broader area.",A,"Context:
""[header] How to get rid of broken capillaries on your face [title] Talk with a dermatologist about different types of treatment. [step] Laser treatment uses a concentrated beam of energy to heat the capillaries under the skin, targeting each one individually to successfully remove them. Intense pulsed light (ipl) therapy is similar, but targets a broader area.""

Which of the following endings best completes the context?

Choices:
A. Your dermatologist will work with you to decide which treatment (or combination of both) will be most effective in your situation. [substeps] When you meet with the dermatologist, ask a lot of questions.
B. It also uses chemicals like chromium. [substeps] Laser therapy covers more of your skin than lasers, and is used on extremely large growths.
C. Before undergoing therapy, talk with your dermatologist about different injections available : [substeps] Laser corticosteroids-one or more doses twice a week or every other day that target scarring. These injections are typically performed orally.
D. They generate an intense electric current, resulting in fat loss, and is often used to combat varicose veins. It does not have a license, however, and requires a prescription before treating the affected areas.

Reply with exactly one uppercase letter out of A, B, C, or D.
",327
25350.0,Computers and Electronics,"[header] How to buy music from itunes from an ipad [title] Tap the itunes icon on your ipad's home screen to launch the itunes app. [title] Tap' ' music""at the bottom of the interface. [title] Tap the search field at the top right of the interface and type the name of the song, artist or album you want to download.",B,"Context:
""[header] How to buy music from itunes from an ipad [title] Tap the itunes icon on your ipad's home screen to launch the itunes app. [title] Tap' ' music""at the bottom of the interface. [title] Tap the search field at the top right of the interface and type the name of the song, artist or album you want to download.""

Which of the following endings best completes the context?

Choices:
A. [step] When you're finished, tap the' start downloading' button at the bottom right of the screen. The songs in this list may appear in different formats.
B. [step] Now tap the name of the song, artist or album that appears in the search results list. [title] On the results page, tap' ' see all""under albums, songs or another section of your choice to show all of the matching itunes downloads.
C. [step] Itunes will automatically search for the song in alphabetical order. Tap the search field to name the song that you want to download.
D. [step] It should be titled "" song "" from the search results. Click the music icon at the top right of the settings screen to open the music and albums list.

Reply with exactly one uppercase letter out of A, B, C, or D.
",301
36860.0,Sports and Fitness,"[header] How to get your girl guides promise badge [title] If you haven't already, join a group. [step] Find a unit near you (you don't want to have to travel miles every week) and speak to their leader about you joining. If they have space, come along for a couple of trial sessions before you decide whether or not you really want to join properly.",D,"Context:
""[header] How to get your girl guides promise badge [title] If you haven't already, join a group. [step] Find a unit near you (you don't want to have to travel miles every week) and speak to their leader about you joining. If they have space, come along for a couple of trial sessions before you decide whether or not you really want to join properly.""

Which of the following endings best completes the context?

Choices:
A. People might have scripts or a learning plan waiting for you in; if not, don't worry. [substeps] You will probably keep a diary on your fridge--don't worry about forgetting anything you need to remember.
B. If you don't want to join, they might think of other one-on-one training programs nearby instead. [title] First off, the girls you meet will have specific questions to ask you.
C. [title] Beware of getting paired with any girl that doesn't know you. [step] In this case, a girl unsure of you (no one knows you well enough! ) is a poser.
D. [title] Once you're sure you want to join, let your leader know. [step] Then you can just continue coming as you have been already.

Reply with exactly one uppercase letter out of A, B, C, or D.
",313
15311.0,Home and Garden,[header] How to remove chewing gum from leather [title] Rub the gum with ice. [step] Place a piece of ice in a sealable plastic bag to avoid any water damage caused by drips from the ice. Take a piece of ice and slowly rub all over the gum.,A,"Context:
""[header] How to remove chewing gum from leather [title] Rub the gum with ice. [step] Place a piece of ice in a sealable plastic bag to avoid any water damage caused by drips from the ice. Take a piece of ice and slowly rub all over the gum.""

Which of the following endings best completes the context?

Choices:
A. The coldness of the ice will harden the gum, making it easier to chip away later. [substeps] If the leather item is small enough, place it in a plastic bag and then put it in the freezer for about an hour.
B. [substeps] Make sure to find the seam where the gum was. It should open up so you can see inside the gum.
C. Because this method works the easiest on leather (and gum) it has no adverse effects on the gum. Ice can help relax the surface tissue between gums.
D. The ice will help to numb the gum and prevent it from burning. [substeps] Ice only works in small areas, such as minor cuts or abrasions.

Reply with exactly one uppercase letter out of A, B, C, or D.
",282
45039.0,Health,"[header] How to take a vision test online [title] Search for an online vision test. [step] In order to find a vision test online, you will need to complete a google search. Search for "" online vision test "" and look through the results.",D,"Context:
""[header] How to take a vision test online [title] Search for an online vision test. [step] In order to find a vision test online, you will need to complete a google search. Search for "" online vision test "" and look through the results.""

Which of the following endings best completes the context?

Choices:
A. You will need to be able to register to take the test. Find a site where people are registered to take vision tests online, including optometrists.
B. Find the words "" online vision test "" and click them to open your choice of test. [title] Print out an 8.5 inch sheet of paper and color it.
C. Find online tests that are designed to evaluate your particular abilities. See if your vision is compatible with the particular test you chose.
D. The majority of vision tests available online are provided by companies that sell contact lenses and eye glass frames. [substeps] In some cases you will be asked to create an account or provide your email address prior to taking an online vision test.

Reply with exactly one uppercase letter out of A, B, C, or D.
",256
22775.0,Health,"[header] How to live life [title] Nurture the relationships in your life. [step] It can be easy to take the people we love for granted. Yes, friends and family are what get us through the tough times, but they are also there for the good times as well--the problem is that we don't always notice.",B,"Context:
""[header] How to live life [title] Nurture the relationships in your life. [step] It can be easy to take the people we love for granted. Yes, friends and family are what get us through the tough times, but they are also there for the good times as well--the problem is that we don't always notice.""

Which of the following endings best completes the context?

Choices:
A. Our favorite memories are those shared with our loved ones--but it's important to remember that these memories are temporary. [substeps] Spend time with your family and friends.
B. Show them in little ways that you care. [substeps] Bring flowers for your mom when it's not her birthday.
C. Good relationships are not just for people in our lives. Sometimes they are wonderful and golden threads that bring us together and turn us to how we really are.
D. Ignoring the good' times' will only keep you busy. Point out that things or people we encounter often have a big impact on our relationships.

Reply with exactly one uppercase letter out of A, B, C, or D.
",259
35614.0,Uncategorized,"[header] How to treat a pulled oblique muscle [title] Take pain medicine. [step] A pulled muscle can take several weeks to heal, and in the meantime can cause considerable pain. One of the best ways to alleviate that pain at home is by taking non-steroidal anti-inflammatory drugs (nsaids), such as ibuprofen.",D,"Context:
""[header] How to treat a pulled oblique muscle [title] Take pain medicine. [step] A pulled muscle can take several weeks to heal, and in the meantime can cause considerable pain. One of the best ways to alleviate that pain at home is by taking non-steroidal anti-inflammatory drugs (nsaids), such as ibuprofen.""

Which of the following endings best completes the context?

Choices:
A. Nsaids promote muscle development and mild symptoms for long-term use. [substeps] Follow the dosing and pharmacology directions on the label.
B. Always follow the dosing instructions above, and consult your doctor before taking any other medicine that gives you pain. [substeps] If you have an existing muscle injury (such as a fracture), be aware that working with a doctor may not provide much relief.
C. [substeps] If you have a pulled oblique muscle you'll need to walk around for 20-30 minutes every day. If this is not enough time for you, take your time and move just enough to reduce the swelling.
D. [substeps] Nsaids like aspirin and ibuprofen can help reduce pain and inflammation. Reducing inflammation is important for core muscles like obliques, which are crucial for movement.

Reply with exactly one uppercase letter out of A, B, C, or D.
",336
13671.0,Computers and Electronics,"[header] How to edit your picture and video settings on google + [title] Head to the google + web page. [step] Open your favorite internet browser, type in www.plus.google.com on the address bar, and hit "" enter. "" [title] Log in.",C,"Context:
""[header] How to edit your picture and video settings on google + [title] Head to the google + web page. [step] Open your favorite internet browser, type in www.plus.google.com on the address bar, and hit "" enter. "" [title] Log in.""

Which of the following endings best completes the context?

Choices:
A. [step] If you're not automatically logged in, type in your google email address and password on the text fields provided in the pop-up, and hit "" log in "" to proceed. [title] Make sure your camera is turned on.
B. [step] Type in your google + login information on the first text field to the right of the search box. You will need to create an account to access this information on google +.
C. [step] On the google + page, you will be asked to log in with your gmail address and password. To do this, click on the top box and type in your e-mail address.
D. [step] Type in your google account username and password on the text fields at the top left of the page, and hit "" sign in "" to proceed. [title] Go to "" my account "" under "" my pictures "" tab.

Reply with exactly one uppercase letter out of A, B, C, or D.
",297
29282.0,Food and Entertaining,"[header] How to make lemon yogurt [title] Build a water jacket. [step] Put your bigger stock pot in the sink, and place the smaller pot inside it. Fill the larger pot with water until you get about halfway up the side of the smaller pot.",B,"Context:
""[header] How to make lemon yogurt [title] Build a water jacket. [step] Put your bigger stock pot in the sink, and place the smaller pot inside it. Fill the larger pot with water until you get about halfway up the side of the smaller pot.""

Which of the following endings best completes the context?

Choices:
A. Just leave about 1/2 a inch (1.3 centimeters) of water halfway down your bottomed pot. Fill the larger pot with more water so the bigger pot sits higher up.
B. During this step, your milk and starter yogurt should be at room temperature. [substeps] This step is optional, but it can help keep your results consistent and prevent the milk from scalding.
C. Place your larger stockpot inside the larger one. [title] Add dry beans, nuts, and raisins.
D. Spread lemon juice across the bottom and the side of the large pot. By placing your large stock pot in the smaller pot, you can lower the water temperature and prevent the air from becoming stuck in the larger pot from the outside.

Reply with exactly one uppercase letter out of A, B, C, or D.
",283
37669.0,Finance and Business,"[header] How to update your fall wardrobe on a budget [title] Spend at least 60 percent of your budget on staples. [step] When you go shopping, it can be tempting to blow most of your cash on trendy items. However, those same items may be out of style next fall.",A,"Context:
""[header] How to update your fall wardrobe on a budget [title] Spend at least 60 percent of your budget on staples. [step] When you go shopping, it can be tempting to blow most of your cash on trendy items. However, those same items may be out of style next fall.""

Which of the following endings best completes the context?

Choices:
A. Instead, spend the majority of what you do have on items that are stylish, yet not so trendy that they'll quickly go out of style. [substeps] For instance, some things never go out of style, like a wool pencil skirt.
B. If you don't need staples to meet your potential budget requirements, sit back and watch the days of the year go by without some ones. The more staples you can afford to add to your wardrobe, the better.
C. Because of this, it's important to save roughly 90 percent of your money in staples items. As long as you still have staples down, spending part of your paycheck on staples items may be enough to make the most of any month-long shopping period.
D. "" staples "" or items that are out of style are crucial elements of your wardrobe. [substeps] Staple items are the items that are so out of style that you can't recreate them.

Reply with exactly one uppercase letter out of A, B, C, or D.
",353
25655.0,Playing ice hockey,"More clips of people playing hockey on a rink and a man holding a microphone because talking and the blue words on the bottom of the screen read ""new russian president vladimir putin makes surprise appearance"". the men",B,"Context:
""More clips of people playing hockey on a rink and a man holding a microphone because talking and the blue words on the bottom of the screen read ""new russian president vladimir putin makes surprise appearance"". the men""

Which of the following endings best completes the context?

Choices:
A. continue playing with all of the hockey players until the man with the microphone stops playing and walks away.
B. are done playing hockey and are now standing in a line so they can shake hands.
C. then discusses their movements, that is quickly changing to knitters thrown in the court of judges, and the blue words on the screen say "" link "".
D. continue to play hockey without losing a point and after several shots to the man he's holding a microphone pretending to ignore it and just play.

Reply with exactly one uppercase letter out of A, B, C, or D.
",211
26935.0,Computers and Electronics,"[header] How to create a flowchart [title] Write out your core concepts. [step] The key to a successful flowchart is its readability. Make sure that your core concepts are simply stated, and that the progression from concept to concept is explained in simple steps.",D,"Context:
""[header] How to create a flowchart [title] Write out your core concepts. [step] The key to a successful flowchart is its readability. Make sure that your core concepts are simply stated, and that the progression from concept to concept is explained in simple steps.""

Which of the following endings best completes the context?

Choices:
A. [title] Compare the sub-divisions in your board with each other. [step] Next, bring the sub-divisions into forefront and draw down a basic map of each sub-division.
B. [substeps] Outlining works well for beginners. Focus on these ideas, not their terms.
C. For example, explain the "" first and then if "" formula below. [substeps] This formula would be: "" list = center text "" and then steps [substeps] "" pattern = wavy = width = height 2 = width of text "" and then steps below ("" color = set "" and then steps).
D. [substeps] Make sure that you have a distinct end point for your chart planned. This will help make it easier to read.

Reply with exactly one uppercase letter out of A, B, C, or D.
",275
6311.0,Food and Entertaining,"[header] How to make lemon sorbet [title] Mix 1 cup (200 g) sugar and 1 cup (8 oz) water in a small saucepan. [substeps] For a creamier version that's similar to lemon sherbet, you may substitute milk for any amount of the water. The more milk you add, the creamier the texture will be.",D,"Context:
""[header] How to make lemon sorbet [title] Mix 1 cup (200 g) sugar and 1 cup (8 oz) water in a small saucepan. [substeps] For a creamier version that's similar to lemon sherbet, you may substitute milk for any amount of the water. The more milk you add, the creamier the texture will be.""

Which of the following endings best completes the context?

Choices:
A. If you don't have a saucepan large enough to hold the sorbet, just fill a bowl with this and add the sherbet. [title] Saute the sugar and water in the saucepan over low heat for 3 to 4 minutes.
B. [title] Add 1/4 cup (59 ml) sugar and 2 teaspoons (7.57 ml) lemon juice to the saucepan. [step] Since lemon sherbet is made from seeds, seasonings don't have to be added at all.
C. Consider shaking the sugar and water regularly to prevent sticking. [title] Stir the sugar and water constantly until it thickens.
D. For an even richer, more decadent texture, you can substitute heavy cream for the water. This makes it more of a lemon ice cream and really tones down the tartness of the lemon.

Reply with exactly one uppercase letter out of A, B, C, or D.
",345
17993.0,Personal Care and Style,[header] How to clean your eyebrows [title] Apply your regular face wash to your brows. [step] It's easy to clean your eyebrows with your regular facial cleanser while you're washing your face. Any facial cleanser that is gentle enough for your skin should be fine on your eyebrows.,C,"Context:
""[header] How to clean your eyebrows [title] Apply your regular face wash to your brows. [step] It's easy to clean your eyebrows with your regular facial cleanser while you're washing your face. Any facial cleanser that is gentle enough for your skin should be fine on your eyebrows.""

Which of the following endings best completes the context?

Choices:
A. Use gentle touching to help clean those eyebrows. [substeps] The same rule applies if you're concerned about calluses: limit use of your regular facial cleanser while you're trying to clean your eyebrows.
B. Here are some tips : [substeps] Soak your brow milk in warm water. Place your fingertips in the milk and gently massage the milk.
C. Wet your eyebrows and apply a small amount of face wash to your brows. [substeps] You can also wash your eyebrows by themselves if you'd prefer.
D. [substeps] Because eyebrow powder is such a sensitive pad, you need to make sure you use something noncomedogenic and not irritating to your skin, such as sugar or other aromatic oils. Any product that is non-comedogenic will work fine on eyebrows.

Reply with exactly one uppercase letter out of A, B, C, or D.
",338
846.0,Work World,"[header] How to become an aerospace engineer [title] Develop sound math and science skills in high school. [step] Aerospace engineering requires advanced science and math skills. Take classes in chemistry, physics, algebra, calculus, and trigonometry in high school to get a head-start on developing the skills you'll need.",D,"Context:
""[header] How to become an aerospace engineer [title] Develop sound math and science skills in high school. [step] Aerospace engineering requires advanced science and math skills. Take classes in chemistry, physics, algebra, calculus, and trigonometry in high school to get a head-start on developing the skills you'll need.""

Which of the following endings best completes the context?

Choices:
A. Some four-year colleges offer pre-schooling courses in engineering. Some high schools offer an all-family education program which focuses on automobile mechanics, mechanical engineering, and physics.
B. [substeps] You should be at least 18 years old when you begin your aerospace engineering career. You can get an an a in about five years.
C. [title] Speak with your teacher about whether engineer training is right for you. [step] If you need to grow intellectually, the best way to do so is to find a training location.
D. [substeps] Put your best effort into these classes so you can earn high marks. A high gpa will help you get into a good aerospace engineering program in college.

Reply with exactly one uppercase letter out of A, B, C, or D.
",284
42336.0,Personal Care and Style,"[header] How to create wavy hair with a curling iron [title] Get a ceramic tourmaline 1 "" barrel curling iron. [step] This is a high quality styling tool, and so it should work better than the alternative and also protect your hair better. The 1 "" barrel will allow you to create large curls that you can then shake out and scrunch up to create a wavy look.",A,"Context:
""[header] How to create wavy hair with a curling iron [title] Get a ceramic tourmaline 1 "" barrel curling iron. [step] This is a high quality styling tool, and so it should work better than the alternative and also protect your hair better. The 1 "" barrel will allow you to create large curls that you can then shake out and scrunch up to create a wavy look.""

Which of the following endings best completes the context?

Choices:
A. You can also use a curling iron with a larger barrel or a smaller barrel, though it may be more difficult to achieve the wavy look. [substeps] You can buy curling irons from a beauty supply shop or online.
B. [substeps] Hold the curling iron at hip-height. Holding it at hip level towards you minimizes the risk of damaging your bottom strand of hair and will reduce frizz.
C. [title] Take a small amount of water in your chosen iron. [step] Take a compact 4 "" barrel curling iron.
D. [title] Find a curling iron with a round barrel. [step] This is it, curling with a barrel.

Reply with exactly one uppercase letter out of A, B, C, or D.
",301
24644.0,Home and Garden,"[header] How to prevent flip flops from hurting your feet [title] Wear them for short activities. [step] You can wear your flip flops for quick trips to the store, or to pick up your mail, and if you're meeting friends for a meal. As long as you won't be on your feet for a long time or doing something that risks injury, wearing flip flops is fine.",C,"Context:
""[header] How to prevent flip flops from hurting your feet [title] Wear them for short activities. [step] You can wear your flip flops for quick trips to the store, or to pick up your mail, and if you're meeting friends for a meal. As long as you won't be on your feet for a long time or doing something that risks injury, wearing flip flops is fine.""

Which of the following endings best completes the context?

Choices:
A. [title] Train your feet where you can slip, so that you don't end up with your wrist hurting. [step] Most people would assume someone else's wrist will be sore for an extended period of time.
B. [substeps] If you can hold them while leaving, try holding them while you're going to the store, too. Also, you can wear the flip flops while holding a book.
C. [title] Wear them to the beach or the pool. [step] Flip flops were really designed as a convenient and easy-to-wear shoe that you can take to the beach or the pool.
D. You just have to sit in them long enough to be comfortable. [title] Don't hesitate to take them off.

Reply with exactly one uppercase letter out of A, B, C, or D.
",317
41833.0,Personal Care and Style,"[header] How to fit in [title] Identify the group that you want to fit in with. [step] Most likely this will be the popular "" in ""-crowd, but think of specific words that describe the group. This will help you better visualize and organize the things you will need to do to fit in.",D,"Context:
""[header] How to fit in [title] Identify the group that you want to fit in with. [step] Most likely this will be the popular "" in ""-crowd, but think of specific words that describe the group. This will help you better visualize and organize the things you will need to do to fit in.""

Which of the following endings best completes the context?

Choices:
A. Here are some common ones : [substeps] Dress up. Most social events will require you to dress up, so be sure to dress in layers.
B. For instance, if it is "" in "", "" fi "", or "" i'm in "", then consider moving on to the more formal ones. [title] Choose a group who fits in more with your current group.
C. [title] Consider the people that you'll attend. [step] This can include your friends, parents, new students or people that you might not have considered.
D. [substeps] Use this template: the popular kids are _ _ _ _ _ _ _ _ _ _. They are best described as _ _ _ _ _ _ _ _ _ _.

Reply with exactly one uppercase letter out of A, B, C, or D.
",279
14953.0,Health,"[header] How to handle well meaning friends and family when you decide to be a vegetarian [title] Stand firm in your beliefs. [step] Be sure as to why being vegetarian counts for you. When you decide to become a vegetarian, some of your family and friends may not understand or agree with why you're choosing this lifestyle.",B,"Context:
""[header] How to handle well meaning friends and family when you decide to be a vegetarian [title] Stand firm in your beliefs. [step] Be sure as to why being vegetarian counts for you. When you decide to become a vegetarian, some of your family and friends may not understand or agree with why you're choosing this lifestyle.""

Which of the following endings best completes the context?

Choices:
A. If you're in a relationship with someone who doesn't understand why you should choose this lifestyle, don't assume they are doing so so because they don't respect your beliefs. Again, it's up to you.
B. If you're not sure yourself then it may be possible to be persuaded out of it. [title] Let your friends and family know how you feel and why you want to transition into a vegetarian lifestyle.
C. Consult the following steps to make sure people are just as vegetarian or vegan as you. [substeps] Stay away from any swear words or profanity.
D. Either they don't like you, or they don't support the idea of you being a vegetarian. Make sure that you don't put yourself in these positions.

Reply with exactly one uppercase letter out of A, B, C, or D.
",303
22876.0,Health,"[header] How to talk to loved ones about their mental illness [title] Find a way to talk privately. [step] The best place to have a conversation is in a private, quiet area. Your loved one should feel secure and comfortable in this space.",B,"Context:
""[header] How to talk to loved ones about their mental illness [title] Find a way to talk privately. [step] The best place to have a conversation is in a private, quiet area. Your loved one should feel secure and comfortable in this space.""

Which of the following endings best completes the context?

Choices:
A. [substeps] If your loved one's family members are not there, stay in the living room with your loved one. If anyone behind you notices, or tries to see you with them, they can quickly cut off your conversation.
B. You might have the conversation while talking a walk, or you might sit them down in your living room, kitchen, or bedroom. [substeps] Minimize distractions as much as possible.
C. However, if you can, use the restroom or go to the kitchen to talk in public places. [title] Be aware of evidence of mental illness.
D. [substeps] Talk in another room, like an office, will help reduce anxiety that may have developed when you talked to your loved one about their mental illness. Try looking for a private place to have this conversation.

Reply with exactly one uppercase letter out of A, B, C, or D.
",284
43690.0,Relationships,"[header] How to be a responsible party host [title] Make sure your home is safe from trip, slip and fall hazards. [step] You are used to that not-quite-even set of porch stairs, the wobbly railing, and sure footed as a goat on the icy walkway. However, your guests could end up hurting themselves if these things are not addressed.",B,"Context:
""[header] How to be a responsible party host [title] Make sure your home is safe from trip, slip and fall hazards. [step] You are used to that not-quite-even set of porch stairs, the wobbly railing, and sure footed as a goat on the icy walkway. However, your guests could end up hurting themselves if these things are not addressed.""

Which of the following endings best completes the context?

Choices:
A. The first one to reach the bottom of this list will be those who accidentally knock over those steps on their way down. If you have a solid foundation, you're going to have to take measures to prevent falls.
B. In the usa, you could unfortunately find yourself sued. Such safety issues include : [substeps] Make sure stairs are safe, or guests do not have access to them.
C. [substeps] If you have pets, don't let them trip over these hazards. In the same vein, look out for hazards during the day as well as at night.
D. How best to identify and address these areas will depend somewhat on your location. You may need to use a saw, any other non-slip option (easy to use, but very dangerous to tread on), etc.

Reply with exactly one uppercase letter out of A, B, C, or D.
",320
38203.0,Work World,"[header] How to become a bilingual teacher in texas [title] Obtain a bachelor's degree. [step] Your degree can be in any subject as long as it comes from an accredited university. While it is not necessary to major in a second language to become a bilingual teacher, it is strongly recommended to have a background in the subject.",B,"Context:
""[header] How to become a bilingual teacher in texas [title] Obtain a bachelor's degree. [step] Your degree can be in any subject as long as it comes from an accredited university. While it is not necessary to major in a second language to become a bilingual teacher, it is strongly recommended to have a background in the subject.""

Which of the following endings best completes the context?

Choices:
A. [substeps] An accredited bachelor's degree in the subject can be provided to you by your university or by your school. Apply for practical teaching experience through the accredited community college or your local professional association.
B. [substeps] While at university, you can complete a university certification program for teachers. This will prevent you from having to take a separate educator preparation program when you have graduated.
C. An accredited undergraduate degree can lead to more desirable teaching jobs with greater opportunities. [title] Know why you want to become a bilingual teacher.
D. You will want to be fluent in the language described in the course guide. [title] Apply for a master's degree.

Reply with exactly one uppercase letter out of A, B, C, or D.
",290
42910.0,Education and Communications,"[header] How to sue for a fmla violation [title] Gather information. [step] Before you even contemplate suing for an fmla violation, you should assess your eligibility under the law. [substeps] Only employers with 50 or more employees are subject to the fmla.",B,"Context:
""[header] How to sue for a fmla violation [title] Gather information. [step] Before you even contemplate suing for an fmla violation, you should assess your eligibility under the law. [substeps] Only employers with 50 or more employees are subject to the fmla.""

Which of the following endings best completes the context?

Choices:
A. Employment visas and other employment structures state which work training programs were used for you before your employment or work relationship with every other one you employed. If you work with any of the following employers, you must also attach documents and a u.s.
B. These employees may work in different locations, however, as long as at least 50 employees work within 75 miles of your workplace. For you to be eligible for leave under fmla, you must have worked for your employer for at least a year and clocked at least 1 , 250 hours during that time.
C. The law or federal law identify you as a "" nonmarital, "" meaning that if you were married to separate you would not qualify for a fmla violation. You also cannot file a lawsuit without first taking notice of the violation.
D. The more employees you work with, the less likely you are to be sued. Some employment is intended as a vice president.

Reply with exactly one uppercase letter out of A, B, C, or D.
",337
31340.0,Health,"[header] How to verify rehab treatment for an employee [title] Receive an fmla request. [step] If an employee requests time off to take place in a substance abuse treatment program, you must assess whether they are eligible for fmla time. Generally, the employee must have worked for you for at least a year.",A,"Context:
""[header] How to verify rehab treatment for an employee [title] Receive an fmla request. [step] If an employee requests time off to take place in a substance abuse treatment program, you must assess whether they are eligible for fmla time. Generally, the employee must have worked for you for at least a year.""

Which of the following endings best completes the context?

Choices:
A. [substeps] The employee can request time off either orally or in writing. For example, the employee may call in and request time off, or may stop you in a hallway to ask you about it.
B. However, any employee can request but a certain amount of leave or that number of hours they've worked is unreasonable. [substeps] Fmla procedures typically can be complicated, so if you're not sure what to do in an emergency, you may want to locate relevant staff members to help.
C. If you do not receive the requested time, then that employee may seek permanent separation from you. A request for time would be written with the basis that the employee has been off work for six months.
D. You will receive an fmla request for time off in a variety of ways. Since most requests for time off require that you relocate to another state, you can have meetings with an fmla representative or find a form you can fill out online.

Reply with exactly one uppercase letter out of A, B, C, or D.
",336
8121.0,Computers and Electronics,"[header] How to download facebook [title] Launch the app store program on your ios device. [title] Tap on "" search, "" then type "" facebook. [title] Tap on "" facebook, "" then tap on "" free.",B,"Context:
""[header] How to download facebook [title] Launch the app store program on your ios device. [title] Tap on "" search, "" then type "" facebook. [title] Tap on "" facebook, "" then tap on "" free.""

Which of the following endings best completes the context?

Choices:
A. [step] You'll be brought to a list of available facebook apps on facebook. [title] Tap on the library icon at the top to open it.
B. [substeps] Alternately, you can connect your ios device to your computer, wait for itunes to launch, and navigate to https: // itunes. Apple.com/us/app/facebook/id284882215? Mt=8 to download facebook directly to your device using itunes.
C. [title] Tap on the "" free "" button on the app to be launched. [title] Tap on "" get started "" at the bottom of facebook or another website to see the app installed on your device.
D. [step] "" [title] Find facebook on your home screen or app drawer. [step] When facebook opens, its icon is a big white "" f "" in a blue circle.

Reply with exactly one uppercase letter out of A, B, C, or D.
",297
48626.0,Longboarding,A black intro screen with a logo and words appear in red and white and black. a series of clips,D,"Context:
""A black intro screen with a logo and words appear in red and white and black. a series of clips""

Which of the following endings best completes the context?

Choices:
A. begin explaining the plan to follow the kings gold instep as their team faces other leads.
B. are then shown of teams playing tossing and throwing the ball and it includes one team scoring a goal.
C. of people snowboarding are shown, at the bottom of a hill, under a sail of blue snow.
D. begin to play and they include a lot of people riding skateboards and wearing safety gear as they fall many times in many different areas that include residential roads, parking lots, skate parks, dirt paths, empty roads and etcetera.

Reply with exactly one uppercase letter out of A, B, C, or D.
",199
14807.0,Education and Communications,"[header] How to speak basic pashto [title] Know how to greet others. [step] Say "" assalam-o-alaikum (peace be on you) "". When pashtun meet, they greet with the islamic greetings.",B,"Context:
""[header] How to speak basic pashto [title] Know how to greet others. [step] Say "" assalam-o-alaikum (peace be on you) "". When pashtun meet, they greet with the islamic greetings.""

Which of the following endings best completes the context?

Choices:
A. It is not a traditional way to greet a family member or meet friends. Rather, this simply suggests to others that you are their son or daughter, and is a way to make a good impression on someone.
B. [title] Say "" with peace, you came "" or "" you are welcome "". [step] This could be used as a response to "" thank you "", or a greeting.
C. Assalam is the arabic pronunciation of the word "" seid. "" if your mosque knows, you will know the misconceptions and prejudices in understanding what to say.
D. This is a greeting that is pronounced assalam-o. or, "" beah-aftarang alaikum.

Reply with exactly one uppercase letter out of A, B, C, or D.
",270
9189.0,Cars & Other Vehicles,"[header] How to drive a tractor [title] Look for tractor safety issues. [step] Walk around your tractor doing an inspection before climbing on. Loose wheel lugs, nuts or bolts may need periodic tightening.",D,"Context:
""[header] How to drive a tractor [title] Look for tractor safety issues. [step] Walk around your tractor doing an inspection before climbing on. Loose wheel lugs, nuts or bolts may need periodic tightening.""

Which of the following endings best completes the context?

Choices:
A. If you see any of these problems, break the wheel out of place by twisting on the drive belt. [title] Check to see if brake fluid is leaking.
B. Find out before driving your tractor if it has any problems. Check valve seals, windshield panels, radiator valves, heater plates, oil indicators, tires and any other work that goes on and off of it.
C. If you discover an issue while hauling your tractor, turn it over a few times to see if you need to tighten the screws on the wheel or one wheel. If your tractor has problems, see the color and condition of the wheel before picking it up for repairs.
D. [title] Check your tractor's tire pressure. [step] Low pressure in one or more tires may cause instability and create a safety hazard.

Reply with exactly one uppercase letter out of A, B, C, or D.
",298
22059.0,Family Life,"[header] How to nurture the friendship between you and your spouse [title] Keep up to date with one another's lives. [step] It's easy to take your spouse for granted. If you see someone every day, you may forget to keep them informed on what's going on with you.",C,"Context:
""[header] How to nurture the friendship between you and your spouse [title] Keep up to date with one another's lives. [step] It's easy to take your spouse for granted. If you see someone every day, you may forget to keep them informed on what's going on with you.""

Which of the following endings best completes the context?

Choices:
A. Also, make sure that you don't neglect one another's well-being. For example, if you're a single woman, while you have kids, make sure to stay updated about their day to day lives.
B. If your spouse sees every communication as a chance to learn new things about you, they won't be able to help you in the long run. [substeps] Try your best to keep up with the latest news.
C. However, sharing small things about your day-to-day life can help foster feelings of friendship. [substeps] Keep your spouse involved in your day-to-day life.
D. Too much talk can ruin the friendship and you may end up ending up resenting your spouse for doing what you ask. [substeps] Check emails and after hours email messages for updates or calls from your spouse.

Reply with exactly one uppercase letter out of A, B, C, or D.
",307
37941.0,Personal Care and Style,"[header] How to make jasmine scent using enfleurage [title] Obtain unscented moisturising cream. [step] Choose a good quality version, and look for a type suitable to your skin. [title] Smear the moisturising cream inside a jar.",A,"Context:
""[header] How to make jasmine scent using enfleurage [title] Obtain unscented moisturising cream. [step] Choose a good quality version, and look for a type suitable to your skin. [title] Smear the moisturising cream inside a jar.""

Which of the following endings best completes the context?

Choices:
A. [step] Cover all the inside sides of the jar with the moisturising cream in a thick layer. The jar must be wide enough for you to be able to get your hands inside and move them around.
B. [step] This is the most crucial thing to do in addition to creating your signature jasmine fragrance. [title] Put the lotion on your skin.
C. [step] For most scents, this method is very risky and should be used only if you have evidence of unwanted or an allergic reaction to the honey or menthol) that simply does not belong to what you are attempting to make. [substeps] She smells deliciously feminine and earthy.
D. [step] Buy some enfleurage cream from a pharmacy or store. Stick with this around day one-the longer you wait, the easier the blend.

Reply with exactly one uppercase letter out of A, B, C, or D.
",312
22987.0,Relationships,"[header] How to console someone [title] Tell the person that you care. [step] There's no "" right "" thing to say when someone is in emotional pain-especially when there is a perfectly reasonable reason for their suffering. Choose your words, your voice, and your manners in terms of what will convey that you care.",D,"Context:
""[header] How to console someone [title] Tell the person that you care. [step] There's no "" right "" thing to say when someone is in emotional pain-especially when there is a perfectly reasonable reason for their suffering. Choose your words, your voice, and your manners in terms of what will convey that you care.""

Which of the following endings best completes the context?

Choices:
A. [substeps] Try to be as casual as possible. For example, you could say, "" i'm so sorry, but my things are out of order, and you may need help.
B. [substeps] Avoid saying things like, "" okay, "" "" well, that's not how i'd like it to go, "" or "" well, i'm so sorry if i made that very uncomfortable for you. "" remember that there are no genuine "" right "" things to say about someone.
C. [substeps] Begin as politely and kindly as possible. Say, "" i'm here to talk to you.
D. At the simplest level, this requires that you act as normally as possible. Further, only say things that are sympathetic, non-judgmental, patient, and accepting.

Reply with exactly one uppercase letter out of A, B, C, or D.
",302
49658.0,Family Life,"[header] How to avoid moving in with your parents [title] Start saving immediately. [step] The best way to prepare for living on your own is by saving your money. If you have a job, put a portion of your paycheck into savings for future moving expenses.",A,"Context:
""[header] How to avoid moving in with your parents [title] Start saving immediately. [step] The best way to prepare for living on your own is by saving your money. If you have a job, put a portion of your paycheck into savings for future moving expenses.""

Which of the following endings best completes the context?

Choices:
A. Depending on your current expenses, anywhere from 10-20% of your paycheck is normally a reasonable amount. [substeps] If you don't currently have a job, you'll need a source of income as soon as possible.
B. If you own a car, keep old bills in the car. If you write in a journal, keep others stuck in your savings account.
C. It's a common mistake that many parents make and do, but you may find that you benefit from others trying to save money. You can save monthly or through one of the many doing compromises, like making your own credit card or using private credit cards to pay off all of your bills.
D. Savings accounts, like credit cards, have potential to pay off your housing debt at no extra cost. [substeps] In addition to saving from living expenses, you should also commit to moving within a few months of your arrival and then saving again over a few months later to make ends meet.

Reply with exactly one uppercase letter out of A, B, C, or D.
",324
6069.0,Work World,"[header] How to age a deer [title] Learn what female deer look like. [step] A doe is a female deer and is commonly confused with young male deer, or fawns. Female deer do not have antlers and neither do fawns.",B,"Context:
""[header] How to age a deer [title] Learn what female deer look like. [step] A doe is a female deer and is commonly confused with young male deer, or fawns. Female deer do not have antlers and neither do fawns.""

Which of the following endings best completes the context?

Choices:
A. If you want to have a deer to show off, you must spend a lot of time searching for a female deer. [substeps] It is important to know the same from cattle, especially square-headed varieties.
B. Typically, the top of a fawns head will be much flatter than a doe's head. Female deer will have longer, more muscular necks than young male deer.
C. [substeps] Young deer may have horns, if they are left unmated, as this can be dangerous for larger deer. Be aware that women can be confused with young female deer.
D. [substeps] Gashing deer: the buck is not a deer but a doe who is often seen and killed by bandits and bandits. It is an album of pictures of the doe ready to be released at a wildlife rehabilitation camp.

Reply with exactly one uppercase letter out of A, B, C, or D.
",314
37386.0,Education and Communications,"[header] How to make a minecraft overworld banner [title] Gather your ingredients. [step] To make an overworld banner you will need to acquire the following : [substeps] 1 blue banner 5 lime green dye 1 brick block 1 lapis lazuli 1 enchanted golden apple 14 ink sacks [title] Place the banner in the very middle of the crafting table. [step] Now place 4 lime green dye above, below and to each side of the banner.",A,"Context:
""[header] How to make a minecraft overworld banner [title] Gather your ingredients. [step] To make an overworld banner you will need to acquire the following : [substeps] 1 blue banner 5 lime green dye 1 brick block 1 lapis lazuli 1 enchanted golden apple 14 ink sacks [title] Place the banner in the very middle of the crafting table. [step] Now place 4 lime green dye above, below and to each side of the banner.""

Which of the following endings best completes the context?

Choices:
A. The result should be a lime green diamond in the center. [title] Put the banner with the lime lozenge in the very middle of the crafting table.
B. [title] Add 25.4 cups of water to the sink. [step] Measure 3 foam cups at room temperature to make 1 packet of water per 1 liter (large serving pot).
C. [substeps] If you don't have enough lime green dye, you can use vegetables instead. If you do, think about making some carrots or celery.
D. Continue making the banner until you reach the top of the crafting table. [title] Decide what color you want to use for your banner.

Reply with exactly one uppercase letter out of A, B, C, or D.
",339
6331.0,Personal Care and Style,"[header] How to study at the last minute [title] Focus on your weak spots. [step] Because you are studying at the last minute, you will not have time to go through all of your class material or your study notes. Instead, you should read over the class material and identify any topics you struggle with or have trouble recalling.",A,"Context:
""[header] How to study at the last minute [title] Focus on your weak spots. [step] Because you are studying at the last minute, you will not have time to go through all of your class material or your study notes. Instead, you should read over the class material and identify any topics you struggle with or have trouble recalling.""

Which of the following endings best completes the context?

Choices:
A. You should then focus your studying on brushing up on your weak spots so you are better prepared heading into the test. [substeps] You may take a practice exam and note questions that you did poorly on or scored low on.
B. Try some tips on studying at the last minute : [substeps] Take notes in class of your own if you want to remember and maybe ask a study partner to proofread your notes. Study at least one thing at a time.
C. [substeps] Your teacher may tell you to retake a semester after you are absent from class. Ask your teacher to agree not to retake some of your missed assignments that you missed.
D. [substeps] If you are struggling with certain classes, then consider making a list of just the parts you struggle with and try to swap that for something else. For example, if you struggle with journalism and you struggle with proof supports, try revising your essay on leno a new topic of study.

Reply with exactly one uppercase letter out of A, B, C, or D.
",332
34812.0,Sports and Fitness,"[header] How to strengthen quads using a fitness ball [title] Practice all leg moves over a padded mat. [step] Because it takes time to get comfortable balancing on the fitness ball, practice each move on an exercise mat to cushion your fall and help your wrists support your weight more comfortably. [title] Engage your core muscles with each exercise.",C,"Context:
""[header] How to strengthen quads using a fitness ball [title] Practice all leg moves over a padded mat. [step] Because it takes time to get comfortable balancing on the fitness ball, practice each move on an exercise mat to cushion your fall and help your wrists support your weight more comfortably. [title] Engage your core muscles with each exercise.""

Which of the following endings best completes the context?

Choices:
A. [step] When you feel your muscles contracting, loosen them to help you move your hips. Push your hip bones back and control the movements as much as possible.
B. [step] Muscles are the most sensitive muscle group and a fluid, constant contraction helps to keep those muscles engaged and reduce stress. [title] Exercise your inner thighs with the exercise mat.
C. [step] By tightening your abs and back as you work your quads, you can help stabilize yourself and tone your core as you work out. [title] Perform traditional squat moves for the quadriceps.
D. [step] Do cardio, strength-ups, and push-ups on a weight bench or a bench that is elevated at least 30 feet (4.7 m). Be careful not to strain when doing weight-lifting.

Reply with exactly one uppercase letter out of A, B, C, or D.
",327
13082.0,Pets and Animals,"[header] How to train a dwarf hamster to recognize its name [title] Use the name frequently. [step] Whenever you are around your hamster, use its name. Handle your dwarf hamster every day too, to ensure the trust between you and your pet.",B,"Context:
""[header] How to train a dwarf hamster to recognize its name [title] Use the name frequently. [step] Whenever you are around your hamster, use its name. Handle your dwarf hamster every day too, to ensure the trust between you and your pet.""

Which of the following endings best completes the context?

Choices:
A. To handle the hamster, use your fingers to get near it's eye, and don't touch the hamster's nose. As time goes on, you can start treating your dwarf hamster with more fun treats.
B. This also keeps your pet stimulated and healthy. [title] Use a treat to solidify the connection with its name.
C. If it hears the name or sees you, the hamster may become alarmed and begin to fear you. [title] Use your dwarf hamster's name every time you pet it.
D. [substeps] Let your hamster know that you are there to say "" hello "" and let it know you have come to its rescue. [title] Hold your dwarf hamster before you teach it to play.

Reply with exactly one uppercase letter out of A, B, C, or D.
",285
25991.0,Health,"[header] How to reduce foot pain from idiopathic peripheral neuropathy [title] See a neurologist. [step] They are qualified to understand the neurological pain you are enduring and know what treatments or prescription drugs will best treat your pain. [title] Check your feet daily for signs of blisters, cuts or calluses.",B,"Context:
""[header] How to reduce foot pain from idiopathic peripheral neuropathy [title] See a neurologist. [step] They are qualified to understand the neurological pain you are enduring and know what treatments or prescription drugs will best treat your pain. [title] Check your feet daily for signs of blisters, cuts or calluses.""

Which of the following endings best completes the context?

Choices:
A. [title] Wear heat-treated pads to and from work. [step] A heat pad will give you an additional sense of warmth, meaning that they will not irritate your skin further.
B. [step] Tight shoes and socks can worsen pain and tingling plus leading to sores that won't heal. [substeps] Wear soft, loose cotton socks and padded shoes, with good arch support.
C. [step] Blisters should be no bigger than 10-15 centimeter (3.9-3.7 in) for each affected toe. [title] Massage your foot for five minutes weekly.
D. [step] Some mild cases may be minor but severe and require immediate medical attention. [title] Wash your feet regularly with warm, soapy water and, if necessary, be tested for mites.

Reply with exactly one uppercase letter out of A, B, C, or D.
",331
31147.0,Finance and Business,"[header] How to buy an amazon gift card on pc or mac [title] Go to https: // www.amazon.com/in a web browser. [substeps] Sign in to amazon with the email address and password associated with your amazon account, if you haven't already done so. [title] Click gift cards.",D,"Context:
""[header] How to buy an amazon gift card on pc or mac [title] Go to https: // www.amazon.com/in a web browser. [substeps] Sign in to amazon with the email address and password associated with your amazon account, if you haven't already done so. [title] Click gift cards.""

Which of the following endings best completes the context?

Choices:
A. [step] It's at the top-left corner of the amazon.com homepage. You should see a list of all your gift cards.
B. [step] This will take you to the card search section. [title] Select an item to buy the gift card for.
C. [step] This brings you to the amazon.com page. [title] Click the green arrow next to "" gift cards.
D. [step] It's in the menu bar at the top of the screen, below the search bar. [title] Click the type of gift card you want to buy.

Reply with exactly one uppercase letter out of A, B, C, or D.
",246
21540.0,Computers and Electronics,[header] How to get rid of spectacle marks on your nose [title] Use potatoes. [step] Potatoes are perfect for treating marks because they're commonplace in homes. Peel one raw potato and then grate it well.,B,"Context:
""[header] How to get rid of spectacle marks on your nose [title] Use potatoes. [step] Potatoes are perfect for treating marks because they're commonplace in homes. Peel one raw potato and then grate it well.""

Which of the following endings best completes the context?

Choices:
A. Rub the potatoes over the stain or mark with a washcloth and leave it for a few days. After another couple of days, rinse off the potato paste.
B. Add some pure rose water to it and make a smooth paste. You can also add lemon extract or pure honey for improving the strength of the remedy.
C. You can then use the leftover potatoes as a paste. [substeps] Mashed potatoes are easy to grate because they're easy to squeeze out and place in the microwave.
D. Place the raw potato on your nose, then cover them with a plastic ring. Let the potato sit for six hours and after twenty, wash it off.

Reply with exactly one uppercase letter out of A, B, C, or D.
",266
36193.0,Health,"[header] How to do kundalini yoga and meditation [title] Know when and how often to do this breathing exercise. [step] This breathing exercise can be done when you're feeling tired or drained emotionally. The result of doing this exercise should be that you feel revived, re-energized and ready-to-go.",C,"Context:
""[header] How to do kundalini yoga and meditation [title] Know when and how often to do this breathing exercise. [step] This breathing exercise can be done when you're feeling tired or drained emotionally. The result of doing this exercise should be that you feel revived, re-energized and ready-to-go.""

Which of the following endings best completes the context?

Choices:
A. You should practice this exercise for at least 20 minutes at a time each morning. [substeps] It can be used as part of any yoga practice for at least 30 minutes.
B. [title] Put the water bottle in your mouth. [step] Drink 30 minutes prior to the practice.
C. [substeps] These exercises can be done 2-3 times a day. Experts recommend trying this exercise in the mid-afternoon (2-4 pm) to help avoid that afternoon slump.
D. [title] Make a list of questions you might want to ask yourself during these sessions. [step] Looking at your list could help you stay on track with your exercises and other habits.

Reply with exactly one uppercase letter out of A, B, C, or D.
",290
23774.0,Health,"[header] How to overcome your weaknesses [title] List events with unfavorable outcomes in your life. [step] As you go through life, some things will go the way you want and others won't. Making a list of your failures or shortcomings can point you in the direction of your weaknesses.",D,"Context:
""[header] How to overcome your weaknesses [title] List events with unfavorable outcomes in your life. [step] As you go through life, some things will go the way you want and others won't. Making a list of your failures or shortcomings can point you in the direction of your weaknesses.""

Which of the following endings best completes the context?

Choices:
A. [substeps] For example, maybe you're not excellent at maths-one step you can't do well on isn't as easy as it sounds to you. Perhaps you're less prepared to make good grades in a club.
B. Include events that you have already tried and are proud of. Think of things that will help you overcome your shortcomings.
C. [substeps] Look back on your childhood or a conversation that ended badly. Make a list of things you've done wrong and all of the ways you've tried to correct it.
D. Write down anything in life that didn't turn out the way you had hoped. [substeps] For example, if you continuously fail to keep a relationship going for more than a few months, write that down.

Reply with exactly one uppercase letter out of A, B, C, or D.
",293
8410.0,Cars & Other Vehicles,[header] How to choose a nickname for your car [title] Choose the name of a beautiful person. [step] One of the most common ways to name your car is to think of a celebrity or model that you like and give it the same name. Try to make the name something that's uncommon so that people don't get confused when you refer to your car by its name.,D,"Context:
""[header] How to choose a nickname for your car [title] Choose the name of a beautiful person. [step] One of the most common ways to name your car is to think of a celebrity or model that you like and give it the same name. Try to make the name something that's uncommon so that people don't get confused when you refer to your car by its name.""

Which of the following endings best completes the context?

Choices:
A. [substeps] Celebrities are highly recognizable and very famous. If you know a celebrity, but don't know your car, try to compliment them and be specific about their name.
B. If you don't like the name, choose something more memorable. [substeps] You can choose the name of your pet, sometimes even put it on a car horn or purse that you give to your pet.
C. Pick a nickname that's common, not something uncommon with a name like yours. [substeps] If you're not sure what it is, ask a friend or family member if you know the name they like.
D. [substeps] Some good names include claire, stella, brock, and venus. [title] Name the car after your favorite musician or cartoon character.

Reply with exactly one uppercase letter out of A, B, C, or D.
",316
21993.0,Computers and Electronics,"[header] How to open a mac mini [title] Shut down and unplug the mac mini. [step] Before attempting to make any changes to the computer, make sure you shut it off and remove the power cord from the back. Unplug any other external cables from the computer as well.",D,"Context:
""[header] How to open a mac mini [title] Shut down and unplug the mac mini. [step] Before attempting to make any changes to the computer, make sure you shut it off and remove the power cord from the back. Unplug any other external cables from the computer as well.""

Which of the following endings best completes the context?

Choices:
A. Removing the cables will allow you to close your mac mini. [title] Connect one hand to the power cord.
B. [title] Transfer the computer's hard drive to another usb drive. [step] After you've physically connected your mac to the usb drive, you'll need to restore it to its original state, so make sure to do so while you're transferring the computer.
C. Now that it is disconnected, it will be very difficult to open your mac mini. [title] Press the key key while making sure it is turned off.
D. When you are ready to begin working, touch a piece of metal to discharge any static electricity from your body. [title] Place the mac mini face-down on a clean cloth.

Reply with exactly one uppercase letter out of A, B, C, or D.
",281
23898.0,Computers and Electronics,"[header] How to buy an android phone [title] Decide how you will use it. [step] This question defines the remaining steps and is the most important. [substeps] Do you only need your phone for phone calls, texting, and facebook? If so, most phones today have these options and you can save money by purchasing cheaper phones for these purposes.",A,"Context:
""[header] How to buy an android phone [title] Decide how you will use it. [step] This question defines the remaining steps and is the most important. [substeps] Do you only need your phone for phone calls, texting, and facebook? If so, most phones today have these options and you can save money by purchasing cheaper phones for these purposes.""

Which of the following endings best completes the context?

Choices:
A. Is the phone going to be used for multimedia and gaming? If so, a mid-range to high-end flagship phone will be in order. These tend to have more storage for taking hd pictures and video, as well as higher level processors and cameras.
B. Make sure you have the power to use your phone on the phone. A smart phone probably works poorly on a cell phone whose number won't be enabled.
C. Do you only need your phone for certain tasks so you can get around? For example, are you the only person who can call you? Do some internet research and take notes before embarking on this step. [title] Decide what you are going to download with your android device.
D. Use your android's phone's phone number; choose one with a full phone call. If you want the phone's display to be mobile, you will need a smaller number than if you used to be talking on the other hang up options (4807 for android).

Reply with exactly one uppercase letter out of A, B, C, or D.
",346
10332.0,Relationships,"[header] How to practice abstinence while dating [title] Talk about abstinence at the appropriate time. You may not want or need to tell someone that you are abstinent on the first date. [step] It is the first date, after all.",B,"Context:
""[header] How to practice abstinence while dating [title] Talk about abstinence at the appropriate time. You may not want or need to tell someone that you are abstinent on the first date. [step] It is the first date, after all.""

Which of the following endings best completes the context?

Choices:
A. Talk about abstinence and make sure that you know how long abstinence really is. It may seem contrary, but it is the order of the world.
B. But, if you continue dating, you will probably need to let the other person know that you are practicing abstinence before you become too intimate. [substeps] You could try saying, "" before we go any further in our relationship, i think we should talk about sex.
C. Having sex beforehand will be very uncomfortable and makes it unsafe for you and the person who you date. Telling them about your abstinence in advance will ensure that you do not worsen your circumstances later.
D. Getting caught up in it before it starts can lead to a huge problem. The best time to talk abstinently is around the time when you are most comfortable, and not in a public place.

Reply with exactly one uppercase letter out of A, B, C, or D.
",304
20794.0,Cars & Other Vehicles,[header] How to buy a boat at an auction [title] Sleep on it for at least 24 hours. [step] A boat is a major purchase; it should not be made in haste. This is where most people get in trouble.,C,"Context:
""[header] How to buy a boat at an auction [title] Sleep on it for at least 24 hours. [step] A boat is a major purchase; it should not be made in haste. This is where most people get in trouble.""

Which of the following endings best completes the context?

Choices:
A. Once the auction starts, there is no turning back. [title] Know that there are potential dangers to sail in a boat.
B. [title] Do not even buy the boat for too long. [step] You need to think about it for a few months.
C. The best deals are made when you can confidently and without regret, walk away from the bargaining table. At auction, if you are being impetuous, you will bid the price up higher than you really should.
D. However, thieves see this argument as one reason to run away. While the boat may look great up under the stars, it may not really be an enjoyable experience when it comes time to bid.

Reply with exactly one uppercase letter out of A, B, C, or D.
",257
24213.0,Home and Garden,"[header] How to select the right stretch wrap for firewood bundling [title] Know what size stretch wrap you need. [step] Bundling film: this is narrow width stretch wrap that comes in widths of 2 "" , 3 "" and 5 "". [substeps] Bundling film is a good choice when you want to keep your firewood vented.",C,"Context:
""[header] How to select the right stretch wrap for firewood bundling [title] Know what size stretch wrap you need. [step] Bundling film: this is narrow width stretch wrap that comes in widths of 2 "" , 3 "" and 5 "". [substeps] Bundling film is a good choice when you want to keep your firewood vented.""

Which of the following endings best completes the context?

Choices:
A. This allows the firewood to shrink for rest instead of retiring into the dampness. Get the film handy to catch bedbugs and other critters.
B. If you are not carrying it indoors, it should be reserved for indoor use. Spring delivery film: autumn film is not a good fit for a single load.
C. It allows you to wrap just the ends, or both ends and the middle, and reduce the possibility of moisture becoming trapped in the wrap. Hand stretch film is is a wider wrap that comes in stock widths of 12 "" , 15 "" and 18 "".
D. The film is sold at estate sales, local forest shops and other general stores. You can purchase the film online with no charge.

Reply with exactly one uppercase letter out of A, B, C, or D.
",294
22917.0,Pets and Animals,[header] How to treat a cat with physical therapy [title] Consult with a physical therapist. [step] Take your cat in to see a veterinary physical therapist. The therapist will look at the cat's veterinary history and assess the cat's health.,A,"Context:
""[header] How to treat a cat with physical therapy [title] Consult with a physical therapist. [step] Take your cat in to see a veterinary physical therapist. The therapist will look at the cat's veterinary history and assess the cat's health.""

Which of the following endings best completes the context?

Choices:
A. Once they have all of the information, the therapist will decide what, if any, type of physical therapy will help your cat the most. [substeps] In most cases, you will be referred to a veterinary physical therapist by your primary care veterinarian.
B. To be able to assess your cat's health, you'll need to determine if the physical therapist is qualified. Ask what accredited physical therapy certification the therapist has.
C. In addition, she will examine the cat and assess a diagnosis as a result. Your cat's physical therapy office may take you to the nearest veterinary office, or you can find an entry-level physical therapist by telephone.
D. [substeps] Make sure the therapist is licensed and supports your cat's type of physical therapy, as well as any mental health issues. There are several good physical therapists in your area, including: a professional medical facility which focuses on emergency medical treatment of feral cats a veterinary hospital which focuses on preventative treatments like neutering.

Reply with exactly one uppercase letter out of A, B, C, or D.
",353
13092.0,Home and Garden,"[header] How to install levolor blinds [title] Insert the wand stem. [step] Lay the blinds on a flat surface so that the sticker that says "" insert wand stem "" is facing up and located on the upper left corner. Take the sticker off and insert the wand stem, which should've come along with the packaging.",D,"Context:
""[header] How to install levolor blinds [title] Insert the wand stem. [step] Lay the blinds on a flat surface so that the sticker that says "" insert wand stem "" is facing up and located on the upper left corner. Take the sticker off and insert the wand stem, which should've come along with the packaging.""

Which of the following endings best completes the context?

Choices:
A. The sticker should extend down the top of the blinds and hang down a few inches past the sill. It's important to remove this sticker so that your blinds don't slip out of their sockets.
B. Make sure that the sticker is facing away from the blinds as you insert the wand stem. [substeps] You will need to insert the sticker while the blinds are on.
C. [substeps] Check to make sure you insert the stem into the bracket you chose for your rookside. [title] Place the bracket on the bracket of your rookside.
D. [title] Hold a bracket against the top inside corners of your window opening. [step] Hold one of your mounting brackets against the top of the window and away from the glass.

Reply with exactly one uppercase letter out of A, B, C, or D.
",301
34616.0,Finance and Business,"[header] How to incorporate a business in florida [title] Research the need to incorporate. [step] There are other legal structures to consider such as a sole proprietorship, partnership or limited liability company (llc). All have advantages and disadvantages in regard to protecting you from liability, saving money on taxes and sharing profits and losses.",C,"Context:
""[header] How to incorporate a business in florida [title] Research the need to incorporate. [step] There are other legal structures to consider such as a sole proprietorship, partnership or limited liability company (llc). All have advantages and disadvantages in regard to protecting you from liability, saving money on taxes and sharing profits and losses.""

Which of the following endings best completes the context?

Choices:
A. [substeps] Llcs are a more common corporate structure, but they can offer larger tax advantages. However, qualifying llcs to both enable you to control transactions or to not have to check your status as a shareholder, is not always recognized.
B. [substeps] It's not really an idle business. One of the advantages of such structures is that there isn't much or no one to bid on.
C. [substeps] Sole proprietorship-a sole proprietorship is owned and run by one person, and there is no legal separation between the individual and the business. As a result, all profits, losses, and debts would be your responsibility.
D. [substeps] Llcs may file state and federal tax returns at 5 years of age. Llcs may file federal income tax returns at 6 years of age.

Reply with exactly one uppercase letter out of A, B, C, or D.
",317
25220.0,Computers and Electronics,"[header] How to check the freshness of baking powder [title] Boil some tap water. [step] Use tap water and fill a kettle to the minimum fill line. You only need ½ cup (118 ml) of hot water to test the baking powder, but filling the kettle to the minimum fill line will ensure the heating element doesn't overheat.",A,"Context:
""[header] How to check the freshness of baking powder [title] Boil some tap water. [step] Use tap water and fill a kettle to the minimum fill line. You only need ½ cup (118 ml) of hot water to test the baking powder, but filling the kettle to the minimum fill line will ensure the heating element doesn't overheat.""

Which of the following endings best completes the context?

Choices:
A. Turn on the kettle and bring the water to a boil. [substeps] Don't use more water than you need, otherwise the kettle will waste energy heating the extra water.
B. Make sure you have warm, but not boiling, water. [title] Place a baking sheet under the oven vent (the bottom of the oven).
C. This is also a good time to test the moisture content of the water in a fresh batch. [substeps] Fill the kettle just a quarter full with water.
D. [title] Sprinkle the baking powder into the water. [step] Transfer the powdered glass directly into the boiling water.

Reply with exactly one uppercase letter out of A, B, C, or D.
",293
13731.0,Personal Care and Style,"[header] How to define your cheekbones [title] Pick the right colors. [step] You will need at least two different shades of makeup: one that is significantly darker than your natural skin tone for the shadows and one that is just a little lighter than your skin for the highlights. Depending on your skin tone and preference, these can be any combination of foundations, bronzers, highlighters, and blushes.",A,"Context:
""[header] How to define your cheekbones [title] Pick the right colors. [step] You will need at least two different shades of makeup: one that is significantly darker than your natural skin tone for the shadows and one that is just a little lighter than your skin for the highlights. Depending on your skin tone and preference, these can be any combination of foundations, bronzers, highlighters, and blushes.""

Which of the following endings best completes the context?

Choices:
A. [substeps] Use creams rather than powders for better blending. If you're putting on a full face of makeup, contour after the foundation and concealer.
B. [substeps] Powder foundation has the tendency to emphasize the cheekbones and crease them at the corners of the eyes. [title] Apply mascara and dark eyeliner to bring your natural beauty out.
C. [substeps] Shades of bronzer: apply a dollop of diverge foundation to your cheekbones, then let it dry, blending it down and into your skin. Blush: use an eyebrow brush to apply blush to the apples of your cheeks.
D. [substeps] Note that foundations may change texture depending on your skin type. Depending on your face type and preference, your foundation will change texture depending on how pale you are.

Reply with exactly one uppercase letter out of A, B, C, or D.
",345
1784.0,Computers and Electronics,"[header] How to stop using plastic [title] Use reusable water bottles instead of plastic bottles. [step] Get a tumbler, mason jar, or a bottle and use those to put your smoothies and other drinks in instead of new plastic containers every time. Some places even offer a discount if you do this.",B,"Context:
""[header] How to stop using plastic [title] Use reusable water bottles instead of plastic bottles. [step] Get a tumbler, mason jar, or a bottle and use those to put your smoothies and other drinks in instead of new plastic containers every time. Some places even offer a discount if you do this.""

Which of the following endings best completes the context?

Choices:
A. [title] Add a little cheese for a bite-sized beverage. [step] While using bottled juice or distilled, the food scraps in the container will give your beverage the taste of distilled beer instead of water.
B. [substeps] Plastic water bottles are one of the best examples of how simple changes can create a big impact in your life. Not only is the water being sold not regulated as strictly as municipal drinking water sources, but the plastic mostly ends up in landfills.
C. [title] Cut a plastic scream box in half in the shape of a tool that allows you to slide your hand inside the box. [step] Put a drop of dye in each corner.
D. [substeps] This can help prevent the use of recycled containers. Fresh bottles contain bacteria and other contaminants that are harmful to the environment, if used responsibly.

Reply with exactly one uppercase letter out of A, B, C, or D.
",332
16424.0,Food and Entertaining,"[header] How to reshingle a roof [title] Remove old shingles. [substeps] Place a pitchfork, flat garden shovel or shingle scraper under the shingle. Pry the shingle from the roof.",B,"Context:
""[header] How to reshingle a roof [title] Remove old shingles. [substeps] Place a pitchfork, flat garden shovel or shingle scraper under the shingle. Pry the shingle from the roof.""

Which of the following endings best completes the context?

Choices:
A. Hit the shingle with the edge of your rake or screwdriver. Remove all shingles in one swoop.
B. The nails in the shingle should come up with the shingle when you pry it off. Remove all of the shingles on the roof.
C. Place old shingles on top of new shingles that are laying flat. Use your hands to pry off the shingle so you can reshingle to the ceiling.
D. Use a rake or tractor-bit to pull away the shingle. You can safely untack the shingle by rotating it in several directions.

Reply with exactly one uppercase letter out of A, B, C, or D.
",250
45225.0,Philosophy and Religion,[header] How to question your parents' religion [title] Find a time and place. [step] There are many feeling when it comes to religions. Some people can preach it to the whole universe with pride while others wish to practice in private and in peace.,D,"Context:
""[header] How to question your parents' religion [title] Find a time and place. [step] There are many feeling when it comes to religions. Some people can preach it to the whole universe with pride while others wish to practice in private and in peace.""

Which of the following endings best completes the context?

Choices:
A. If you're one of these, decide it is not just the religious stuff that's causing problems in your life. If this is the case, you'll have much more time to pursue this conversation, though, so get to it.
B. One way to understand why they feel their beliefs are unrooted in religion is to find a time and place where they can discuss it openly, away from anything else. [substeps] If you live far away, try searching in nature.
C. They may also argue passionately against being able to convert on a day-to-day basis. Either way, there's usually time to talk with your parents about your beliefs.
D. With these different feelings, it's necessary to put it into consideration. Usually, it is appropriate to ask your parents personal questions when it's just them and you.

Reply with exactly one uppercase letter out of A, B, C, or D.
",289
7354.0,Family Life,"[header] How to know if you are ready to get engaged [title] Make sure you're in love. [step] If you are considering getting engaged, you probably love your partner. But are you in love with them? There actually is a difference, and it is important.",C,"Context:
""[header] How to know if you are ready to get engaged [title] Make sure you're in love. [step] If you are considering getting engaged, you probably love your partner. But are you in love with them? There actually is a difference, and it is important.""

Which of the following endings best completes the context?

Choices:
A. Know what you feel for your partner and vice versa and find a way to communicate. [substeps] It can be romantic to fall head over heels for someone.
B. [substeps] Since you have been dating for a long time, you should have thought deeply about what you want out of your partner. Do not make hasty romantic decisions-you may end up breaking up with them eventually and this is when your doubts appear.
C. [substeps] There are several differences between being in love and loving someone. When you are in love, you likely want to be physically intimate with your partner.
D. If you really love each other, you love your partner. [title] Remember that you don't have to use alcohol to get engaged.

Reply with exactly one uppercase letter out of A, B, C, or D.
",276
24180.0,Computers and Electronics,"[header] How to add text in photoshop [title] Select the type tool from the tools palette. [step] It looks like a "" t. "" click on the icon, or simply press "" t "" on your keyboard to bring up the text tool. Now, anywhere you click in your image will allow you to start adding type.",A,"Context:
""[header] How to add text in photoshop [title] Select the type tool from the tools palette. [step] It looks like a "" t. "" click on the icon, or simply press "" t "" on your keyboard to bring up the text tool. Now, anywhere you click in your image will allow you to start adding type.""

Which of the following endings best completes the context?

Choices:
A. [title] Set your text settings using the menu at the top of the screen. [step] Once you click the text tool, a bunch of options will appear at the top of photoshop allowing you to choose the color, font, size, and alignment.
B. [title] While you are drawing, type your text into the list menu. [step] This will bring up a list of options for each element in your image.
C. [substeps] This will allow you to choose text from any text palette. If you accidentally hit a button during the selection process, press "" x "" and then "" y "" on your keyboard to go back to the normal selection menu.
D. [title] Choose text in the text tool tool grid. [step] The smaller the area on your grid, the more text will appear on it.

Reply with exactly one uppercase letter out of A, B, C, or D.
",300
27418.0,Home and Garden,[header] How to muffle a fan [title] Check that the fan's blades are evenly spaced and aligned. [step] Bend any blades out of position back into place. Do this very carefully as the blades could snap.,A,"Context:
""[header] How to muffle a fan [title] Check that the fan's blades are evenly spaced and aligned. [step] Bend any blades out of position back into place. Do this very carefully as the blades could snap.""

Which of the following endings best completes the context?

Choices:
A. [title] Oil a fan's motor bearings if you hear a grinding, ticking or rubbing noise as the fan spins. [step] Use a non-detergent motor oil that is lightweight.
B. [title] Find a steady, sturdy object to hold onto. [step] A box, coffee can, or some other kind of flat surface will make it much easier to hold the fan.
C. [title] Shut up any other fans that may be in the room. [title] Turn off all other fans in the room.
D. Also look at the connectors on the blades. Note if your blades are well grooved or not.

Reply with exactly one uppercase letter out of A, B, C, or D.
",252
34203.0,Pets and Animals,"[header] How to bond with an aloof dog [title] Play with your dog. [step] A good way to build a bond with an aloof dog is to play with them. Dogs love to run, chase, and chew.",B,"Context:
""[header] How to bond with an aloof dog [title] Play with your dog. [step] A good way to build a bond with an aloof dog is to play with them. Dogs love to run, chase, and chew.""

Which of the following endings best completes the context?

Choices:
A. Simple things like keeping your dog's teeth between your fingers and playing fetch will help him to feel comfortable having company while you play. [substeps] Plan on using toys specifically designed for dogs.
B. Incorporate these things into your interactions with your dog. You may have to coax them into playing because they're aloof, but keep working at it until the dog comes around.
C. If you notice an aloof dog playing with you, approach the dog with a' hi' and let them play together. In your own home, you should take the dog out for walks, socialize their owner, or just chat with them.
D. You can take your cool down with looking at them while playing with them. [substeps] You can simply play fetch with your dog while in the back yard.

Reply with exactly one uppercase letter out of A, B, C, or D.
",280
12167.0,Home and Garden,"[header] How to fire proof your home [title] Create a fireproof barrier. [step] One way to protect your home from fire is to create a border around your house that is essentially fireproof. Gravel and concrete on the ground help create a break line, such as driveways and patios.",C,"Context:
""[header] How to fire proof your home [title] Create a fireproof barrier. [step] One way to protect your home from fire is to create a border around your house that is essentially fireproof. Gravel and concrete on the ground help create a break line, such as driveways and patios.""

Which of the following endings best completes the context?

Choices:
A. What you are aiming for is where you would aim for the crowd rather than building a perimeter. [substeps] No matter which type of fence your house is built on, keeping the bikes in, weather permitting and windows sturdy makes it better to build a barrier.
B. Make sure that the floor, walls, and roof are secure. [title] Make sure the ac unit is up and running properly.
C. You can also use small, fire-retardant plants that grow close to the ground. [substeps] Some fire-resistant plants include california lilac, ornamental strawberry, yellow ice plant, french lavender, and california fuchsia.
D. Throw mulch in front of the wall, attaching it to fences and fences. This will prevent animals from entering and entering.

Reply with exactly one uppercase letter out of A, B, C, or D.
",301
25298.0,Health,[header] How to get rid of brown spots using home remedies [title] Apply lemon juice directly to spots. [step] Lemon juice contains an acid that may help break down melanin pigment and thus reduce the appearance of spots within a month or two. Vitamin c in lemons may directly bleach the skin as well.,D,"Context:
""[header] How to get rid of brown spots using home remedies [title] Apply lemon juice directly to spots. [step] Lemon juice contains an acid that may help break down melanin pigment and thus reduce the appearance of spots within a month or two. Vitamin c in lemons may directly bleach the skin as well.""

Which of the following endings best completes the context?

Choices:
A. [substeps] Mix 12 ounces (200 g) lemon juice with 99 percent water for a full 15 minutes. Then, soak a cotton ball in the mixture and apply the mixture to a stained area of your skin.
B. [substeps] Lemon juice is a very active chemical and can begin to lighten up skin tone. To apply the lemon juice directly to spot, pour the lemon juice directly onto the spot.
C. Lemon juice can also clear away makeup, but it's less effective compared to other approaches. [substeps] Lemon juice is the only known product available in both grocery and makeup salons for its antioxidant and protecting properties.
D. Cut a lemon into slices and place the slices directly on the brown spots. Leave it on for about 30 minutes and then rinse off with running water.

Reply with exactly one uppercase letter out of A, B, C, or D.
",339
7590.0,Health,"[header] How to be stubborn [title] Be firm about your demands. [step] If you want to be stubborn, then you have to know how to be firm about what you want. If you can't say what you want clearly, calmly, and with confidence, then you won't be able to be truly stubborn.",C,"Context:
""[header] How to be stubborn [title] Be firm about your demands. [step] If you want to be stubborn, then you have to know how to be firm about what you want. If you can't say what you want clearly, calmly, and with confidence, then you won't be able to be truly stubborn.""

Which of the following endings best completes the context?

Choices:
A. When you want to be stubborn, you need to make an effort to consistently stand up to your "" rules. "" this means putting up with unreasonable demands and being more direct.
B. [substeps] Don't push people away, try to make them feel as though they have to compromise to stay with you. If a co-worker asks you to work for them for free once, then you're ready to say no.
C. However, if people see that you're really serious about what you want, then they'll be much less likely to try to change your mind or to think you're a pushover. [substeps] Look people in the eye when you say what you want.
D. Usually, people will be more likely to challenge you when you consistently give in to strong demands. [substeps] Try each rule you set down earlier.

Reply with exactly one uppercase letter out of A, B, C, or D.
",313
14527.0,Family Life,[header] How to know when your child is old enough to babysit [title] Ask your child if this is something they'd like to do. [step] Interest is a prerequisite for babysitting. An interested babysitter is much more likely to be attentive.,C,"Context:
""[header] How to know when your child is old enough to babysit [title] Ask your child if this is something they'd like to do. [step] Interest is a prerequisite for babysitting. An interested babysitter is much more likely to be attentive.""

Which of the following endings best completes the context?

Choices:
A. In a school setting, you might ask if this is an option, but remember, you can always ask in social settings. [substeps] You might say, "" what's it like to babysit after school? How many hours per day do you usually babysit? "" [title] Confirm they'd be interested in the role.
B. They may wish to spend a certain amount of time finding a suitable babysitter, or it may be as simple as asking them "" would you like to babysit this day? "" [substeps] Many parents leave this portion out. [title] Talk to your child's parents.
C. If your child is not excited by the prospect of babysitting, it might not be the right time. [title] See if your child approaches you about it.
D. They'll appreciate that you've taken the time to think about a task. [substeps] Think about if your kids are ready for doing this sort of work, or aren't much older.

Reply with exactly one uppercase letter out of A, B, C, or D.
",340
4296.0,Youth,"[header] How to defend your right to give birth as a pregnant minor [title] Know your rights. [step] No one can force you to have an abortion, not even your parents. Your boyfriend can't, either.",B,"Context:
""[header] How to defend your right to give birth as a pregnant minor [title] Know your rights. [step] No one can force you to have an abortion, not even your parents. Your boyfriend can't, either.""

Which of the following endings best completes the context?

Choices:
A. You can't have an abortion if your boyfriend doesn't do what you're told. You can either have an abortion yourself or have someone else make the decision for you.
B. Although your boyfriend may also be the child's parent, he doesn't get a say in whether you have the baby or not. Accordingly, you should feel confident in your right to give birth, even if you are a minor.
C. By law, you are a witness to the healthcare provider's request to terminate the pregnancy. [substeps] Make sure you know how the doctor made you feel for the tubal procedure in that clinic.
D. You can and do give birth without being pressured into it, but telling your parents about this will form an extra barricade on your identity. You can also tell your parents if you're comfortable and/or are up for going to the hospital.

Reply with exactly one uppercase letter out of A, B, C, or D.
",298
1999.0,Finance and Business,"[header] How to lobby for a nonprofit organization [title] Contact legislators regarding specific bills. [step] The clearest example of direct lobbying occurs when you contact state, local, or national representatives and urge them to vote in a particular way on a particular piece of legislation. [substeps] If you contact them in the name of your nonprofit organization, the irs considers you to be lobbying on behalf of that organization directly.",C,"Context:
""[header] How to lobby for a nonprofit organization [title] Contact legislators regarding specific bills. [step] The clearest example of direct lobbying occurs when you contact state, local, or national representatives and urge them to vote in a particular way on a particular piece of legislation. [substeps] If you contact them in the name of your nonprofit organization, the irs considers you to be lobbying on behalf of that organization directly.""

Which of the following endings best completes the context?

Choices:
A. If you contact the president, the u.s. congress considers you lobbying on behalf of an oil or gas company.
B. The irs can challenge regular voting procedure if you're not careful. For example, suppose you and your spouse file a bill for a federal income tax credit.
C. You'll have to keep track of all costs associated with that lobbying effort. Communicating with legislative staff is considered the same as talking to that legislator in person.
D. In some instances, the secretary of state may impose similar guidelines to a federal government agency. You may be able to observe the improvement in previous elections by subpoenaing the names of district and county representatives.

Reply with exactly one uppercase letter out of A, B, C, or D.
",309
37503.0,Travel,"[header] How to time your trip to atlanta [title] Research and determine your purpose for visiting atlanta. [substeps] If you plan to visit the city's cultural attractions, such as the fernbank museum, the high museum, or cnn network studios (take a tour), it is best to visit these sites online and view hours of operation, current exhibits and admission details. [title] Consider the weather when planning outdoor activities.",C,"Context:
""[header] How to time your trip to atlanta [title] Research and determine your purpose for visiting atlanta. [substeps] If you plan to visit the city's cultural attractions, such as the fernbank museum, the high museum, or cnn network studios (take a tour), it is best to visit these sites online and view hours of operation, current exhibits and admission details. [title] Consider the weather when planning outdoor activities.""

Which of the following endings best completes the context?

Choices:
A. [substeps] There are numerous ways to settle into georgia during the winter. However, if you plan to visit the city in winter, the weather can bring out a scene in the city.
B. [step] Indoor resources require you to walk outdoors in a wide area. [substeps] If your national climate in atlanta is active, your united states subcontinent and indian states national, such as sears island are unlikely to be open.
C. [substeps] Atlanta earned the nickname' hotlanta' due to the sweltering summer temperatures. There are many outdoor events, festivals and attractions to enjoy in atlanta during the warmer fall, spring and summer months.
D. [substeps] If you plan to visit atlanta city, spend a few days packing for the chance of a massive visit, and see if the weather is comfortable. If the climate is arid or snowing, everything is okay.

Reply with exactly one uppercase letter out of A, B, C, or D.
",361
44003.0,Computers and Electronics,"[header] How to decorate a contemporary christmas tree [title] Assemble the things you'll need. [step] In particular, it is important to choose items that are elegant and reflect the beauty of christmas in winter : [substeps] White organza painted birch twigs snowflakes icicles crystal beaded garlands assortment of baubles and ornaments assortment of larger baubles and ornaments [title] Choose your lights. [step] Unwind your string of lights.",B,"Context:
""[header] How to decorate a contemporary christmas tree [title] Assemble the things you'll need. [step] In particular, it is important to choose items that are elegant and reflect the beauty of christmas in winter : [substeps] White organza painted birch twigs snowflakes icicles crystal beaded garlands assortment of baubles and ornaments assortment of larger baubles and ornaments [title] Choose your lights. [step] Unwind your string of lights.""

Which of the following endings best completes the context?

Choices:
A. Only use straight strings of lights at this stage since they are too heavy and will fall out anyway. Take your largest sheet and lay it over the front of your tree.
B. Led lights are a better option than regular fairy lights. If one led bulb goes out, the rest will still work unlike fairy lights.
C. This will give the finished tree its look, as well as prevent the lights from warping. [substeps] If you need bigger christmas lights, reshape your christmas lights to match the feel of your tree.
D. Wrap both beforehand and neatly to help your decorations stay put. Your lights should be separate from your ribbon or garland, and be tied together at the ends.

Reply with exactly one uppercase letter out of A, B, C, or D.
",316
19921.0,Youth,"[header] How to survive senioritis [title] Find, or make, a calendar with really big squares for each day. [title] Separate all the pages. [title] Post the pages, preferably all in one row, around your bedroom or other appropriate location.",B,"Context:
""[header] How to survive senioritis [title] Find, or make, a calendar with really big squares for each day. [title] Separate all the pages. [title] Post the pages, preferably all in one row, around your bedroom or other appropriate location.""

Which of the following endings best completes the context?

Choices:
A. [title] Keep a diary, and stick it on your bedside table! [step] Write down what happened in the first week, now you will remember that during the week you will be sick. Do not get stuck in the morning thinking "" i don't have a diary "".
B. [title] Color with a highlighter any day that you don't have school, even weekends. [title] Write down absolutely every deadline you need to meet, whether it's a homework assignment or the hours of your job, a band performance or a team sport practice, an application deadline or an interview.
C. [title] Subtract the day from 2 days of growth , 3 days of pain for any medical history of bone damage, and 3 days for physical health. [title] Decide how you feel! [step] The distance between those numbers will vary depending on your species and your family.
D. [step] Also apply that sleep print or graphic to your mattresses & sheets. Also write a "" report "" with the main articles, such as a summary of the semester of the year.

Reply with exactly one uppercase letter out of A, B, C, or D.
",353
42385.0,Health,"[header] How to lose back fat fast [title] Eat 3 healthy meals per day. [step] Each meal should have a healthy portion of fruits and vegetables, protein, and starches. Most people can benefit from reducing their regular portion sizes by half.",B,"Context:
""[header] How to lose back fat fast [title] Eat 3 healthy meals per day. [step] Each meal should have a healthy portion of fruits and vegetables, protein, and starches. Most people can benefit from reducing their regular portion sizes by half.""

Which of the following endings best completes the context?

Choices:
A. Talk to your doctor about how much you should eat before gaining weight. [substeps] Smaller meals can lead to excess weight.
B. [substeps] For breakfast, try a glass of milk with a bowl of oatmeal, or 2 boiled eggs with a slice of whole grain toast. Have half a cup of antioxidant-rich strawberries or blueberries on the side.
C. For most people, this will typically result in 150 b3 hours of activity a day. [substeps] Skipping meals, however, can cause muscle spasm, nausea, lower blood pressure, and sore throats, among other issues.
D. However, if you're on track for weight loss, you may want to increase your portion size. [substeps] Limiting your intake of refined carbohydrates can lead to nutrient deficiencies.

Reply with exactly one uppercase letter out of A, B, C, or D.
",319
29248.0,Youth,"[header] How to spend a night alone in your house [title] Finish your homework. [step] If your want to make the best use of your time, sit down with your textbooks, jotters and notes and give them your undivided attention. This is a good opportunity to work on any assignments you haven't completed, since you'll be able to study uninterrupted.",B,"Context:
""[header] How to spend a night alone in your house [title] Finish your homework. [step] If your want to make the best use of your time, sit down with your textbooks, jotters and notes and give them your undivided attention. This is a good opportunity to work on any assignments you haven't completed, since you'll be able to study uninterrupted.""

Which of the following endings best completes the context?

Choices:
A. There's no wrong way to study. However, if you find yourself finding your mind wandering, scan your syllabus or notes and examine them through your glasses, reading aloud to the book.
B. [substeps] Should you find yourself stuck, circle the problem and ask your parents or teacher about it the next time you have a chance. Be responsible and get your homework done before you begin enjoying other activities.
C. [substeps] There is no reason to wait two or three hours after you finish your homework to study. Actually, schedule an all-day study session where you can rest and focus.
D. [substeps] Don't give up if you're told to give up. That's a simple behavior that you should never be told to do.

Reply with exactly one uppercase letter out of A, B, C, or D.
",305
48582.0,Finance and Business,"[header] How to join the nsa [title] Explore your potential nsa career options. [step] Think over your skills and interests, and how they might fit in with the work being carried out by the agency. The nsa employs professionals of all kinds, including tech experts, mathematicians, engineers, linguists, and police and military personnel.",A,"Context:
""[header] How to join the nsa [title] Explore your potential nsa career options. [step] Think over your skills and interests, and how they might fit in with the work being carried out by the agency. The nsa employs professionals of all kinds, including tech experts, mathematicians, engineers, linguists, and police and military personnel.""

Which of the following endings best completes the context?

Choices:
A. No matter what your area of expertise may be, your foremost commitment should be the defense of national security. [substeps] If you're not sure where you might fit, use the job exploration tool on the nsa website to find out how your aptitudes can best be applied.
B. [substeps] Applying to these jobs is a great opportunity for you to network, as anyone who finds an agency to work in will have a professional network with the agency. You'll be able to network through the nsa's website, which is a great way to network from home.
C. Many nsa careers are also part of the nsa agency. Consider applying for either a the oval or the dhs career path.
D. You can find a list of blended professions from agent to agent in your local phone book, online or through the cia's website. [substeps] If all you are interested in are army recruits, start with army recruit use, which searches for helping power hires across the global networks.

Reply with exactly one uppercase letter out of A, B, C, or D.
",360
37864.0,Education and Communications,"[header] How to memorise the locations of countries on a world map [title] Use an up-to-date map. [step] Make sure that you are using an up to date map to study. Look for maps on reputable, regularly updated websites online, and print one out if you prefer to study a paper map.",C,"Context:
""[header] How to memorise the locations of countries on a world map [title] Use an up-to-date map. [step] Make sure that you are using an up to date map to study. Look for maps on reputable, regularly updated websites online, and print one out if you prefer to study a paper map.""

Which of the following endings best completes the context?

Choices:
A. You can use an up-to-date map that shows where the key points are. [title] Find internet resources that can help you memorise information.
B. [title] Study at the bottom of the page to study more easily on your child's world map. [step] Where a country is listed will depend on its location, but look for an up-to-date map that shows you where the most important places are.
C. Otherwise, consider buying a new map to study at an office supply store, book store, or online. [substeps] For instance, visit the national geographic website at http: // maps.nationalgeographic.com/maps for accurate, up-to-date world maps.
D. Finding a map of the countries on a world map is perhaps an easier way to familiarize yourself with the countries in it. [substeps] Be sure that your map can help you quickly and easily find airport terminals for countries on the map.

Reply with exactly one uppercase letter out of A, B, C, or D.
",328
27045.0,Computers and Electronics,"[header] How to use kaolin clay [title] Use it as a facial cleanser. [step] Kaolin can make a soothing, gently exfoliating facial cleanser. It is even mild enough to be used daily.",B,"Context:
""[header] How to use kaolin clay [title] Use it as a facial cleanser. [step] Kaolin can make a soothing, gently exfoliating facial cleanser. It is even mild enough to be used daily.""

Which of the following endings best completes the context?

Choices:
A. You should mix it into your facial cleanser daily for better results. [substeps] You can read reviews of kaolin clay product at suolin clay, book of kaolin clay 9574 [title] Use kaolin clay to moisturize.
B. To wash your face with kaolin, gently wet your skin with warm water. Massage a pinch of clay into your skin, letting it stand for about a minute.
C. Spray the cleanser over your facial and the cracks in your skin using circular motions. You can also combine kaolin clay with plain facial cleansers to create facial cleansing creams that contain kaolin.
D. [substeps] All you need to do is mash a teaspoon of kaolin clay and apply a small amount to your face. Avoid exfoliating for only a few minutes at a time, as this can make your skin visible.

Reply with exactly one uppercase letter out of A, B, C, or D.
",319
46365.0,Fixing bicycle,"A young brunette girl is standing as she holds onto a bike tire and white words on the screen appear that read ""bicycle clinic #1"" and ""alice griffith (double rock) june 25, 2011"". the video",D,"Context:
""A young brunette girl is standing as she holds onto a bike tire and white words on the screen appear that read ""bicycle clinic #1"" and ""alice griffith (double rock) june 25, 2011"". the video""

Which of the following endings best completes the context?

Choices:
A. stops and the girl begins to work some gears on the back wheel of the bike and undoes the bolt and let the tire go and peels the metal with an iron and snaps it off.
B. then pans over to a young girl showing how to smile on the side.
C. then cuts to the young blonde who is demonstrating various methods of straightening the tire and pointing to how it should be operated.
D. changes from color then eventually to black and white as people are working on different bikes and doing different things as people around them help or just watch, and sometimes children are shown watching them fix the bikes.

Reply with exactly one uppercase letter out of A, B, C, or D.
",251
42175.0,Food and Entertaining,[header] How to make lemon bars [title] Preheat your oven to 350 ° f (175 ° c). [title] Prepare 9 by13 inch (22.86 by 33.02 centimeters) baking pan. [step] The simplest way to prepare one is to lightly grease it.,C,"Context:
""[header] How to make lemon bars [title] Preheat your oven to 350 ° f (175 ° c). [title] Prepare 9 by13 inch (22.86 by 33.02 centimeters) baking pan. [step] The simplest way to prepare one is to lightly grease it.""

Which of the following endings best completes the context?

Choices:
A. Since you'll be cooking the bars in the oven, you don't need to grease your pan yet. [substeps] Alternatively, bake the bars in your preheated oven.
B. Use a rag or newspaper to line the pan with greased metal. [step] Mark where you want your bars to go and lay out a lightly greased palette.
C. If you plan on taking the bars out of the pan, line the pan with parchment paper instead be sure to leave some paper hanging over the sides. This way, you can use the excess paper like handles and lift the pastry out before you cut it.
D. You can grease the pan on the stovetop or inside with baking soda and cooking spray. Make sure to grease as evenly as possible so that the mixture will last much longer.

Reply with exactly one uppercase letter out of A, B, C, or D.
",320
39005.0,Food and Entertaining,[header] How to salt nuts [title] Put about 4 cups (907 g) of raw nuts in a glass bowl. [step] Cover the nuts with filtered water. Stir in 1 tablespoon (14. 78 ml) of sea salt until the salt is mostly dissolved.,A,"Context:
""[header] How to salt nuts [title] Put about 4 cups (907 g) of raw nuts in a glass bowl. [step] Cover the nuts with filtered water. Stir in 1 tablespoon (14. 78 ml) of sea salt until the salt is mostly dissolved.""

Which of the following endings best completes the context?

Choices:
A. Let the nuts soak in the water. The soaking time depends on the types of nuts you use.
B. Let the nuts rest in the water for about 5 minutes. [substeps] Optionally, you could use nuts already shelled and pitted, as they are flavorless.
C. [title] Let the mixture steep for 10 minutes. [step] Set the glass bowl aside so that the nuts can steep in the water for a few minutes.
D. [substeps] Sea salt works as a sealant on nuts like scallions, almonds, and walnuts. [title] Coat the nuts with the remaining water.

Reply with exactly one uppercase letter out of A, B, C, or D.
",276
30982.0,Health,"[header] How to use acupressure points for migraine headaches [title] Stimulate the third eye point. [step] Each acupressure point has many different names, those based in its ancient use and the more modern name, which is often a combination of letter and numbers. The third eye point, also called gv 24.5, helps relieve headache and head congestion.",D,"Context:
""[header] How to use acupressure points for migraine headaches [title] Stimulate the third eye point. [step] Each acupressure point has many different names, those based in its ancient use and the more modern name, which is often a combination of letter and numbers. The third eye point, also called gv 24.5, helps relieve headache and head congestion.""

Which of the following endings best completes the context?

Choices:
A. The gv spot is identified by an upward-curving line between the left eye intersection and the right eye intersection. [substeps] Refer to your doctor for the right eye intersection to help you figure out which spots to stimulate.
B. Grasp two teaspoons of honey and stir in one teaspoon of honey. Wait for the sugar to melt, then apply the honey to the third eye point.
C. Stimulate it by tilting your head to the right and pressing against a pressure point with your thumb and first first two fingers. Do not apply pressure for five minutes, then take a deep breath to repeat.
D. This point is found between the eyebrows, where the bridge of the nose connect to your forehead. [substeps] Press this point with firm, but gentle pressure for one minute.

Reply with exactly one uppercase letter out of A, B, C, or D.
",319
49919.0,Home and Garden,[header] How to clean a kitchen table [title] Wipe down the table with a damp washcloth. [step] Lightly moisten a washcloth and wipe it across the surface of the table. Use a microfiber cloth or an old t-shirt so that the cloth will collect dust and not leave any lint behind.,B,"Context:
""[header] How to clean a kitchen table [title] Wipe down the table with a damp washcloth. [step] Lightly moisten a washcloth and wipe it across the surface of the table. Use a microfiber cloth or an old t-shirt so that the cloth will collect dust and not leave any lint behind.""

Which of the following endings best completes the context?

Choices:
A. Again, damp cloths can also collect fibers, so wiping in this manner will minimize the surface from any stains. You can also apply rubbing alcohol to the cloth and wipe it down using circular motions.
B. [title] Use an old toothbrush to clean in any cracks of the table. [step] Dirt can fall into hairline cracks within the wood, so find an old toothbrush or buy one to use just for cleaning.
C. [substeps] Note that microfiber cloths are cleaner than t-shirts, and thus less likely to leave lint on the table. Before washing your table, set the table aside and let it sit for a few minutes.
D. [substeps] Do not use wet cloths as they create an irritating environment for germs. [title] Use warm water and a mild dish detergent.

Reply with exactly one uppercase letter out of A, B, C, or D.
",328
701.0,Computers and Electronics,[header] How to clean a laser printer [title] Turn the printer off and unplug it from its power source at least 1 hour prior to cleaning to cool it down and prevent electrical shock. [title] Open the printer to view the inner components. [step] .,A,"Context:
""[header] How to clean a laser printer [title] Turn the printer off and unplug it from its power source at least 1 hour prior to cleaning to cool it down and prevent electrical shock. [title] Open the printer to view the inner components. [step] .""

Which of the following endings best completes the context?

Choices:
A. [substeps] Review your owner's manual to determine how the printer should be opened. Some printers have latches; some open on a hinge; and others might require a screwdriver.
B. To locate the microsd clip, use a ctrl (stop) key in the power config box at the bottom of the printer, then left-click on the microsd clip. Then, find the access point that keeps the actual unit powered up.
C. [title] Replace the positive and negative charge ports on the inkjet printer. [step] You may need an additional pint (15.
D. There's a small plastic flap on the bottom of the printer (top of page with ink). Pull the flap back to let the printer unplug.

Reply with exactly one uppercase letter out of A, B, C, or D.
",284
36226.0,Food and Entertaining,[header] How to make haggis [title] Soak the stomach overnight. [step] You'll need to prepare your casing for the haggis the day before you want to make it. You can use sheep or beef stomach which is also called the bung.,D,"Context:
""[header] How to make haggis [title] Soak the stomach overnight. [step] You'll need to prepare your casing for the haggis the day before you want to make it. You can use sheep or beef stomach which is also called the bung.""

Which of the following endings best completes the context?

Choices:
A. [substeps] Soaking the belly around 3 to 4 days should make up about the bulk of the haggis. Be sure to heat the belly to be on the safe side as uneaten haggis is not very fresh and does not necessarily mean it is full.
B. Soaking the stomach will soften the well-cooked belly and also raise temperature, which will help your haggis to cook quickly. [substeps] Place the tray in the refrigerator overnight and cover with water.
C. Soak the belly and solid stomach for at least 20 to 30 minutes so they're fully cooked and still warm. [substeps] If you don't have a bung you can skip this step for other loin foods.
D. Place the stomach in cold salted water and let it sit overnight. [substeps] Soaking the stomach will soften it so that it's easier to fill and boil the next day.

Reply with exactly one uppercase letter out of A, B, C, or D.
",339
10423.0,Family Life,"[header] How to handle growing up milestones [title] Stay close when letting your child play alone. [step] Letting your child play in a, without your supervision is an important milestone. When you decide to let your child do this, stay close by so you can hear if there is a problem.",A,"Context:
""[header] How to handle growing up milestones [title] Stay close when letting your child play alone. [step] Letting your child play in a, without your supervision is an important milestone. When you decide to let your child do this, stay close by so you can hear if there is a problem.""

Which of the following endings best completes the context?

Choices:
A. Let your child know you are right in the other room. [substeps] This generally happens around a year and half to two years of age.
B. [substeps] If you go to the same sports team all the time, wait until he gets his first football pass and decide if you want to be closer. The two of you can let him turn the ball back in his hands or put the ball inside a pocket as a birthday present.
C. [title] Schedule some special events to celebrate milestones. [step] Parents often spend lots of time with their children during childhood.
D. Keep an eye on your child so you can offer verbal encouragement as they play. [substeps] For example, if your child says "" great job saving money, "" you can say, "" that sounds great "" or "" i'm glad we can help them out, too.

Reply with exactly one uppercase letter out of A, B, C, or D.
",307
15453.0,Health,"[header] How to make reed diffusers [title] Find a container with a narrow opening. [step] Begin assembling your reed diffuser by finding a suitable base container for the reeds. Look for a container that is about five to ten inches tall with a small opening made of ceramic, glass, stainless steel, earthenware or wood.",A,"Context:
""[header] How to make reed diffusers [title] Find a container with a narrow opening. [step] Begin assembling your reed diffuser by finding a suitable base container for the reeds. Look for a container that is about five to ten inches tall with a small opening made of ceramic, glass, stainless steel, earthenware or wood.""

Which of the following endings best completes the context?

Choices:
A. Do not use a plastic container, as essential oils can react with plastic. [substeps] A small opening at the top of the container ensures that minimal evaporation occurs.
B. You will place the reed diffuser at the bottom of the container. [substeps] To make fine wicks, you will need to place a paste-like material around the opening to support your wick as you perform the project.
C. A container with a narrow opening will allow you to grab your reed diffuser with confidence and ease. [substeps] You can be confident that the opening is wide enough to rest your reeds between your thumb and forefinger.
D. Ensure the bottom or rim of the container is small enough to hold the reed. [title] Squeeze the reeds until you hear a popping sound.

Reply with exactly one uppercase letter out of A, B, C, or D.
",309
25406.0,Food and Entertaining,"[header] How to store anaheim peppers [title] Look for peppers free of blemishes or wrinkles. [step] When selecting produce at the farmers market or local supermarket, check the skin and stem area for imperfections. Fresh peppers will be firm when you touch them, and have no evidence of mold near the stem.",A,"Context:
""[header] How to store anaheim peppers [title] Look for peppers free of blemishes or wrinkles. [step] When selecting produce at the farmers market or local supermarket, check the skin and stem area for imperfections. Fresh peppers will be firm when you touch them, and have no evidence of mold near the stem.""

Which of the following endings best completes the context?

Choices:
A. [title] Clean the peppers, but do not wash them. [step] If you are not using the peppers in a recipe immediately, do not wash them with water.
B. [substeps] If you have hard and twisted skin, avoid handling your peppers with your fingers. Wash your hands with soap or water and thoroughly wash your hands with warm water and antibacterial soap.
C. A green color is also a good sign of a healthy b&b. [title] Select fresh peppers for drier skins.
D. Also, the skin will flake when you drop a ripe pepper, which means that the pepper may be past its prime. [title] Remove the skin at the top of the peppers.

Reply with exactly one uppercase letter out of A, B, C, or D.
",294
7701.0,Health,"[header] How to deal with dog allergies [title] Talk to a doctor. [step] There are many treatments options regarding dog allergies. Also, unless you have been previously diagnosed, you should not assume allergies are related to your dog.",D,"Context:
""[header] How to deal with dog allergies [title] Talk to a doctor. [step] There are many treatments options regarding dog allergies. Also, unless you have been previously diagnosed, you should not assume allergies are related to your dog.""

Which of the following endings best completes the context?

Choices:
A. It is important to be there as soon as possible and be prepared to address any issues that have developed since your initial diagnosis. It is a good idea to get to the root of the problem right away rather than waiting until the symptoms pass completely; the sooner the vet can tell you the cause, the better.
B. The treatment for a dog allergy is not specifically certain, but a vet may be able to confirm or rule out the cause of the odor. It is often safer for people with allergies for extended periods of time.
C. The most important thing you should do is correct an allergy when it presents itself. If there is no treatment, the disease can spread quickly.
D. Have an allergy test to see if actually have an allergy to dander. [substeps] Say something like, "" i have an allergy and i think it's to the family pet.

Reply with exactly one uppercase letter out of A, B, C, or D.
",300
18781.0,Travel,"[header] How to avoid being disappointed by a budget cruise [title] Budget for added expenses. [step] If you book a budget cruise and expect to pay little during your trip, you are more or less signing up for disappointment. Budget cruises will require you to pay for soda, water, yoga classes, spa treatments, excursions, and internet access, amongst other expenses.",C,"Context:
""[header] How to avoid being disappointed by a budget cruise [title] Budget for added expenses. [step] If you book a budget cruise and expect to pay little during your trip, you are more or less signing up for disappointment. Budget cruises will require you to pay for soda, water, yoga classes, spa treatments, excursions, and internet access, amongst other expenses.""

Which of the following endings best completes the context?

Choices:
A. At minimum, you should plan ahead and do as much as possible on your trip. [substeps] For example, you may learn additional amenities during your trip such as a shuttle or ride.
B. Take a day trip with friends or family to identify activities to add. Also note that you also will want to plan travel expenses.
C. You can easily end up paying much more in added expenses than you paid for the cruise in the first place. [substeps] Find out the cost for typical on-board items such as water, soda, and internet access, and then integrate these costs into your trip budget.
D. Working with a financial planner or a walking guide can help you figure out how much to spend each week. [substeps] To get started, ask friends and loved ones to help you calculate the average credit limit and multiply your current credit limit to plan meals and snacks.

Reply with exactly one uppercase letter out of A, B, C, or D.
",335
50493.0,Home and Garden,[header] How to clean a raincoat [title] Check the label. [step] The care label is located on the inside of your raincoat near the collar. It includes information provided by the manufacturer on how to clean your raincoat.,D,"Context:
""[header] How to clean a raincoat [title] Check the label. [step] The care label is located on the inside of your raincoat near the collar. It includes information provided by the manufacturer on how to clean your raincoat.""

Which of the following endings best completes the context?

Choices:
A. There is no specific cleaning instructions that clearly say how to clean your raincoat. Keep an eye out on the outside of your raincoat, especially if you're using the method listed on the label.
B. A typical safety label might state that this is the safest to use and ask you to let it sit with you as you wear it. Because the manufacturer does not provide the information about cleaning a raincoat, you will not be exposed to certain fumes during the cleaning process.
C. You can read "" care "" or "" cleaning "" in the manual, and "" cleaning "" online. For example, some seous manufacturers may require that you wear an apron before cleaning it.
D. Once you've read the care label, follow its instructions closely in order to most effectively clean your raincoat. [title] Wash your raincoat in the washing machine.

Reply with exactly one uppercase letter out of A, B, C, or D.
",300
12593.0,Finance and Business,"[header] How to break a rental lease in kansas [title] Write an intent to vacate letter to your landlord. [step] The letter should but courteous, but clearly and firmly outline your desires and willingness to cooperate. You must give 30 days notice.",D,"Context:
""[header] How to break a rental lease in kansas [title] Write an intent to vacate letter to your landlord. [step] The letter should but courteous, but clearly and firmly outline your desires and willingness to cooperate. You must give 30 days notice.""

Which of the following endings best completes the context?

Choices:
A. This letter should be sent to the house in which you reside. Otherwise, you could be forced to vacate your entire unit.
B. [substeps] Ideally, your letter should contain a clear termination of your lease. If you make an excuse such as "" mrs.
C. [substeps] Be clear about the limitations of a written letter. You should be your character when writing it.
D. A letter may read as such: dear mr./ms. landlord name: as you know, due to reason, it is necessary for me to terminate my lease at address.

Reply with exactly one uppercase letter out of A, B, C, or D.
",246
2087.0,Personal Care and Style,"[header] How to add rose gold to your eyes [title] Use concealer to form your base. [step] You want your eyeshadow to stand out, as rose gold eyes should really pop. Always start with a concealer to form a nice base on which you'll place your eyeshadow.",B,"Context:
""[header] How to add rose gold to your eyes [title] Use concealer to form your base. [step] You want your eyeshadow to stand out, as rose gold eyes should really pop. Always start with a concealer to form a nice base on which you'll place your eyeshadow.""

Which of the following endings best completes the context?

Choices:
A. Use a liquid concealer to form a thin layer, so the eyeshadow won't move around too much. [substeps] If you added powder to your eyeshadow, you'll want to use heavier powder when making your base concealer.
B. [substeps] Dab the concealer all over your eyelids and into your brow bone. Gently rub the concealer into your eyelids until it's blended into your natural skin tone.
C. Make sure it's neutral or sheer. Then, blend in your setting powder by blending your mixture under your eyes until your eyeshadow sparkles.
D. Concealer is made of the matte layer of the color. Take your makeup artist's instructions and choose your concealer to form your base.

Reply with exactly one uppercase letter out of A, B, C, or D.
",293
9957.0,Home and Garden,"[header] How to learn cad design [title] Download a free software. [step] Find a software that is free to start learning there are plenty of them out there. Such like blender or autocad [substeps] If you are not sure what software is suitable for you, can try the trial version.",C,"Context:
""[header] How to learn cad design [title] Download a free software. [step] Find a software that is free to start learning there are plenty of them out there. Such like blender or autocad [substeps] If you are not sure what software is suitable for you, can try the trial version.""

Which of the following endings best completes the context?

Choices:
A. The us has integrated cad visual fabrication, such as cbp on all computer computers. Pay more attention to software like wordpress, audacity, metro and google docs.
B. If you are new to this, try a simple tutorial. Otherwise, try searching internet website, and then see if a user you know has a free program waiting for them.
C. [title] Once we have the software in hand, give it a try. [step] Try all the features, try the primitive shapes (cubes, spheres, etc), the tools and the rendering.
D. Versions like adobe, microsoft word, and microsoft excel will help you understand your work and your web interface for several weeks. [title] Acquaint yourself with your operating system.

Reply with exactly one uppercase letter out of A, B, C, or D.
",278
14195.0,Travel,"[header] How to file a quitclaim deed in nevada [title] Find sample forms. [step] You can find many quitclaim deeds on the internet. If you want to use one, then print it off and fill out the requested information.",A,"Context:
""[header] How to file a quitclaim deed in nevada [title] Find sample forms. [step] You can find many quitclaim deeds on the internet. If you want to use one, then print it off and fill out the requested information.""

Which of the following endings best completes the context?

Choices:
A. You can also hire an attorney to draft your quitclaim deed. [substeps] You can find a sample quitclaim deed here: https: // nevadaescrowofficer.com/downloads/sample-nevada-quitclaim-deed.
B. You also can use forms from another country. Your county office should have sample forms you can use.
C. You should check with your lawyer before beginning a quitclaim deed because one type of information is potentially the most important. [substeps] You can locate sample forms by calling up your lawyer and asking him or her to review all of the forms.
D. From the forms page, enter your state or zip code along with the date the record was published in the space provided. However, there are several forms you can use instead : [substeps] Form i-9434.

Reply with exactly one uppercase letter out of A, B, C, or D.
",294
4659.0,Sports and Fitness,[header] How to repair a ball mark [title] Purchase a ball mark tool. [step] This tool is normally made of plastic or metal and has 2 prongs on the end of it with a tab for you to hold. These tools can be purchased at your local sporting goods store or the golf course's pro shop for a minimal fee.,C,"Context:
""[header] How to repair a ball mark [title] Purchase a ball mark tool. [step] This tool is normally made of plastic or metal and has 2 prongs on the end of it with a tab for you to hold. These tools can be purchased at your local sporting goods store or the golf course's pro shop for a minimal fee.""

Which of the following endings best completes the context?

Choices:
A. [substeps] The hockey ball mark tool allows you to hold the football and throw the ball. If you are playing as a high limber, a ball mark tool can make things easier because it allows you to accurately assess the distance the ball hit the grass.
B. [substeps] You will need a long-toothed tool about 10 "" long/2.5 "" x10 "", depending on the size of the ball mark you are installing. It won't work on bigger balls.
C. [title] Stick the ball mark tool in the ground near the edge of the divot that was created by your golf ball. [step] Turn the tool and push the grass toward the center of the ball mark.
D. [substeps] If you are not sure what sort of ball mark tool you will be using, contact a golf course in your area in check on a local well-known dud. Usually, they will charge to repair balls mark.

Reply with exactly one uppercase letter out of A, B, C, or D.
",331
31035.0,Relationships,[header] How to avoid people you don't want to talk to [title] Keep a positive attitude. [step] Sometimes you may not want to talk to certain people because you feel uncomfortable in your surroundings. Take a deep breath and tell yourself that you are an enjoyable person to be around.,A,"Context:
""[header] How to avoid people you don't want to talk to [title] Keep a positive attitude. [step] Sometimes you may not want to talk to certain people because you feel uncomfortable in your surroundings. Take a deep breath and tell yourself that you are an enjoyable person to be around.""

Which of the following endings best completes the context?

Choices:
A. Remind yourself that you are entitled to your boundaries and it's ok to voice your feelings to feel comfortable. [substeps] Focus on what you want and what will make you happy.
B. [substeps] You can write down something positive that happened and see if you enjoy it. Think about what you used to like about yourself or what made you the person you are today.
C. [substeps] Remember that people were once human beings, too. Dwelling on the past can cause you to relive negative feelings, such as depression.
D. [title] Avoid people if you don't like them. [step] If you and a friend are just friends, let them go.

Reply with exactly one uppercase letter out of A, B, C, or D.
",268
25379.0,Food and Entertaining,[header] How to tell your date you want to see them again [title] Be direct. [step] Be clear and honest when asking someone for another date. Try to work through any nervousness and be direct with them so they get a chance to agree to see you again.,A,"Context:
""[header] How to tell your date you want to see them again [title] Be direct. [step] Be clear and honest when asking someone for another date. Try to work through any nervousness and be direct with them so they get a chance to agree to see you again.""

Which of the following endings best completes the context?

Choices:
A. Avoid stammering, stuttering, or speaking unclearly. Always try to be as clear and direct as you can when asking about the next date.
B. [substeps] Be direct and elaborate in your communication. Avoid generic words like "" yes "" or "" no "" to avoid seeming unsure or insecure.
C. [substeps] Make sure you remain calm and avoid the temptation to "" sugar coat "" those feelings with an excuse like, "" i enjoyed talking with you today "" or "" i enjoyed sitting next to you in the elevator "". Even if you feel nervous too, try this before asking someone out.
D. [substeps] Saying something like, "" thank you for feeling the chemistry. But i am going out of town for work right now so i could use some time to think about who i am going to see next.

Reply with exactly one uppercase letter out of A, B, C, or D.
",293
10681.0,Work World,"[header] How to apply for paternity leave [title] Read your employee handbook. [step] See if your company policies include the option of taking paternity leave. Keep in mind that if your employer offers any kind of maternity leave for new mothers, it is required by law to offer comparable paternity leave for new fathers.",C,"Context:
""[header] How to apply for paternity leave [title] Read your employee handbook. [step] See if your company policies include the option of taking paternity leave. Keep in mind that if your employer offers any kind of maternity leave for new mothers, it is required by law to offer comparable paternity leave for new fathers.""

Which of the following endings best completes the context?

Choices:
A. You will have no legal recourse if you are denied paternity leave. [substeps] Consult your handbook for the standard statement or guidelines on paternity leave.
B. Read your employer handbook closely to see if you and your employer have decided on the frequency and duration of a designated paternity leave. This is important, as you should bring this information with you to any applications.
C. [substeps] Employers must offer "" parental "" leave, not "" maternity "" or "" paternity "" leave. Benefits that are only available for use by one gender can give rise to discrimination lawsuits.
D. Look for any rules that might be put into place by the employer, including their knowledge of the maternity leave act. [title] Inquire about who wants to have paternity leave.

Reply with exactly one uppercase letter out of A, B, C, or D.
",313
2143.0,Work World,"[header] How to harvest radishes [title] Give the radishes time to mature. [step] Many varieties mature quickly, only needing as few as three weeks before they are ready to harvest and eat. Allow the radishes in your garden to mature, but once they mature, harvest them quickly.",C,"Context:
""[header] How to harvest radishes [title] Give the radishes time to mature. [step] Many varieties mature quickly, only needing as few as three weeks before they are ready to harvest and eat. Allow the radishes in your garden to mature, but once they mature, harvest them quickly.""

Which of the following endings best completes the context?

Choices:
A. [title] Choose bunches of your favorite radishes. [step] This is a good time to pick about one week after the last frost of the season has passed.
B. After they bloom, they will heat up and lay their eggs, which will fertilize your garden. [substeps] Get them in early spring for best results.
C. [substeps] Spring radishes mature quickly and tend to degrade quickly if left in the ground for a few days longer than necessary. Winter radishes can be neglected a little more since they take longer to mature and longer to spoil in the ground.
D. They will continue to grow, so wait until they mature rather than pick the biggest ones. [substeps] Radishes that lose their leaves quickly are considered all-year-old plants.

Reply with exactly one uppercase letter out of A, B, C, or D.
",295
17031.0,Family Life,"[header] How to pick music for a funeral [title] Take the venue into account. [step] If the memorial service is going to take place at a funeral home, you will be able to play almost any music that you like. However, if the service will be held at a religious establishment like a church, then you may be held to the traditions and restrictions of that religion.",C,"Context:
""[header] How to pick music for a funeral [title] Take the venue into account. [step] If the memorial service is going to take place at a funeral home, you will be able to play almost any music that you like. However, if the service will be held at a religious establishment like a church, then you may be held to the traditions and restrictions of that religion.""

Which of the following endings best completes the context?

Choices:
A. [substeps] Consult the venue's website for information regarding catholic worship practices and service requests in your area. Check the location of the funeral home beforehand.
B. Before choosing any music, however, consider the dynamics of the venue before purchasing music. [title] Check if the venue specifies rules and cleanliness.
C. Be sure to consult with a clergy member to discuss any possible rules in regards to music. [substeps] Even if you can't play particular songs during a service, you may be able to play them while people are entering/exiting.
D. [title] Take into account the location of the burial location. [step] Bury at an open-casket grave site, or in a bereavement cemetery.

Reply with exactly one uppercase letter out of A, B, C, or D.
",302
5272.0,Pets and Animals,"[header] How to diagnose heart failure in gerbils [title] Monitor your gerbil's weight. [step] Sudden weight gain can indicate heart failure in gerbils. Purchase a digital scale, and weigh your gerbil at least once a week.",C,"Context:
""[header] How to diagnose heart failure in gerbils [title] Monitor your gerbil's weight. [step] Sudden weight gain can indicate heart failure in gerbils. Purchase a digital scale, and weigh your gerbil at least once a week.""

Which of the following endings best completes the context?

Choices:
A. [title] Get veterinary attention if your gerbil has symptoms. [step] If your gerbil displays a sudden decrease in weight, then your vet may order an acc/zoster.
B. Some gerbils require a larger or heavier scale to monitor weight. Some gerbils may require a stockpile of pellets.
C. If you notice any significant weight gain, call a veterinarian as soon as possible. [substeps] To weigh your gerbil, place it on the scale and use your hands to brace the gerbil lightly without putting any pressure on the scale.
D. Use a warm, soapy water basin to check your gerbil's weight and for individual consideration. [substeps] As the gerbil ages, changes in weight will show up more easily on the scale.

Reply with exactly one uppercase letter out of A, B, C, or D.
",285
22353.0,Home and Garden,[header] How to save a dying rose bush [title] Scrape the bark off a branch to make sure it isn't completely dead. [step] Cut off a branch near the base of your rose bush. Carefully scrape the outside bark on the branch.,B,"Context:
""[header] How to save a dying rose bush [title] Scrape the bark off a branch to make sure it isn't completely dead. [step] Cut off a branch near the base of your rose bush. Carefully scrape the outside bark on the branch.""

Which of the following endings best completes the context?

Choices:
A. Leave the branch where you can clean it later. [substeps] [title] Inspect the branch for broken bark.
B. If there is green under the bark, that means that your rose bush is still alive and you'll be able to revive it. If the branch under the bark is brown, it means your rose bush is dead and you'll have to get a new one.
C. You should be able to see the dirt underneath. You may also see segments of bark not fresh.
D. [substeps] If your bush still looks dead, float the branch in water for half an hour before removing it. [title] Keep removing branches while your rose bush grows.

Reply with exactly one uppercase letter out of A, B, C, or D.
",262
11314.0,Food and Entertaining,"[header] How to measure a toddler for a bike [title] Gather the materials needed for taking your child's measurement. [step] You'll need measuring tape, a pencil, and a book or a ruler (or some other flat surface). [title] Have your child stand upright against a wall.",C,"Context:
""[header] How to measure a toddler for a bike [title] Gather the materials needed for taking your child's measurement. [step] You'll need measuring tape, a pencil, and a book or a ruler (or some other flat surface). [title] Have your child stand upright against a wall.""

Which of the following endings best completes the context?

Choices:
A. [step] Then measure around their torso, being careful to avoid their eye line. [title] Take your child's arms in front of you.
B. [step] Make sure she's sitting on the side of the wall with her feet flat on the ground, and she can balance. If you offer your child a chair to sit on for safety, look for low-traffic places to stand, such as cabinets or dressers.
C. [step] Their head should be facing straight ahead, and not tilted upwards or downwards, so you do not get a faulty measurement of their height. [substeps] Make sure their feet are side by side, with both feet firmly on the floor and their heels touching the wall.
D. [step] Having his or her feet still on the ground will allow him or her to look up. This will help him or her to grasp the book or ruler and commit to a certain point, whereas having the child standing on the wall will only require you to have one hand on the vertical surface.

Reply with exactly one uppercase letter out of A, B, C, or D.
",351
20945.0,Personal Care and Style,"[header] How to dress up bobby pins [title] Get some bobby pins, and slide them over the top of a sheet of paper. [step] Thicker paper, such as cardstock or an index card would work best for this, but you can use plain printer paper too. If you plan on painting several bobby pins the same color, consider separating them into small groups based on the color you will be painting them.",B,"Context:
""[header] How to dress up bobby pins [title] Get some bobby pins, and slide them over the top of a sheet of paper. [step] Thicker paper, such as cardstock or an index card would work best for this, but you can use plain printer paper too. If you plan on painting several bobby pins the same color, consider separating them into small groups based on the color you will be painting them.""

Which of the following endings best completes the context?

Choices:
A. [substeps] Avoid neon or vibrant colors when using bobby pins. Avoid thicker paper like cardstock, since the color will show through the paper.
B. [substeps] If you want to create a "" color blocked "" look, get some black bobby pins, and lay down strips of tape over them at various angles. [title] Paint the top of your bobby pins using a single stroke.
C. [title] Paint four bobby pins at once into each color. [step] If you want your bobby pins one color, try painting two or three in the same color.
D. [substeps] Use a pencil to draw the shapes you will be painting the bobby pins onto. Tape or stipple glue can work well for this.

Reply with exactly one uppercase letter out of A, B, C, or D.
",333
42937.0,Health,"[header] How to spot fake gucci sunglasses [title] Check the wording or spelling. [step] This is one of the quickest and easiest ways to tell if the glasses are fake. A fake pair might say "" inspired by "", "" like "", or simply misspell the word "" gucci.",A,"Context:
""[header] How to spot fake gucci sunglasses [title] Check the wording or spelling. [step] This is one of the quickest and easiest ways to tell if the glasses are fake. A fake pair might say "" inspired by "", "" like "", or simply misspell the word "" gucci.""

Which of the following endings best completes the context?

Choices:
A. "" look at every part of the sunglasses to check for misspellings. [title] Look at the inner side of the sunglasses.
B. "" the same is true if the identification was in the gucci strip. It might mean the sunglasses today are made of thinner, more flimsy materials, e.g., mesh or film.
C. "" get the pair from a reseller or another brand that has sold them or bought a new pair from them. If a pair does not have the hallmark "" inspired by "" on it, then a fake gucci sunglasses may be fake.
D. "" check the label on the packaging to determine the exact spelling of the sunglasses. [title] Judge whether or not the sunglasses are titled gucci or otherwise.

Reply with exactly one uppercase letter out of A, B, C, or D.
",302
47641.0,Relationships,"[header] How to be supportive of a friend with hiv [title] Educate yourself. [step] There are many myths surrounding the disease, and the first thing to do is understand the basic facts about hiv to best help your friend cope with the side effects. As you learn about hiv, also address your own biases, fears, and concerns.",B,"Context:
""[header] How to be supportive of a friend with hiv [title] Educate yourself. [step] There are many myths surrounding the disease, and the first thing to do is understand the basic facts about hiv to best help your friend cope with the side effects. As you learn about hiv, also address your own biases, fears, and concerns.""

Which of the following endings best completes the context?

Choices:
A. It's important to know how to tell a good person from a bad person so you can address them effectively without having to talk about them publicly. [substeps] If you feel you or somebody in your house is at risk for contracting the disease, assess the situation and determine if that is the case.
B. [substeps] Hiv stands for human immunodeficiency virus, meaning it affects the body's immune system and its ability to fight off disease. Hiv is not the same as aids, but it can develop into aids.
C. Support your friend by listening to what she thinks and stating your own : [substeps] "" everyone has hiv now, plus it's contagious "" "" so.... "" "" th's wrong, but there is nothing i can do about the disease.
D. [substeps] The more knowledge you have about the disease, the better equipped you will be to answer your friend's concerns. Some common false beliefs are that people should be hiv free only because they believe it is the only disease that will "" stop "" hiv.

Reply with exactly one uppercase letter out of A, B, C, or D.
",367
13861.0,Computers and Electronics,"[header] How to resize photos with image resizer for windows [title] Download image resizer. [step] Go to imageresizer. Codeplex.com on any web browser, and click on the download link for the setup file. [title] Install cdisplay.",D,"Context:
""[header] How to resize photos with image resizer for windows [title] Download image resizer. [step] Go to imageresizer. Codeplex.com on any web browser, and click on the download link for the setup file. [title] Install cdisplay.""

Which of the following endings best completes the context?

Choices:
A. [step] Once downloaded, make sure your software has sealbox installed. It is located directly below the image-resizing platform.
B. [step] Click the link for "" next "" to install the program. This will take you to a window where you can stream all of your photos (with current versions that include image resizer).
C. [step] It's the installation camera icon with a white image. Run to the installer, and follow the instructions given to download to your computer.
D. [step] Locate the downloaded file on your computer. The filename will be imageresizersetup.exe.

Reply with exactly one uppercase letter out of A, B, C, or D.
",240
41657.0,Grooming dog,"A woman is talking and in between there are clips playing of groomers grooming dogs, customers, dogs walking in the store, products and dogs walking in the store. the same clip of the exterior of the building that was shown in the beginning ,",D,"Context:
""A woman is talking and in between there are clips playing of groomers grooming dogs, customers, dogs walking in the store, products and dogs walking in the store. the same clip of the exterior of the building that was shown in the beginning ,""

Which of the following endings best completes the context?

Choices:
A. standing on the street and outside before begins to play and nuggets of gold are shown on the screen such as the rooftop detailing and a hula hoops logo.
B. then there are more clips taking place in studio showing dogs being groomed.
C. an advertisement, then more clips of groomers getting groomed by a groomer, a closing screen, and close ups of the dogs.
D. is the same exterior view that is shown at the end.

Reply with exactly one uppercase letter out of A, B, C, or D.
",209
18004.0,Home and Garden,"[header] How to measure light intensity [title] Understand photometers that measure lux and foot-candles. [step] These are units that describe the intensity of light on a surface, or. Photometers that measure this are usually what people are looking for when they want to set up a photo shoot, or test whether a room is too bright or too dim.",B,"Context:
""[header] How to measure light intensity [title] Understand photometers that measure lux and foot-candles. [step] These are units that describe the intensity of light on a surface, or. Photometers that measure this are usually what people are looking for when they want to set up a photo shoot, or test whether a room is too bright or too dim.""

Which of the following endings best completes the context?

Choices:
A. [title] Familiarize yourself with photometers over other techniques. [step] Photometers can be very versatile.
B. [substeps] Some light meters are specialized for different types of lighting. For instance, one may produce more accurate results when used to measure sodium lighting.
C. [title] Use an online article on how to determine lux and foot-candles. [step] Find an online article about how to calculate lux during a flash.
D. [substeps] Measure lux by adding one pound of light at a time to the scale of a standard candle. For example, for a 4.5 lb candle, a quarter pound weight of light would make a half pound candle.

Reply with exactly one uppercase letter out of A, B, C, or D.
",289
35435.0,Pets and Animals,"[header] How to teach your dog to do a high five [title] Find a quiet place to train your dog. [step] You will want to find an area to work with your dog that is as free from distractions as possible. By removing your dog from a noisy or busy location, you can help it to focus and learn how to high-five quickly.",A,"Context:
""[header] How to teach your dog to do a high five [title] Find a quiet place to train your dog. [step] You will want to find an area to work with your dog that is as free from distractions as possible. By removing your dog from a noisy or busy location, you can help it to focus and learn how to high-five quickly.""

Which of the following endings best completes the context?

Choices:
A. [substeps] Never train your dog for more than fifteen minutes at a time. This can cause your dog to become frustrated and hinder training efforts.
B. The best place will be a quiet space where it will not affect your dog's ability to focus and learn how to stay on task. [substeps] Have a mirror nearby where you have excellent view of your dog.
C. [substeps] A quiet, peaceful space is ideal, as you do not need to worry about your dog being distracted by the possibility of clicking under or around someone walking by. [title] Extend your training session to 10 minutes.
D. [substeps] Consider asking someone to help you train your dog. If you are playing fetch, for example, you can teach your dog to sit.

Reply with exactly one uppercase letter out of A, B, C, or D.
",298
36325.0,Finance and Business,[header] How to name a financial beneficiary [title] Decide who you want to receive each account's proceeds. [step] Who you choose as your beneficiary will likely depend on the type of the account and the amount of its proceeds. [substeps] Accounts with beneficiary designations can be the quickest and most efficient way to get money into the hands of the right people after your death.,B,"Context:
""[header] How to name a financial beneficiary [title] Decide who you want to receive each account's proceeds. [step] Who you choose as your beneficiary will likely depend on the type of the account and the amount of its proceeds. [substeps] Accounts with beneficiary designations can be the quickest and most efficient way to get money into the hands of the right people after your death.""

Which of the following endings best completes the context?

Choices:
A. If you want to collect money from your estate, you'll need to keep the proceeds equally distributed. [title] Determine the asset that will be used for your business.
B. However, you have to submit the information correctly and make sure it is up to date. For some accounts, it may have been that you chose a beneficiary when you opened the account without thinking much about it.
C. It is important to choose accounts with mutual funds that are intended for these collections purposes. Network with the people that you choose to name as a beneficiary in your own account.
D. [title] Ensure that you have a known financial institution. [step] The better you know about the financial institution, the faster you can get the money to the destination.

Reply with exactly one uppercase letter out of A, B, C, or D.
",304
42421.0,Home and Garden,"[header] How to use a speed square [title] Identify where the line should be drawn. [step] Depending on your project, decide where you need clear, concise lines to be drawn. Because the use of a speed square will vary depending on the project, create a plan specific to your needs and decide exactly where lines must be drawn.",B,"Context:
""[header] How to use a speed square [title] Identify where the line should be drawn. [step] Depending on your project, decide where you need clear, concise lines to be drawn. Because the use of a speed square will vary depending on the project, create a plan specific to your needs and decide exactly where lines must be drawn.""

Which of the following endings best completes the context?

Choices:
A. [substeps] As you draw the lines, include guidelines to help identify which lines need to be drawn. For example, one line could look like a stalk between each question or question.
B. Use the square to locate and mark studs, position floor joists, lay out stair stringers, determine roof pitches, any other project that is dependent on straight lines. [substeps] Creating a plan and knowing where you need the lines to be will help you plan ahead and make less mistakes.
C. [substeps] In a project, a specific shape will be drawn over the board. On paper, if you're drawing a square for a board game, it might be helpful to draw a circle around it.
D. [substeps] In the first line, place a bubble above a straight line, keeping the bubble level of the chart. The bubble should equal the square with a radius of 4 inches (10 cm).

Reply with exactly one uppercase letter out of A, B, C, or D.
",324
43969.0,Health,"[header] How to deal with temptation [title] Recognize potential temptation. [step] Temptation is all about self-control, and tempting situations are often about the conflict between immediate gratification and long-term goals. For example, if you're on a diet, you may be tempted to eat a delicious piece of cheesecake that's beckoning you from the deli case.",C,"Context:
""[header] How to deal with temptation [title] Recognize potential temptation. [step] Temptation is all about self-control, and tempting situations are often about the conflict between immediate gratification and long-term goals. For example, if you're on a diet, you may be tempted to eat a delicious piece of cheesecake that's beckoning you from the deli case.""

Which of the following endings best completes the context?

Choices:
A. Or if a friend offers to babysit your kids once school kicks off, you may be tempted to beat back or procrastinate. Ignore the craving when it strikes, and continue to eat for yourself.
B. As you meet in a bar at a club, you may be tempted to drink a sensible and healthy beverage. Understand what you're willing to enjoy in order to overcome temptations.
C. Immediate gratification would result from giving in to temptation and eating the cheesecake. However, giving in would also interfere with your long-term goal of becoming more healthy by avoiding high-sugar foods.
D. But tempting diets encourage choices to be made that make food irresistible. Resist these temptations by first identifying potential temptations that won't give you what you want.

Reply with exactly one uppercase letter out of A, B, C, or D.
",333
21019.0,Relationships,"[header] How to respond to guys on tinder [title] Send a brief response if he sends a short message. [step] If you are shy, but want to show interest, respond with something simple just to keep the conversation alive. You can add a hand-waving emoji if you want it to seem more friendly.",D,"Context:
""[header] How to respond to guys on tinder [title] Send a brief response if he sends a short message. [step] If you are shy, but want to show interest, respond with something simple just to keep the conversation alive. You can add a hand-waving emoji if you want it to seem more friendly.""

Which of the following endings best completes the context?

Choices:
A. Think about anything you have in common: maybe you have a mutual interest in astronomy, sports, or cooking. [title] Don't let him know you plan on hiking with him.
B. If the call goes to voicemail, or he picks up on the im message, he might have a very good idea of you and is interested in getting to know you. [substeps] Don't feel embarrassed by sending the emoji to him because it is probably easiest to deliver your response without your phone.
C. [substeps] If an ex does try to contact you, respond immediately with something like, "" unfortunately, i'm not available at this time. "" don't say things like, "" not sure where to find me.
D. This response will at least get you on his radar. [substeps] Respond with something like, "" hey eric! It's nice to meet you.

Reply with exactly one uppercase letter out of A, B, C, or D.
",324
25344.0,Health,[header] How to get support when you have a terminal illness [title] Bring someone to your medical appointments. [step] The shock of being given a terminal diagnosis can make it difficult for you to focus on the information that comes next. Rely on someone else whom you trust to remain relatively composed to provide a second set of ears to gather the information and advice you need going forward.,D,"Context:
""[header] How to get support when you have a terminal illness [title] Bring someone to your medical appointments. [step] The shock of being given a terminal diagnosis can make it difficult for you to focus on the information that comes next. Rely on someone else whom you trust to remain relatively composed to provide a second set of ears to gather the information and advice you need going forward.""

Which of the following endings best completes the context?

Choices:
A. [substeps] If you need help laying out resources or making a support list, call your local hospital or health office and ask if you can ask them to keep on a call for you. [title] Write a profile of your illness and post it up on your website.
B. You can create a summary of the information you will need on the clipboard. At first you should meet with your doctor or registered nurse to discuss your appointments.
C. [substeps] Ask trusted friends and family that you can rely on for advice when you're feeling sick or unwell. Feeling dependent on them will lessen your ability to focus on the information as effectively as possible.
D. [substeps] If your terminal diagnosis comes without warning and you are all alone at the appointment, ask if you can return within a few days along with your chosen support person. Make sure important information about your condition and your options is put in writing for your later reference.

Reply with exactly one uppercase letter out of A, B, C, or D.
",336
8184.0,Personal Care and Style,"[header] How to make a homemade (natural) protein hair mask [title] Mix the egg yolk and yogurt. [step] In a small bowl, beat the yolk from 1 egg. Next, add 6 tablespoons of plain yogurt, and use a spoon to mix until the ingredients are fully combined.",D,"Context:
""[header] How to make a homemade (natural) protein hair mask [title] Mix the egg yolk and yogurt. [step] In a small bowl, beat the yolk from 1 egg. Next, add 6 tablespoons of plain yogurt, and use a spoon to mix until the ingredients are fully combined.""

Which of the following endings best completes the context?

Choices:
A. [title] Add the rest of the ingredients, except for the milk and oil. [step] Once the amount of ingredients have been mixed, mix in approximately 2 egg yolks.
B. [title] Combine the walnuts and coconut oil. [step] Pour the mashed walnuts and coconut oil into a separate bowl and place it in the electric mixer with the speed dial on medium for about 3 minutes.
C. Place the mixture into a pan on medium heat and cook, stirring occasionally. [substeps] When the egg yolk mixture comes to a boil, stir in 2 tablespoons of powdered sugar.
D. [substeps] Egg yolk is rich in proteins and fats, so it helps strengthen and moisturize dry, brittle hair. In addition to protein, yogurt contains lactic acid, which helps remove dirt and product buildup while also moisturizing the hair.

Reply with exactly one uppercase letter out of A, B, C, or D.
",345
9013.0,Health,[header] How to eat out with diabetes [title] Time your meal to coincide with your insulin or medication. [step] It's best to eat at your normal meal times so that your blood sugar remains in the proper range. Tell your meal companions what time works best for you.,D,"Context:
""[header] How to eat out with diabetes [title] Time your meal to coincide with your insulin or medication. [step] It's best to eat at your normal meal times so that your blood sugar remains in the proper range. Tell your meal companions what time works best for you.""

Which of the following endings best completes the context?

Choices:
A. [title] Uneat if you notice any feeling like you're not eating. [step] As you eat your meal, focus on eating slowly.
B. [substeps] You should always follow up with your doctor when timing your meals. This helps your body understand that you're on their payroll.
C. [substeps] If you're diabetic you may not eat six meals a day. However, it's okay to eat six meals if you have diabetes, as long as you eat enough so that you can monitor your blood sugar.
D. [substeps] You could say, "" my normal dinner time is 6:00 p.m., so i'll need to eat around that time to keep my blood sugar stable. "" schedule work lunches during your normal lunch hour.

Reply with exactly one uppercase letter out of A, B, C, or D.
",301
45586.0,Finance and Business,"[header] How to short sale a home [title] Determine if you will qualify for a short sale based upon your lenders guidelines. [step] A realtor, attorney, or your lender can help you with this by answering a few questions. A comparable market analysis (cma) or appraisal can be ran to determine the market value of the property.",C,"Context:
""[header] How to short sale a home [title] Determine if you will qualify for a short sale based upon your lenders guidelines. [step] A realtor, attorney, or your lender can help you with this by answering a few questions. A comparable market analysis (cma) or appraisal can be ran to determine the market value of the property.""

Which of the following endings best completes the context?

Choices:
A. A comparable market analysis typically values the value of the home along with the fixed number. The resulting market value is based on fixed numbers such as the number of bedrooms and bathrooms.
B. Your lender can provide this information to you before you make your purchase. [substeps] Lenders are required to provide the year you purchased the home to determine the fair market value.
C. Lenders realize that there are many factors that contribute to a potential default. Many lenders are eager to head off future problems at the pass.
D. Determine whether you are able to convince your lender, attorney, or lender that a short sale is a good option. A cma can also help you compare rates and determine what repairs can be made to the home.

Reply with exactly one uppercase letter out of A, B, C, or D.
",296
29175.0,Personal Care and Style,[header] How to be curious [title] Read widely. [step] Choosing something you are already interested in makes it easy to start becoming more curious. Reading is one of the best ways to widen your knowledge base.,A,"Context:
""[header] How to be curious [title] Read widely. [step] Choosing something you are already interested in makes it easy to start becoming more curious. Reading is one of the best ways to widen your knowledge base.""

Which of the following endings best completes the context?

Choices:
A. There are books and articles written on every conceivable topic, from politics, to cooking, to gardening. Think about your interests, and choose one to start learning about.
B. [substeps] If you are not already old enough to read the human food market, read blogs, books, and magazine articles. You can decide which articles are good for you.
C. Learn as much as you can about math, science, and technology. If you have a lot of free time, you can learn things like physics, world history, and geography! [title] Enjoy the learning.
D. You can check out blogs, magazines, newsletters, and even online opinions to increase your curiosity. Find a way to build learning skills, however, and you may discover that curiosity isn't all about the world.

Reply with exactly one uppercase letter out of A, B, C, or D.
",275
14979.0,Pets and Animals,"[header] How to stop your dog from waking you up at night [title] Consult a veterinarian about behavioral changes. [step] If your dog is waking you up more than it used to, a medical problem could be affecting its sleep or stress levels. Visiting a vet is an excellent first step so you can rule out this possibility, or catch problems early.",D,"Context:
""[header] How to stop your dog from waking you up at night [title] Consult a veterinarian about behavioral changes. [step] If your dog is waking you up more than it used to, a medical problem could be affecting its sleep or stress levels. Visiting a vet is an excellent first step so you can rule out this possibility, or catch problems early.""

Which of the following endings best completes the context?

Choices:
A. [title] Pay attention to how your dog reacts. [step] Your dog might become aggressive if it becomes hyper when you wake it up.
B. [substeps] Dogs sleep the most at night and require rest. If your dog is repeatedly waking you up at the same time-at night, at a certain time of day, or in the morning-then your dog is more likely to wake you up.
C. It does also give you the opportunity to keep an eye on its behavior. [substeps] Some veterinarians recommend that dogs in their care do not wake up in the middle of the night.
D. Even if your pet is not sick, a vet can help you pinpoint the cause. [substeps] Any significant change in behavior or sleep schedule could be a sign of a medical problem.

Reply with exactly one uppercase letter out of A, B, C, or D.
",311
2000.0,Computers and Electronics,[header] How to add business cards as iphone contacts with google goggles [title] Follow steps 1-6 of how to download google goggles to download the app to your device. [title] Tap the google goggles icon from the home screen to launch the app. [step] You will automatically be taken to your device's camera from within the app.,A,"Context:
""[header] How to add business cards as iphone contacts with google goggles [title] Follow steps 1-6 of how to download google goggles to download the app to your device. [title] Tap the google goggles icon from the home screen to launch the app. [step] You will automatically be taken to your device's camera from within the app.""

Which of the following endings best completes the context?

Choices:
A. [title] Snap a photo of a business card using the onscreen shutter button or your device's hardware shutter. [step] The app will now take a few seconds to analyze the image.
B. [title] Tap the united states/international code icon from the bottom menu panel of the app. [step] It resembles a blue circle in the upper-left corner of the app window.
C. [title] Tap the "" about "" button located at the bottom of the app. [step] This will bring out more health information on the device.
D. [title] Tap the bar by the icon on the upper right corner of the app (from the google goggles screen) on the menu. [title] Tap the cloud icon at the bottom right corner of the camera screen to view the privacy menu.

Reply with exactly one uppercase letter out of A, B, C, or D.
",316
35692.0,Health,"[header] How to avoid going to a mental hospital [title] Seek treatment. [step] Try to look at yourself and your situation from an unbiased point of view. Even if the idea of going in for professional help is scary or uncomfortable, it will likely help improve your quality of life.",B,"Context:
""[header] How to avoid going to a mental hospital [title] Seek treatment. [step] Try to look at yourself and your situation from an unbiased point of view. Even if the idea of going in for professional help is scary or uncomfortable, it will likely help improve your quality of life.""

Which of the following endings best completes the context?

Choices:
A. You may be able to suggest that you see a doctor but while it might be less helpful, it could sometimes help to consult a psychiatrist. [substeps] If you are afraid that you might experience hypothyroidism or hyperthyroidism, while this may seem negative, it is actually incredibly unlikely.
B. Try to keep an open mind on the subject, and if possible, make the decision for yourself. Seeking psychotherapy from a mental health professional can help you avoid the more drastic measure of entering a mental hospital.
C. It will also be worth it to make an effort to know why the patient was in your hospital. [substeps] It may be easier to get a professional opinion of possible mental health issues after a major diagnosis, but that is not always the case.
D. [substeps] Make sure that you are aware of your emotions in the statements you use. Don't just affirm your feelings about a memory or situation.

Reply with exactly one uppercase letter out of A, B, C, or D.
",322
49428.0,Health,"[header] How to avoid germs [title] Take a shower shortly after being around someone who is sick. [step] Use antibacterial soap if the person was unwell with a contagious condition. There's no need to do this if you've been around a person sick with something non-communicable, like cancer, or a migraine.",A,"Context:
""[header] How to avoid germs [title] Take a shower shortly after being around someone who is sick. [step] Use antibacterial soap if the person was unwell with a contagious condition. There's no need to do this if you've been around a person sick with something non-communicable, like cancer, or a migraine.""

Which of the following endings best completes the context?

Choices:
A. [title] Avoid using other people's food utensils. [step] Never eat off someone else's plate or drink their beverage.
B. Using one of these antibacterial soaps or bathing outside the bathroom allows bacteria to set in and make you more confident that the person will have a good time. [title] See a doctor if you have a virus.
C. When making a cold wash with cold water, be gentle and avoid combining cold water with any soap. [substeps] Avoid putting any clothes or linens in a warm tub after a cold wash for the same reason.
D. [substeps] Steam a tea made from water and fresh flower leaves or place 3 leaves in a cup of warm soapy water (tea cups are sometimes made as sandwiches). You can use this to wash your face and body.

Reply with exactly one uppercase letter out of A, B, C, or D.
",318
21190.0,Work World,[header] How to become an hr generalist [title] Enroll in an undergraduate human resources program. [step] Most entry-level hr positions require candidates to have a bachelor's degree in hr or a related field. Having your degree will also shorten the number of years of experience you'll need before you can become an hr generalist.,C,"Context:
""[header] How to become an hr generalist [title] Enroll in an undergraduate human resources program. [step] Most entry-level hr positions require candidates to have a bachelor's degree in hr or a related field. Having your degree will also shorten the number of years of experience you'll need before you can become an hr generalist.""

Which of the following endings best completes the context?

Choices:
A. [substeps] Going into hr related programs can be especially beneficial if you are a good candidate for a position. These programs typically require more work experience than regular hr duties, and the program requires a bachelor's degree or similar degree.
B. [substeps] Medical robotics, computer programming, and entry-level office work experience are the minimum levels of php accepted by the php licensing board (nftp). [title] Enroll in a master's php program at the php licensing board website.
C. As an hr generalist, you'll need to be familiar with all aspects of hr, so take as many hr courses as you can when you're getting your degree. [title] Get your master's degree so you have a better chance of getting the job.
D. [substeps] Learn about core hr industries and take courses that are specific to your field. These courses can help you get into the field of hr and elongate your studies if you really want to work in the field.

Reply with exactly one uppercase letter out of A, B, C, or D.
",348
17325.0,Computers and Electronics,[header] How to fix a lcd monitor power problem [title] Remove the stand first. [step] It uses 4 screws and can be easily removed from the back of the monitor. This is shown by the red arrows in the picture.,B,"Context:
""[header] How to fix a lcd monitor power problem [title] Remove the stand first. [step] It uses 4 screws and can be easily removed from the back of the monitor. This is shown by the red arrows in the picture.""

Which of the following endings best completes the context?

Choices:
A. [title] Lift up the chair next to the position of the monitor, with the screw tight, up towards the top of the screen. [step] Once the screw is off the monitor, release the disconnect connections from the usb port.
B. [title] Lay the monitor down carefully, backside up. [step] Remove the other 4 screws that are holding down the case.
C. [title] Remove the screw holder on 1 end of the usb cable and remove 4 fasteners on the back. [step] ( feed through usb slots on the back.
D. Remove as much as you need to and replace the screw with a new screw. [title] Remove screws of the back of the monitor.

Reply with exactly one uppercase letter out of A, B, C, or D.
",271
11911.0,Home and Garden,"[header] How to clean sunbrella cushions [title] Check for a manufacturer's label. [step] Examine your cushion seams-the manufacturer's care label is usually sewn into one of them. If your cushion still has a care label attached, read the instructions provided before you proceed with cleaning.",D,"Context:
""[header] How to clean sunbrella cushions [title] Check for a manufacturer's label. [step] Examine your cushion seams-the manufacturer's care label is usually sewn into one of them. If your cushion still has a care label attached, read the instructions provided before you proceed with cleaning.""

Which of the following endings best completes the context?

Choices:
A. If you see your cushion having a care label on it, check it again to make sure it actually has a care label attached, or that your cushions were properly washed before you put them back on. If you ever don't see a care label label handy, ask a retailer for a care label.
B. [substeps] If your cushion does not have a care label, look for a mold-resistant sticker on it or print it onto scrap fabric. Mold-resistant stickers can sometimes damage the material beneath.
C. [substeps] Some cushions may only list repairs on the manufacturer's label; others may only list treatments. If your cushion is old or worn, and decals are often covered by the manufacturer's care label, consult an upholstery care label.
D. Make sure you stay within those guidelines, or you may void your warranty. [title] Create a mild soap and lukewarm water cleaning mixture.

Reply with exactly one uppercase letter out of A, B, C, or D.
",353
50572.0,Education and Communications,"[header] How to use its and it 's [title] Use "" its "" to indicate possession. [step] When the pronoun is "" it, "" the possessive form is "" its. "" like the possessive determiners "" hers "" and "" his, "" "" its "" doesn't need an apostrophe to indicate possession.",C,"Context:
""[header] How to use its and it 's [title] Use "" its "" to indicate possession. [step] When the pronoun is "" it, "" the possessive form is "" its. "" like the possessive determiners "" hers "" and "" his, "" "" its "" doesn't need an apostrophe to indicate possession.""

Which of the following endings best completes the context?

Choices:
A. Likewise, it doesn't need an apostrophe to indicate ownership of a particular object. Therefore, rather than relying on the possessive name "" its, "" it should address a specific object.
B. So will "" her "" be "" hers ""? Titles like "" hers "" are "" hers "". [title] Use "" its "" to also verify that you are the owner of the product.
C. Write "" its "" to describe something that belongs to, or is a part of, an animal, plant or inanimate object. Some example sentences may include : [substeps] My oak tree loses its leaves in autumn.
D. This step is useful if you have a tense, agitated, angry tense or the other way around. [substeps] An apostrophe is added to "" its, "" and it is used as an apostrophe.

Reply with exactly one uppercase letter out of A, B, C, or D.
",307
45113.0,Computers and Electronics,"[header] How to remove your social media from google search results [title] Get the url of the page or website which you want to request the removal of. [step] The url can usually be found at the address bar (also known as, location bar or url bar) of a browser. [title] Go to google's content removal page : [title] Log-in to your google account.",D,"Context:
""[header] How to remove your social media from google search results [title] Get the url of the page or website which you want to request the removal of. [step] The url can usually be found at the address bar (also known as, location bar or url bar) of a browser. [title] Go to google's content removal page : [title] Log-in to your google account.""

Which of the following endings best completes the context?

Choices:
A. [step] Click the "" create a new "" link at the top of the page to continue to the next section. [title] Go to the site that has been deleted or like to deleted by a stranger.
B. [title] Go to the username (optional) and password currently logged into your google account. [step] Your id will be displayed in the search field.
C. [step] Generally, this will be with the url your google searches are looking for. You will have to enter your google id and password to take this step.
D. [step] If you don't have one, you will have to create a new one to access the content removal page. [substeps] A google account is the same as a gmail account.

Reply with exactly one uppercase letter out of A, B, C, or D.
",293
16912.0,Computers and Electronics,"[header] How to convert a libreoffice spreadsheet into a database for mail merge documents [title] Put all your mail merge information into a spreadsheet file (. Ods). [substeps] Put headings in the first row to serve as labels for your information. An example of headings would be the words "" firstname "", "" lastname "", "" address "", "" state and zip "".",B,"Context:
""[header] How to convert a libreoffice spreadsheet into a database for mail merge documents [title] Put all your mail merge information into a spreadsheet file (. Ods). [substeps] Put headings in the first row to serve as labels for your information. An example of headings would be the words "" firstname "", "" lastname "", "" address "", "" state and zip "".""

Which of the following endings best completes the context?

Choices:
A. Put all your mail merge information into a word processing program with just a few keystrokes. Save your new url and press "" save.
B. Fill columns with the actual data that will be merged into your document, one contact per row. The contact data should match the first row header.
C. Place enough headings in each list, that the spreadsheet is called a database. If you align the headings with rules defined by the formatting system, then you can see the significance of your database.
D. Here's how to identify them correctly: an "" l "" means a web address, and vice versa. Have a separate server for your private ip address and a separate server for your individual email.

Reply with exactly one uppercase letter out of A, B, C, or D.
",280
13296.0,Food and Entertaining,"[header] How to feed a lory or lorikeet [title] Purchase pre-made nectar from a pet store. [step] Nectar is the main source of food for lorikeets kept in captivity. Without nectar, your lorikeet will not thrive and could possibly die.",B,"Context:
""[header] How to feed a lory or lorikeet [title] Purchase pre-made nectar from a pet store. [step] Nectar is the main source of food for lorikeets kept in captivity. Without nectar, your lorikeet will not thrive and could possibly die.""

Which of the following endings best completes the context?

Choices:
A. [substeps] An alternative to natural nectar is chick eggs. Babies can eat these, but only after they have pupated.
B. To serve your lory nectar, simply follow the directions on the product you purchase. Some popular types of products include : [substeps] Liquid foods that don't require you to add water.
C. Buy pre-made nectar yourself from a pet store. Choose a quality nectar that has high glucose content.
D. [substeps] The amount of nectar you provide as the food will depend on the type of bird you're raising. Non-canlaying lorikeets, for example, usually require about one cup of nectar per bird, while young lorikeets can receive just as much nectar.

Reply with exactly one uppercase letter out of A, B, C, or D.
",300
38081.0,Computers and Electronics,[header] How to make a brochure in adobe illustrator [title] Prepare your file by making it print ready. [substeps] Create a letter size document (11x8.5 inches) and change the document color mode to cmyk. You can do this by going to file] document color mode] cmyk color.,B,"Context:
""[header] How to make a brochure in adobe illustrator [title] Prepare your file by making it print ready. [substeps] Create a letter size document (11x8.5 inches) and change the document color mode to cmyk. You can do this by going to file] document color mode] cmyk color.""

Which of the following endings best completes the context?

Choices:
A. Click on view in the lower right hand corner of the document. Go to format] insert, typewrite or import image.
B. Add color swatches such as red, pink, green, yellow and dark yellow. Keep in mind that you can also choose your own colors.
C. Paste this document to a toolbar and ensure that the font is in the right color blue and black. [title] When the page has been edited be you erasing jotting in a bunch of text and using lines for special overviews [title] Go to photoshop and cut out the documents.
D. [title] Create a text code, if needed, and change the font color to 2501.256 (1689). [title] Paste the picture image into the text code and save.

Reply with exactly one uppercase letter out of A, B, C, or D.
",300
16399.0,Family Life,"[header] How to start walking for exercise [title] Find a good place to walk. [step] Generally, the locations for walking have a flat terrain, straight path, smooth surface and minimal traffic. The convenient choice would be the neighborhood around your block, but if the road is too steep, curvy or just not what you're looking for, you might want to consider other areas around your town.",B,"Context:
""[header] How to start walking for exercise [title] Find a good place to walk. [step] Generally, the locations for walking have a flat terrain, straight path, smooth surface and minimal traffic. The convenient choice would be the neighborhood around your block, but if the road is too steep, curvy or just not what you're looking for, you might want to consider other areas around your town.""

Which of the following endings best completes the context?

Choices:
A. [substeps] Bicycle routes are typically also good options. If you're a beginner, the chances are good you'll find a local trail that's easy to follow.
B. [substeps] Ensure you are wearing appropriate footwear as walking puts a bit of pressure on your feet which can cause pain. Also, be sure you are wearing the correct footwear for the weather.
C. [substeps] If possible, find a public park. You might even want to stop in an actual parking lot in your neighborhood.
D. [substeps] You want a place that has a lot of traffic, not an area where people might be stopping. This can take a bit of time and effort, so find a safe and distraction free area to walk.

Reply with exactly one uppercase letter out of A, B, C, or D.
",304
14866.0,Computers and Electronics,"[header] How to configure voip using the cisco phone adapter [title] Connect the device, power supply and phone set. [step] Plug in the power supply then connect the device into your broadband router or gateway with an ethernet cable and your phone into port 1. You should see the green lights.",C,"Context:
""[header] How to configure voip using the cisco phone adapter [title] Connect the device, power supply and phone set. [step] Plug in the power supply then connect the device into your broadband router or gateway with an ethernet cable and your phone into port 1. You should see the green lights.""

Which of the following endings best completes the context?

Choices:
A. [title] Connect the ethernet (green) to your wi-fi port and the internet to wi-fi port 1. [step] The lan adapter should be compatible with the router.
B. [title] Connect the device to the router. [step] You should see' power' icons on the back of the phone.
C. [title] Find your device's ip address. [step] Once the device is powered and connected, pick up the phone handset and dial * * * * (four stars) for the configuration menu.
D. For the iphone, the power supply is charging. Do not attempt to disconnect it at this point.

Reply with exactly one uppercase letter out of A, B, C, or D.
",264
45172.0,Health,"[header] How to prevent headaches after air travel [title] Try ibuprofen. [step] Oftentimes, headaches that occur during or after flight are due to a sudden change in altitude. The painkiller ibuprofen may effectively prevent altitude related headaches before they begin.",D,"Context:
""[header] How to prevent headaches after air travel [title] Try ibuprofen. [step] Oftentimes, headaches that occur during or after flight are due to a sudden change in altitude. The painkiller ibuprofen may effectively prevent altitude related headaches before they begin.""

Which of the following endings best completes the context?

Choices:
A. [substeps] To make sure ibuprofen is safe for you, purchase ibuprofen in the main aisle of your car. To take it, only apply to the wound, or pull it out before you hit the ground.
B. [substeps] Follow the steps above for ibuprofen. If you do not already have a painkiller, purchase one in health food stores.
C. Only use an effective ibuprofen for up to one month or more. This should not interfere with your daily flight.
D. [substeps] In a recent study, hikers preparing for a high altitude journey were given doses of ibuprofen in the 24 hours prior to their journey. A little over 40% of hikers who took ibuprofen developed altitude-related headaches and nausea.

Reply with exactly one uppercase letter out of A, B, C, or D.
",304
42265.0,Home and Garden,"[header] How to clean food coloring off skin [title] Wash the stain with warm water and soap. [step] Be sure to rub the area with soap to get a good lather. Sometimes, this is all you need in order to get the dye off.",B,"Context:
""[header] How to clean food coloring off skin [title] Wash the stain with warm water and soap. [step] Be sure to rub the area with soap to get a good lather. Sometimes, this is all you need in order to get the dye off.""

Which of the following endings best completes the context?

Choices:
A. [title] Rub your garment in a circular motion with your hand or with a paper towel until all of the stain has been removed. [title] Rinse your garment with warm water.
B. Keep your skin damp, and don't dry it off yet. [title] Get some non-gel toothpaste.
C. Don't worry if this stain doesn't come off completely, since the stain is a part of what makes a dye coloring agent. [title] Wipe off any excess dye with a cotton ball.
D. One alternative is to soak a q-tip in a bit of warm water. You can place the q-tip in a bowl, since the water will dilute it better.

Reply with exactly one uppercase letter out of A, B, C, or D.
",273
35575.0,Health,"[header] How to create a chart from a pivot table [title] Launch the microsoft excel application. [title] Browse to, and open, the file containing the pivot table and source data from which you want to create a chart. [title] Decide on the statement you want your pivot chart to represent.",A,"Context:
""[header] How to create a chart from a pivot table [title] Launch the microsoft excel application. [title] Browse to, and open, the file containing the pivot table and source data from which you want to create a chart. [title] Decide on the statement you want your pivot chart to represent.""

Which of the following endings best completes the context?

Choices:
A. [substeps] This decision will determine how you craft your pivot chart. The style of the chart and the columns that are used will depend on this one statement of conclusion.
B. [title] Wait for the pivot table to print out. [step] When it does print out, transfer it into your existing clipboard.
C. [step] Your statement might be "" html data columns "", "" braille data charts "", "" gimpcharts data columns "", "" weitzdale data columns "", etc. [title] Explore the pivot table decor table.
D. [step] It may be a series of columns (1), rows (2), numbers (3), sub-columns (4), or horizontal columns (5). [title] Navigate to the pivot table you want to make by selecting the view tab (right click the column) and selecting "" slide.

Reply with exactly one uppercase letter out of A, B, C, or D.
",298
38152.0,Education and Communications,"[header] How to read histograms [title] Recognize the difference between a bar chart and a histogram. [step] Bar charts and histograms are similar, but with some very specific differences. A bar chart groups numbers into categories, while histograms group numbers into ranges.",A,"Context:
""[header] How to read histograms [title] Recognize the difference between a bar chart and a histogram. [step] Bar charts and histograms are similar, but with some very specific differences. A bar chart groups numbers into categories, while histograms group numbers into ranges.""

Which of the following endings best completes the context?

Choices:
A. Histograms are generally used to show the results of a continuous data set such as height, weight, time, etc. [substeps] A bar graph has spaces between the bars, while a histogram does not.
B. The category distinction is often earned by the number of cells in a series, which are grouped together in a single column. A bar chart generally uses only the average number of cells in a row, not all of the cells in a column are in the same column.
C. These bar charts can describe what the company makes, where the bar supplies is, what temperature the bar serves and how much bar costs. To read a bar chart, find the date where the bar is located on a page you want to review and then click on it to see if the bar's location varies significantly in appearance.
D. The distinction is getting more and more narrow over time. [substeps] Determine if the bars represent the total number of calories a friend should consume per day or if they each list 10 (100 grams) total calories.

Reply with exactly one uppercase letter out of A, B, C, or D.
",338
8415.0,Relationships,"[header] How to attract an alpha male [title] Practice good posture to show confidence. [step] By practicing the physical act of appearing confident, you will actually start to feel more confident. Stand with your feet shoulder-width apart, hold your chin up, relax your shoulders, and breathe deeply.",C,"Context:
""[header] How to attract an alpha male [title] Practice good posture to show confidence. [step] By practicing the physical act of appearing confident, you will actually start to feel more confident. Stand with your feet shoulder-width apart, hold your chin up, relax your shoulders, and breathe deeply.""

Which of the following endings best completes the context?

Choices:
A. It may feel like hunching over, but you're actually putting considerable tension in your muscles. If that's why you feel that way, then you're dressing to impress.
B. If you've got downtime in your schedule, try to calm down. [substeps] Keep your posture long as you work on a healthy body image.
C. This will naturally make you seem more attractive to anyone who's around you. [substeps] The more you practice good posture, the more natural it will feel.
D. All of these actions will also tell him how proud you are of your power as an alpha male. Examples of good posture are : [substeps] Keeping your chin up, and your hands at your sides.

Reply with exactly one uppercase letter out of A, B, C, or D.
",286
23201.0,Computers and Electronics,[header] How to travel without stress [title] Allow extra time. [step] Things go wrong during travel all the time. Allow yourself extra time to plan all the details of your trip.,C,"Context:
""[header] How to travel without stress [title] Allow extra time. [step] Things go wrong during travel all the time. Allow yourself extra time to plan all the details of your trip.""

Which of the following endings best completes the context?

Choices:
A. Traveling on calendar day can greatly increase your stress. Expect details that have not always been discussed with you.
B. This may seem time-waster, but studies show that when you remember a last trip, it's able to feed your dormant feelings. Plan as little as one or two weeks, instead of three or four.
C. Whether it's budgeting your expenses or going to the airport, allow yourself more than enough time to get things done. You'll avoid a lot of stress if you know that you have made the necessary reservations and feel confident that you will always arrive on time.
D. This will reduce stress on you as you travel because you'll be pursuing the destinations you've always wanted to visit. If you're planning on being outside in the world, spend some time soaking in nature, reading books, and even watching a movie.

Reply with exactly one uppercase letter out of A, B, C, or D.
",282
38229.0,Sports and Fitness,[header] How to become an olympic fighter in taekwondo [title] Sign up for a taekwondo class. [step] Choose a usa taekwondo affiliated school which teaches olympic style taekwondo. These are recognized by the us olympic committee and the national governing body for taekwondo in the united states.,A,"Context:
""[header] How to become an olympic fighter in taekwondo [title] Sign up for a taekwondo class. [step] Choose a usa taekwondo affiliated school which teaches olympic style taekwondo. These are recognized by the us olympic committee and the national governing body for taekwondo in the united states.""

Which of the following endings best completes the context?

Choices:
A. This body educates coaches and checks their background for safety, so you can be sure that you are being trained safely and conscientiously. [substeps] Use the team usa taekwondo club locator app on the team usa website to find a local school.
B. The program educates you on both warrior-and/or bully fighting in boxing and judo. It also gives you will skills that will help you balance your skills in fighting and lower your initial injuries.
C. [substeps] The regular classes consists of jitsu, or stretching, knee presses, sit ups, and landings with the moves of a squat-down fighter. Practice yoga as part of your "" work-up.
D. Elite students from high schools and gyms will have the best chance of achieving entry level classes in a new facility. [title] Learn how you can improve your technique.

Reply with exactly one uppercase letter out of A, B, C, or D.
",333
6145.0,Finance and Business,"[header] How to promote your business through newsletters [title] Create a simple newsletter template in microsoft word, but if you have microsoft publisher, you can create a fancier template. [step] You have plenty of newsletter template options within microsoft publisher, but if you don't like any of those, check out the online template collection at microsoft office online. [title] Click on the template you want to use.",C,"Context:
""[header] How to promote your business through newsletters [title] Create a simple newsletter template in microsoft word, but if you have microsoft publisher, you can create a fancier template. [step] You have plenty of newsletter template options within microsoft publisher, but if you don't like any of those, check out the online template collection at microsoft office online. [title] Click on the template you want to use.""

Which of the following endings best completes the context?

Choices:
A. [step] It should be sitting on a pushup bar directly in front of you in microsoft office. Once you first see it, click on the button with the name "" create template.
B. [step] Click on create site to create a sponsored newsletter. Then click on "" buy it! "" but keep in mind, you will wish to entice a balance between sales and expansion in your newsletter.
C. [step] In the customize box, choose the color scheme you want. Using the same colors that are in your logo or other branding materials is a nice touch for a sense of consistency.
D. [step] If you keep seeing a number of templates that interest you or that are up for adoption right now, click directly on the template you want to use. There's no need to go right click on the description.

Reply with exactly one uppercase letter out of A, B, C, or D.
",326
46215.0,Finance and Business,"[header] How to tell someone you can't cash their check [title] Explain to the customer, that because they do not have an account at the bank, you are unable to cash their check. [step] Do this in an apologetic manner, by talking in a calm, empathetic voice. [title] Wait for the customer to respond.",D,"Context:
""[header] How to tell someone you can't cash their check [title] Explain to the customer, that because they do not have an account at the bank, you are unable to cash their check. [step] Do this in an apologetic manner, by talking in a calm, empathetic voice. [title] Wait for the customer to respond.""

Which of the following endings best completes the context?

Choices:
A. [step] Perhaps you will have to wait for a few minutes to be heard, or alternatively, they may respond in a more sympathetic manner. You will also have to give the customer some extra money.
B. [step] Do not worry if the customer does not respond right away. If they do reply, let them know: "" i did not mean to force you to cash this check, i am asking you to cash it for me.
C. [step] If they do not answer, try re-speaking to them in a loving and understanding manner. You can either hand them the check in the store, or send them a gift card from a friend who made it for you.
D. [step] Often customers may become upset and ask why. This is when you must explain to them that it is the bank's policy.

Reply with exactly one uppercase letter out of A, B, C, or D.
",308
33620.0,Food and Entertaining,"[header] How to replace an empty ink cartridge [title] Write down the printer brand and model number. [step] You will need to know both in order to find the correct replacement ink cartridges. If you can't find the model number, check the documentation that came with your printer.",D,"Context:
""[header] How to replace an empty ink cartridge [title] Write down the printer brand and model number. [step] You will need to know both in order to find the correct replacement ink cartridges. If you can't find the model number, check the documentation that came with your printer.""

Which of the following endings best completes the context?

Choices:
A. [title] Make sure you have a replacement ink cartridge in your printer. [step] When replacing ink cartridge wheels with brushes, you may need to change the size, type, and label on the ink cartridge to ensure it has the correct replacement ink.
B. [title] Look for a small blemish. [step] If you have a wet ink cartridge that needs replacing, check for a patch on the cartridge to find it.
C. You may find the model number online or buy a registration kit in order to use the printer for ink scrapping. [substeps] Write down the kit's date, the type of ink cartridge you have, and the ink that came with it.
D. [title] Turn on your printer and open the lid/flap that encloses the cartridges. [step] The cartridges should slide to the center of the printing area.

Reply with exactly one uppercase letter out of A, B, C, or D.
",320
37519.0,Health,"[header] How to kill mosquitoes [title] Find a large box fan. [step] You can purchase a high-volume fan which sucks air in rather than out when compared to traditional fans from a home improvement store or a department store. Choose one with a metal frame, since you'll be using magnets in this trap.",A,"Context:
""[header] How to kill mosquitoes [title] Find a large box fan. [step] You can purchase a high-volume fan which sucks air in rather than out when compared to traditional fans from a home improvement store or a department store. Choose one with a metal frame, since you'll be using magnets in this trap.""

Which of the following endings best completes the context?

Choices:
A. With this and a few other supplies, you can create a trap that will reduce the number of mosquitoes around at least in the short term. Its effect on long-term populations is unknown, but following the advice in the breeding prevention section as well is recommended.
B. [substeps] Ideal temperatures range from 68 to 72 degrees fahrenheit (24 to 24 degrees celsius) for mosquito control, and the air temperature is neither too cold nor too hot for mosquito control. [title] Use catnip or a young succulent for your enclosure.
C. [substeps] Choose a cotton swab for pulling dirt out of the box. Get creative and try stitching rags or beads onto the box fan if your yard provides it.
D. [substeps] Read reviews of the product you buy to get an understanding of the best features possible. [title] Lay out a thick towel nearby so that mosquitoes won't get in the way.

Reply with exactly one uppercase letter out of A, B, C, or D.
",351
43809.0,Relationships,[header] How to help your bi friend come out [title] Make sure that your friend knows that bisexuality is okay. [step] Tell them you have a positive attitude towards lgbt people. Try to find out if they also respect lgbt people.,B,"Context:
""[header] How to help your bi friend come out [title] Make sure that your friend knows that bisexuality is okay. [step] Tell them you have a positive attitude towards lgbt people. Try to find out if they also respect lgbt people.""

Which of the following endings best completes the context?

Choices:
A. [substeps] Women can have an issue, and it should be addressed in a positive light. If you think your friend is gay or lesbian, but they are not fully lgbt, put that stick in their shoe.
B. If you find out that your friend hates/disrespects lgbt people, don't try this method with them. [title] Invite your friend to an appropriate location.
C. If they don't, you could also try to find out more about this topic with a close friend or family member. [substeps] For example, you might try saying, "" do you know that..."", "" i feel..."" and asking them if they accept this topic.
D. [substeps] Explain your beliefs if you don't know what they believe to be true. For example, "" i believe in bisexuality because of my religious views.

Reply with exactly one uppercase letter out of A, B, C, or D.
",299
20441.0,Health,"[header] How to organize your belongings [title] Figure out what you need, and only what you need. [step] Your backpack, work bag, or purse is likely to be the place you store the belongings you use most often. After all, you carry it with you most of the day, so it must be storing the important items.",B,"Context:
""[header] How to organize your belongings [title] Figure out what you need, and only what you need. [step] Your backpack, work bag, or purse is likely to be the place you store the belongings you use most often. After all, you carry it with you most of the day, so it must be storing the important items.""

Which of the following endings best completes the context?

Choices:
A. [substeps] Although you may not take things like pencils, pens, and erasers with you everywhere, try to remember not to bring used items in those areas, as they often contain stains. Oftentimes, these items end up in your bag as well.
B. That being said, most people have a way of stuffing items in there and gradually accumulating junk. So start by emptying the bag out, completely.
C. Think about the task, and determine what you'll use it for. [substeps] You might want to keep it non-perishable or even airtight.
D. [substeps] Many people carry backpacks for other reasons. If you live with a roommate, ask them what things you need most often.

Reply with exactly one uppercase letter out of A, B, C, or D.
",294
33009.0,Family Life,"[header] How to use a baby bath tub [title] Decide if your baby needs a bath. [step] Babies, especially young babies, don't need to bath everyday. Before you decide to bathe your baby, take a few minutes to determine if they need a bath that day.",D,"Context:
""[header] How to use a baby bath tub [title] Decide if your baby needs a bath. [step] Babies, especially young babies, don't need to bath everyday. Before you decide to bathe your baby, take a few minutes to determine if they need a bath that day.""

Which of the following endings best completes the context?

Choices:
A. If your baby needs a bath monthly, you can offer a bath at bedtime. If your baby needs a bath every 3-4 weeks, simply opt for a cup or two.
B. Make sure your baby is well-fed and rests before you bathe them. Since babies can age very quickly, you don't want to have to wait until they get older to give them a bath.
C. If they are not fussy, you may have to water them a couple of times, but that's okay. You can also create a bathing schedule to help you bathe your baby.
D. Keep some of the following ideas in mind when deciding if you need to bathe your baby : [substeps] Babies under two to three weeks old should only have sponge baths. You can give a tub bath once the umbilical cord has fallen off and the stump has healed.

Reply with exactly one uppercase letter out of A, B, C, or D.
",314
14634.0,Youth,"[header] How to look good for a party [title] Groom your hands and feet. [step] Finger nails can play a big role in your overall look. Before the day of the party, make sure you clean up your fingernails.",B,"Context:
""[header] How to look good for a party [title] Groom your hands and feet. [step] Finger nails can play a big role in your overall look. Before the day of the party, make sure you clean up your fingernails.""

Which of the following endings best completes the context?

Choices:
A. Don't worry how you look, but make sure to do it in the shower everyday (between applying soap and body wash or regular soaps). You don't want to smell bad (which is okay), but you also want to make sure your hands and feet are clean and healthy.
B. This includes trimming your nails and removing old nail polish. [substeps] If you are wearing shoes that show your toes, be sure to clean up your toenails as well.
C. Dry nail polish allows makeup to drip off, so a quick and very simple hand wash can seem over-the-top. You can also just use a buff or cream makeup remover to clean up your nails.
D. A fresh manicure or polish can also help your nails become loose and ready to go. [title] Make sure to wear your headphones.

Reply with exactly one uppercase letter out of A, B, C, or D.
",305
32610.0,Pets and Animals,"[header] How to care for persian cats [title] Start brushing your cat's fur at an young age. [step] To make sure that your persian accepts being brushed a lot, you will have to start brushing her at an early age. From day one, make a point of brushing your kitten so that she gets used to this experience.",B,"Context:
""[header] How to care for persian cats [title] Start brushing your cat's fur at an young age. [step] To make sure that your persian accepts being brushed a lot, you will have to start brushing her at an early age. From day one, make a point of brushing your kitten so that she gets used to this experience.""

Which of the following endings best completes the context?

Choices:
A. Continue brushing your cat until she starts to accept brush grooming. Once your cat stops using an object, you can start changing the use of it.
B. If you don't start brushing her at an early age, she may develop a dislike for being brushed that can ultimately make it much harder to maintain her coat. [substeps] One way to help your cat accept being brushed is to brush her right before a mealtime.
C. Begin with a one-minute grooming session and take measures to prevent any accidental grooming from happening. The only time you will even begin brushing your persian's fur is when you first bring her home.
D. If you've never been to the shelter before, start by hand brushing your persian cat. [substeps] Use a slicker brush or a soft brush or comb to work the fur.

Reply with exactly one uppercase letter out of A, B, C, or D.
",322
40605.0,Computers and Electronics,[header] How to determine if you should quit facebook [title] Notice how often you use facebook. [step] Start by considering how much time you spend on facebook on a daily basis. Do you change your facebook status every hour on the hour? Do you end up scrolling through your newsfeed for way too long? Do you tend to check your facebook a little too often? These may be signs that you are spending too much time on facebook.,C,"Context:
""[header] How to determine if you should quit facebook [title] Notice how often you use facebook. [step] Start by considering how much time you spend on facebook on a daily basis. Do you change your facebook status every hour on the hour? Do you end up scrolling through your newsfeed for way too long? Do you tend to check your facebook a little too often? These may be signs that you are spending too much time on facebook.""

Which of the following endings best completes the context?

Choices:
A. [title] Analyze what you do on a daily basis. [step] If you review every day what you do on a daily basis is there are likely to be patterns in your daily habits.
B. [title] Notice if you report to facebook's news feed only. [step] Ask yourself if you spend more time gossiping, snooping around, or randomly checking facebook.
C. [substeps] You can also think about your facebook use on a weekly basis. For example, maybe you spend an average of two hours a day on facebook.
D. [substeps] Facebook often asks for news in a very new area of your life. If you only just met someone, they may ask you for notifications they haven't seen in awhile.

Reply with exactly one uppercase letter out of A, B, C, or D.
",307
25209.0,Finance and Business,[header] How to start a film production company [title] Decide what kind of work you want to produce. [step] Another basic aspect of a film production company is your company's vision. This is the kind of work you see yourself producing as a team.,D,"Context:
""[header] How to start a film production company [title] Decide what kind of work you want to produce. [step] Another basic aspect of a film production company is your company's vision. This is the kind of work you see yourself producing as a team.""

Which of the following endings best completes the context?

Choices:
A. Imagine that working for someone else doing the same thing is very hard. Take an outline of your career goals and determine how you plan to achieve them.
B. You will want a lot of sets, many sides for marketing, many stories to write, a number of panels on your website, and maybe even just a great movie to make. Be sure you have a solid idea of what kind of work you want to produce.
C. The more ideas you have in mind, the better you want to do. [substeps] The goal is to create your company's vision as a whole, without having your ideas overshadow theirs.
D. Film production companies focus on a variety of different types of films. Spend some time carving out your company's niche before moving forward.

Reply with exactly one uppercase letter out of A, B, C, or D.
",272
34567.0,Youth,"[header] How to dress like a "" rocker "" [title] Try out ripped jeans. [step] If you want to get that unkempt cool swag in your style, try out some jeans with well-placed rips. Carefully take a razor to the knees of an old pair of jeans and cut some well-placed holes in them and you'll be screaming "" rocker.",D,"Context:
""[header] How to dress like a "" rocker "" [title] Try out ripped jeans. [step] If you want to get that unkempt cool swag in your style, try out some jeans with well-placed rips. Carefully take a razor to the knees of an old pair of jeans and cut some well-placed holes in them and you'll be screaming "" rocker.""

Which of the following endings best completes the context?

Choices:
A. "" wash and then run the jeans through the washing machine. [substeps] You can also try pairing jeans with a tank top to easily add that 80s/glam vibe to your look.
B. "" slip on ratty, ratty old sneakers or a pair of old converse and some dark green socks. Wear these torn or exposed jeans and get dressed like a rocker.
C. "" [title] Pair ripped jeans with a tee, sport coat, of course. [step] You can dress up any outfit from a start with torn jeans but often that's not possible and it's best to cut or mix up a major outfit or two.
D. "" or, just wear the heck out of a pair of jeans you've already got and wait until they distress themselves for a more authentic tattered look. Loose-fitting or slimmer styles both look cool with distressed holes and tattered rips.

Reply with exactly one uppercase letter out of A, B, C, or D.
",364
16817.0,Health,"[header] How to avoid getting the flu in winter [title] Get the flu shot every year. [step] Every person over the age of 6 months should get a flu shot every year, usually in the early fall before flu season begins. There are a few different flu shots available, so ask your doctor or pharmacist which vaccine is right for you.",B,"Context:
""[header] How to avoid getting the flu in winter [title] Get the flu shot every year. [step] Every person over the age of 6 months should get a flu shot every year, usually in the early fall before flu season begins. There are a few different flu shots available, so ask your doctor or pharmacist which vaccine is right for you.""

Which of the following endings best completes the context?

Choices:
A. The most common flu vaccines are chlorhexidine, fluconazole, griseofulvin, and neuronoxiclovir. [substeps] The proper dosage for you should be 1-600 mg once a day.
B. Get your flu shot at a doctor's office, clinic, pharmacy, college health center, or even in some schools and workplaces. [substeps] Last year's shot won't protect you from this year's flu-get a shot every year.
C. [substeps] Flu shots can be given as an infant, as an adult, or during pregnancy. For children between the ages of two and five years old, the flu can be given as an injection into the child's brain.
D. [substeps] Some vaccines also require people to have a provisional vaccination at least every one year. See if your doctor specifies the brand, type, species, and year of the flu for medical assistance with choosing a shot that will meet your needs.

Reply with exactly one uppercase letter out of A, B, C, or D.
",362
32072.0,Food and Entertaining,"[header] How to make modeling clay in a slow cooker [title] Preheat the slow cooker. [step] To ready your slow cooker for cooking the clay, it's important to preheat it. Plug it in, and set the temperature to low.",A,"Context:
""[header] How to make modeling clay in a slow cooker [title] Preheat the slow cooker. [step] To ready your slow cooker for cooking the clay, it's important to preheat it. Plug it in, and set the temperature to low.""

Which of the following endings best completes the context?

Choices:
A. That will allow the slow cooker to heat up slowly. [substeps] While children can help with the measuring and mixing of the ingredients, an adult should handle preparing and heating the slow cooker.
B. Cover the slow cooker and leave it somewhere out of the way where it won't be disturbed as it cooks. Doing this early will make your clay easy to mix and smooth.
C. Avoid getting hot coals inside the slow cooker. [substeps] Make sure there are no ashes or scraps of food stuck onto the bottom of the slow cooker before cooking the clay.
D. Allow the slow cooker to heat up to about 325 degrees fahrenheit (260 degrees celsius) for 1 hour. [substeps] Do not allow the temperature to go above the cool bar when you shut the electric slow cooker.

Reply with exactly one uppercase letter out of A, B, C, or D.
",309
9018.0,Home and Garden,"[header] How to align garage door sensors [title] Turn off the power to your sensors by tripping the fuse for your garage. [step] You'll find this in your home's breaker box. [substeps] You won't actually be working with the electrical wiring, but it's always best to be safe when working with electricity.",D,"Context:
""[header] How to align garage door sensors [title] Turn off the power to your sensors by tripping the fuse for your garage. [step] You'll find this in your home's breaker box. [substeps] You won't actually be working with the electrical wiring, but it's always best to be safe when working with electricity.""

Which of the following endings best completes the context?

Choices:
A. [title] Locate and unbolt the circuit breaker. [step] You'll know it is located along the bottom of the door.
B. [title] Flip the power switch on your garage door. [step] Circuit breakers usually come in three forms : [substeps] Led, led, or anode.
C. ) [title] Slide the cool switch on the bottom of your garage door's range fuse fixture. [step] The cool switch will activate the house's fuse.
D. [title] Loosen the screws that mount each of your garage door sensors. [step] Don't take them all the way out.

Reply with exactly one uppercase letter out of A, B, C, or D.
",285
18608.0,Home and Garden,"[header] How to hang a vanity mirror [title] Use mounting hooks if the mirror is large and has a heavy frame. [step] Mounting hooks are ideal for vanity mirrors that weigh 15 to 30 pounds (6.8 to 13. 6 kg) and have a frame made of wood, metal, or plaster. The mounting hooks will ensure the mirror hangs correctly and is well supported on the wall.",C,"Context:
""[header] How to hang a vanity mirror [title] Use mounting hooks if the mirror is large and has a heavy frame. [step] Mounting hooks are ideal for vanity mirrors that weigh 15 to 30 pounds (6.8 to 13. 6 kg) and have a frame made of wood, metal, or plaster. The mounting hooks will ensure the mirror hangs correctly and is well supported on the wall.""

Which of the following endings best completes the context?

Choices:
A. [substeps] Mounting hooks can be purchased online or in hardware stores. They are often designed to provide support or hold for things like camelback frames.
B. [substeps] Mounting hooks can be purchased online or at most drugstores. [title] Identify your vanity mirrors by their size.
C. [substeps] Weigh the mirror on a bathroom scale to ensure you get mounting hooks that are strong enough to support the weight. The weight restrictions for the mounting hooks will be noted on the package.
D. [substeps] Mounting hooks can be purchased at any hardware store or online. [title] Purchase mounting hooks for a frame for a vanity mirror that's made out of solid wood or plaster.

Reply with exactly one uppercase letter out of A, B, C, or D.
",319
21259.0,Health,"[header] How to lower triglycerides [title] Cut back on sugar. [step] Simple carbohydrates, such as sugar and foods made with white flour, can increase triglycerides. Generally if it's white, stay away.",B,"Context:
""[header] How to lower triglycerides [title] Cut back on sugar. [step] Simple carbohydrates, such as sugar and foods made with white flour, can increase triglycerides. Generally if it's white, stay away.""

Which of the following endings best completes the context?

Choices:
A. Sugar contains the amino acids: methionine, cyanodone, and salicylic acid. Eating low in these three substances can increase triglycerides for many reasons, including increased bone density.
B. Lay off cookies, cakes, muffins, white pasta, white bread, candy, etc. [substeps] High-fructose corn syrup is a serious culprit when it comes to high triglycerides, studies have shown.
C. If it's brown, split it into small (1/2) flakes. [substeps] Berries like raspberries, blueberries, strawberries and apples are most likely to contain triglycerides.
D. If it's a vegetable, such as butter, some whole wheat pasta or rice, consider increasing the amount of white flour you cook with it. [substeps] Foods that contain wheat, such as whole wheat bread, rice, oats, brown rice, and whole wheat pasta, may interact negatively with some studies on foods to lower triglycerides.

Reply with exactly one uppercase letter out of A, B, C, or D.
",358
46648.0,Work World,"[header] How to become a nurse in colorado [title] Pursue a position as a licensed practical nurse, or lpn. [step] Licensed practical nurses provide basic, direct care for patients under the supervision of a registered nurse or physician. Lpns are generalists but can work in specialized health-care facilities.",D,"Context:
""[header] How to become a nurse in colorado [title] Pursue a position as a licensed practical nurse, or lpn. [step] Licensed practical nurses provide basic, direct care for patients under the supervision of a registered nurse or physician. Lpns are generalists but can work in specialized health-care facilities.""

Which of the following endings best completes the context?

Choices:
A. [substeps] If you are a medical fundamentalist, you can work in a medical consulting practice, such as a nursing home, to complete a waiting time for patients to arrive. Lpns are known as registered nurses because they are each registered nursing and responsible for providing medical care to patients.
B. Lpns are trained to help patients learn to speak to others and work with therapeutic healthcare professionals. Passing the lpn tests is also necessary for medical nurses.
C. Volunteering is an excellent option, and you can take on, a first-and second-year field nurse practice for more experience as a self-employed nurse. To further experience helping with patients, you may be able to work as a nurse in colorado.
D. Lpn programs are offered at accredited junior and community colleges and some vocational schools. They usually take 2 years to complete and blend classroom instruction with clinical practice.

Reply with exactly one uppercase letter out of A, B, C, or D.
",342
40906.0,Education and Communications,"[header] How to ace your vocabulary tests [title] Make a list of the words you don't know. [step] If you know the words you're going to be tested on, that's great, and you can easily make the list. If you're studying for the act, sat, or gre, that makes it a little more complicated.",A,"Context:
""[header] How to ace your vocabulary tests [title] Make a list of the words you don't know. [step] If you know the words you're going to be tested on, that's great, and you can easily make the list. If you're studying for the act, sat, or gre, that makes it a little more complicated.""

Which of the following endings best completes the context?

Choices:
A. However, there are many lists of words commonly used on these exams, so with a little online research, you can easily find a good number of words to start working on. [title] Look up the words and write down definitions.
B. That's because you can get them stuck on the internet. [title] Understand the concepts of being an expert.
C. That's because you can improve on your knowledge. This is better than being stuck making a list all the time.
D. [substeps] Check your notes to make sure they use words you would not know. Remember, a math teacher probably thinks you're weird because you have no idea which word equals the question.

Reply with exactly one uppercase letter out of A, B, C, or D.
",274
35505.0,Home and Garden,"[header] How to move a refrigerator [title] Empty the refrigerator of all its contents. [step] Before you try to move a fridge, it's best to take everything out. Make sure that both your refrigerator and freezer are free of food, condiments, ice cube trays, and anything else that might rattle around and shift weight.",D,"Context:
""[header] How to move a refrigerator [title] Empty the refrigerator of all its contents. [step] Before you try to move a fridge, it's best to take everything out. Make sure that both your refrigerator and freezer are free of food, condiments, ice cube trays, and anything else that might rattle around and shift weight.""

Which of the following endings best completes the context?

Choices:
A. For instance, you might scatter a large tray on the floor or the bottom of a food dehydrator cupboard to prevent it from being moved around. [substeps] For things like frozen meals, consider leaving a container holding ice in the front of the refrigerator for easy transport.
B. [substeps] Take things out as soon as you're out of there. For instance, if you have to empty the trash out of the refrigerator, take all the trash out of it and put it in the garbage.
C. If you are moving a fridge that is not in use, throw anything out that can further add weight. [title] Remove any appliance that you no longer need or that is out of use.
D. Remove items placed outside of your refrigerator as well, such as magnets. [substeps] If there are perishable items in the refrigerator, finish them or give them away.

Reply with exactly one uppercase letter out of A, B, C, or D.
",343
38974.0,Sports and Fitness,"[header] How to identify poison ivy [title] Look for the vine with clusters of three leaves. [step] Poison ivy always has clusters of three leaves. Use this as the defining characteristic, as this plant is not so obvious in most other ways.",B,"Context:
""[header] How to identify poison ivy [title] Look for the vine with clusters of three leaves. [step] Poison ivy always has clusters of three leaves. Use this as the defining characteristic, as this plant is not so obvious in most other ways.""

Which of the following endings best completes the context?

Choices:
A. Besides being a bark-eating species, the vines are also lower in humidity than other plants. [substeps] Poison ivy leaves tend to form clusters of four fronds or more, and are in constant shade.
B. Poison ivy is remarkable with its ability to grow in a variety of ways. Although it is called "" poison ivy "" it cannot only grow upwards clinging to surfaces like an ivy, but can also, grow as a bush or single plants.
C. [substeps] It tends to grow in pairs, with the central stalk facing down and back pointing up. At any time of day, the leaves on the vine look yellow, indicating it is somehow poisonous.
D. If you are unsure what type of poison ivy you have, look for two clusters of three leaves. Draw a line above the central cluster of them.

Reply with exactly one uppercase letter out of A, B, C, or D.
",296
40586.0,Computers and Electronics,"[header] How to make a photo page using inkscape [title] Open inkscape and create a new a4 page. [step] You can do this by going to the menu item "" file] ] new] ] a4 "". You could also create a different size according to the way you want to use your photo page.",B,"Context:
""[header] How to make a photo page using inkscape [title] Open inkscape and create a new a4 page. [step] You can do this by going to the menu item "" file] ] new] ] a4 "". You could also create a different size according to the way you want to use your photo page.""

Which of the following endings best completes the context?

Choices:
A. [title] Go to the "" page numbers "" dialog box and choose your number if you need to in your photo page. [step] Click the "" page numbers "" button next to the "" pages "" category on the dialog box.
B. However, a4 is a very common page size especially in printers. [title] Make sure that the page guides are selected.
C. If you're making a dydrhov or just want to make your pictures dark and older in style or more glamorous, it's fine to use a larger sized one. [title] Click the left mouse button on the top right corner.
D. ( as an example, a picture of a car would be 2 x 2. ) select the vertical tab to open inkscape.

Reply with exactly one uppercase letter out of A, B, C, or D.
",286
32665.0,Health,[header] How to fix a broken heart [title] Avoid contact with the person. [step] Give yourself the time and space needed to heal from the relationship. Avoid talking or texting with your former partner.,C,"Context:
""[header] How to fix a broken heart [title] Avoid contact with the person. [step] Give yourself the time and space needed to heal from the relationship. Avoid talking or texting with your former partner.""

Which of the following endings best completes the context?

Choices:
A. If you have never had a relationship with the person you love, being in contact is dangerous and can also prevent you from seeing them again. [substeps] If you cannot, contact your doctor or a trusted friend to get the care you need, such as a pair of gloves or your phone.
B. Leave all texts and calls unanswered or check in at a friend or family member's house. [substeps] If you contact the person and they do not call back or give a reason, consider ending the relationship.
C. Remove them from social media so you can take a break from them. [substeps] Let the person know that you need some time and space so they do not contact you by saying, "" i need some time to myself.
D. It may be even harder for him or her to respond to your texts. This is especially important in the early stages of a long-term relationship because this can potentially cause even more problems in the future.

Reply with exactly one uppercase letter out of A, B, C, or D.
",301
18821.0,Home and Garden,"[header] How to make chalkboard paint [title] Choose a flat, smooth surface to turn into a chalkboard. [step] Flat objects, such as wooden plaques, work the best. You can also paint curved surfaces, such as terra cotta flower pots.",D,"Context:
""[header] How to make chalkboard paint [title] Choose a flat, smooth surface to turn into a chalkboard. [step] Flat objects, such as wooden plaques, work the best. You can also paint curved surfaces, such as terra cotta flower pots.""

Which of the following endings best completes the context?

Choices:
A. These are easier to work with, too. [title] Buy a medium to large-sized surface.
B. These embellish and create a unique texture. [substeps] Round, oval-shaped papers are the best, as they're easier to paint than smaller papers.
C. [title] Apply a layer of paint to a primer. [step] If you have electric or oil-based paint on hand, you can skip this step.
D. If you want to make a magnetic chalkboard, try a sheet of galvanized steel, but make sure that it is magnetic first. Avoid surfaces with lots of carved details, as they will be difficult to write on later.

Reply with exactly one uppercase letter out of A, B, C, or D.
",263
18143.0,Pets and Animals,"[header] How to breed dwarf hamsters [title] Pick out male and female dwarf hamsters. [step] If you don't already have a sexually mature male and female hamster, you should find one at the pet store. Check the genitalia to ensure that you are getting a male and a female.",C,"Context:
""[header] How to breed dwarf hamsters [title] Pick out male and female dwarf hamsters. [step] If you don't already have a sexually mature male and female hamster, you should find one at the pet store. Check the genitalia to ensure that you are getting a male and a female.""

Which of the following endings best completes the context?

Choices:
A. If the genitalia isn't visibly red, they are not dwarf hamsters. [substeps] Female dwarf hamsters are docile, quiet animals and shy from humans.
B. [substeps] Males are generally considered more sexual than females and dwarf hamsters only coexist with female hamsters and dwarf hamsters. Female hamsters, however, cohabitationers and males all share the same racial background in scientific disciplines.
C. It is pretty tricky to tell the difference. For males, the testicles and anus are far apart.
D. You should also find out if you have a lemur, pelvis, or other fat of any sort. [substeps] Dwarf hamsters have meeled conditions, which can cause the meats to overreact.

Reply with exactly one uppercase letter out of A, B, C, or D.
",302
30388.0,Plastering,"A male is standing by the white door, he is holding rectangular wood, and on the other hand is a board that holds big chunk of brown clay. he",D,"Context:
""A male is standing by the white door, he is holding rectangular wood, and on the other hand is a board that holds big chunk of brown clay. he""

Which of the following endings best completes the context?

Choices:
A. then grabs the large pieces of clay up by his shoulders, and himself, grip and then he is on the canoe, pulling it to the front margin of the canoe where was the paddle, the wooden knife, and he demonstrates how to pull when pushing the clay mixture and breaking the pole off as the paddle is in the water.
B. starts taking a shower and is scrubbing his beige colored clothes and then put his wet clothes in a bucket next to an old dirty where they are gone.
C. started playing the accordion type that like a lot of other songs and words and they are written down.
D. pointed the wall and started to spread the brown clay on the wall, she spread it by rubbing it smoothly and in half circle way.

Reply with exactly one uppercase letter out of A, B, C, or D.
",254
33509.0,Food and Entertaining,"[header] How to make a garden salad [title] Cut the leaves off the lettuce. [step] Unless you bought your lettuce already cut into bite-sized pieces, you will need to cut the leaves off the lettuce head. Simply lay the lettuce down on its side and cut the base off where all of the leaves are gathered.",B,"Context:
""[header] How to make a garden salad [title] Cut the leaves off the lettuce. [step] Unless you bought your lettuce already cut into bite-sized pieces, you will need to cut the leaves off the lettuce head. Simply lay the lettuce down on its side and cut the base off where all of the leaves are gathered.""

Which of the following endings best completes the context?

Choices:
A. [substeps] Cutting a stalk of lettuce will remove it all but the main stalk, leaving it striped. If you are unsure how long to leave the stalk, just take a pen and write down how long the stalk is.
B. [title] Cut the lettuce into smaller pieces. [step] Place a few leaves on top of each other and start chopping the lettuce horizontally.
C. Aim to remove the leaves at the top or sides. [substeps] For best results, cut the lettuce in half vertically, but curve the leaves into a diamond shape before cutting it in half horizontally.
D. Ensure that all of the leaves have been cut away. The lettuce leaves are not edible, so you will need to cut them off the lettuce entirely before beginning to mash the head with a fork.

Reply with exactly one uppercase letter out of A, B, C, or D.
",316
390.0,Personal Care and Style,"[header] How to remove eye makeup [title] Use baby shampoo. [step] Think it's just for bathing little ones? The "" tear free "" baby shampoo is a great way to remove mascara (even waterproof), eyeshadow and eyeliner. Eye makeup removers can get pretty pricey (especially if you wear eye makeup frequently), so this is an affordable and a pain-free way to remove makeup.",D,"Context:
""[header] How to remove eye makeup [title] Use baby shampoo. [step] Think it's just for bathing little ones? The "" tear free "" baby shampoo is a great way to remove mascara (even waterproof), eyeshadow and eyeliner. Eye makeup removers can get pretty pricey (especially if you wear eye makeup frequently), so this is an affordable and a pain-free way to remove makeup.""

Which of the following endings best completes the context?

Choices:
A. There are even homemade eye makeup removers. Try adding some water to reduce the amount of water dripping down the sides of your eyes.
B. [substeps] Pull the mascara brush down out of the eyeshadow tray. Dip your brush head into the eye, hold it there for 10 seconds and release the brush.
C. [substeps] In a shower, undampen your hair. Then spritz a small amount of baby shampoo onto your eyelashes.
D. Without the burning! [title] Wet the area of your eyes with some warm tap water. [step] Alternatively, you can dab some shampoo on a cotton ball and wipe it over your eyelids.

Reply with exactly one uppercase letter out of A, B, C, or D.
",328
19678.0,Home and Garden,"[header] How to avoid or lessen your ironing [title] Iron the essentials only. [step] Instead of ironing everything, try only ironing your actual clothes. Things like underwear, bedding, and towels may never need to be ironed.",A,"Context:
""[header] How to avoid or lessen your ironing [title] Iron the essentials only. [step] Instead of ironing everything, try only ironing your actual clothes. Things like underwear, bedding, and towels may never need to be ironed.""

Which of the following endings best completes the context?

Choices:
A. Go through your ironing pile and remove anything that isn't wrinkled clothes. [title] Buy clothes in synthetic or blended fabrics.
B. An article of underwear is perfect for this purpose. Don't wear a new or expensive shirt once you're done ironing so it will go into your ironing machine (a flat iron is what we use).
C. While ironing items can be more lucrative, ironing difficult items removes the fat, friction and wrinkles that a sheet has collected from ironing. [substeps] Buy or use hand-made iron items.
D. [title] Place 1/2 inch of iron cover across your ironing tray or counter if you're ironing multiple items. [title] Iron your garment while it is ironing.

Reply with exactly one uppercase letter out of A, B, C, or D.
",289
1922.0,Capoeira,"One woman and two men, wearing white pants, white shirt and black and white belts demonstrate martial arts moves, barefoot, on a large patch of grass in front of a body of water and a city scape of buildings. a woman with blonde hair in a ponytail and a black belt ,",A,"Context:
""One woman and two men, wearing white pants, white shirt and black and white belts demonstrate martial arts moves, barefoot, on a large patch of grass in front of a body of water and a city scape of buildings. a woman with blonde hair in a ponytail and a black belt ,""

Which of the following endings best completes the context?

Choices:
A. demonstrates martial arts moves first exhibiting shoulder and arm moves and footwork.
B. is sitting on the grass and talking.
C. now wearing white trousers, is using different martial arts moves, some with her barefoot, some with her knee bent.
D. is standing in a residential neighborhood wearing only flip flops and wearing only black tights and a bikini top, she performs various martial arts moves.

Reply with exactly one uppercase letter out of A, B, C, or D.
",217
31663.0,Health,"[header] How to prevent seasonal affective disorder [title] Start making changes in early autumn. [step] If you've experienced sad in the past, take steps to prevent it before you start to experience symptoms. Begin preparing in late summer or early fall, before winter doldrums arrive.",A,"Context:
""[header] How to prevent seasonal affective disorder [title] Start making changes in early autumn. [step] If you've experienced sad in the past, take steps to prevent it before you start to experience symptoms. Begin preparing in late summer or early fall, before winter doldrums arrive.""

Which of the following endings best completes the context?

Choices:
A. [title] Exercise for at least 30 minutes per day. [step] Exercise outdoors whenever possible, especially if it's sunny.
B. If you cannot find any shade or cover to work outside, organize your home as best as you can. Try not to startle your family and co-workers, which can trigger sad depression.
C. Whether you do this formally or not, clean your house and make things look good by putting on a sweater and the right hairstyle. Also fill out flyers and let people know by sending emails.
D. [substeps] It's a good idea to start making drastic changes in your lifestyle in early winter as early summer tends to be cooler. Try leaving the house and returning to school early so that you can have plenty of time to relax.

Reply with exactly one uppercase letter out of A, B, C, or D.
",299
33236.0,Relationships,"[header] How to transition from dating to relationship [title] Focus more attention on your partner. [step] In your fast paced world of cell phones, social media, and busy schedules, you may be distracted a lot. When you start a relationship, try to focus more of your attention on your partner.",A,"Context:
""[header] How to transition from dating to relationship [title] Focus more attention on your partner. [step] In your fast paced world of cell phones, social media, and busy schedules, you may be distracted a lot. When you start a relationship, try to focus more of your attention on your partner.""

Which of the following endings best completes the context?

Choices:
A. This means you should put your cell phone down and stop texting while you are with your partner. [substeps] This will let your partner know that you are in the moment and want to be as present as possible.
B. Focus your attention on your partner, not on yourself. [substeps] For example, you may view your phone as a great distraction from your partner.
C. Go to events with your partner, and if possible, grab coffee or a meal after each go. Offer your partner one of your favorite indulgences every now and then.
D. Remind yourself that your priority is your partner-and not friends or romantic relationships. This will let you know where your focus lies.

Reply with exactly one uppercase letter out of A, B, C, or D.
",271
36440.0,Personal Care and Style,"[header] How to form a beauty pageant [title] Make a schedule. [substeps] Pick the perfect year, month, date, and time of the day. Check the weather to see if the day will be good enough.",C,"Context:
""[header] How to form a beauty pageant [title] Make a schedule. [substeps] Pick the perfect year, month, date, and time of the day. Check the weather to see if the day will be good enough.""

Which of the following endings best completes the context?

Choices:
A. Make sure you schedule the pageant only on weekends, not the week before the pageant. Contest winners will have to go and compete for hours on end to try to win.
B. Keep a full face and body pack for the pageant. Pack : [substeps] Masks to wear headwear (optional) facial cleansers and foundation (optional ) [title] Make sure to get the right color clothes.
C. Check to see if you have something scheduled at that time. Make a special "" planner "" and write the time in it.
D. If the sky is dark, though, friday is the best time for a pageant. [title] Research beauty pageants; send your list to the beginning of the year.

Reply with exactly one uppercase letter out of A, B, C, or D.
",261
42939.0,Personal Care and Style,"[header] How to prevent static hair [title] Use hairspray. [step] If you live in a dry area and are prone to static hair, hairspray is vital. Using hairspray in the morning and throughout the day can help prevent and eliminate static hair.",A,"Context:
""[header] How to prevent static hair [title] Use hairspray. [step] If you live in a dry area and are prone to static hair, hairspray is vital. Using hairspray in the morning and throughout the day can help prevent and eliminate static hair.""

Which of the following endings best completes the context?

Choices:
A. [substeps] For best results, spray hairspray on your brush. Then, brush your hair while it's still damp.
B. [substeps] To prevent static, use a bobby pin instead of a regular hairspray. If possible, use this hairspray each day so that it stays static-free throughout the day.
C. [substeps] Put your hair up in a loose bun and let it air dry. Secure the bun with a hair tie or a sleek t-shirt when you get out of bed.
D. [substeps] Use hairspray after a shower to help prevent wet hair from sticking to a shower mat. Your hair should now most likely have a static content that you are unable to control.

Reply with exactly one uppercase letter out of A, B, C, or D.
",278
4914.0,Personal Care and Style,"[header] How to do a half up top knot [title] Separate the top section of your hair. [step] First, make sure that all of your hair is swept back. For this style, you do not want to have a part in your hair.",C,"Context:
""[header] How to do a half up top knot [title] Separate the top section of your hair. [step] First, make sure that all of your hair is swept back. For this style, you do not want to have a part in your hair.""

Which of the following endings best completes the context?

Choices:
A. Use a comb to part your hair to the left and then separate the top section of your hair from the back section by about 2 inches (5.1 cm). This style does not follow very strict braid the first time you braid your hair, so if you are new and starting with this style, a split or full part might also be the option for you.
B. Use your fingers or a rat tail comb to separate it into two strands. This hair part is similar to a half up top knot, except that it looks like a gap.
C. Then, decide how much hair you want to leave down, and how much you want to put into the top knot. You can section off all the hair from your ears upwards, or just a little bit of hair on the top.
D. Leave the rest of your hair down so that it forms a braid instead. [substeps] You can leave your braid down for now, but you may leave your remaining hair that's hanging out of the way during this step.

Reply with exactly one uppercase letter out of A, B, C, or D.
",329
26307.0,Food and Entertaining,[header] How to get legendary cards in clash royale [title] Buy legendary king's chests in the shop. [step] It will cost 500 gems for a guaranteed legendary. This is one of the risk-free methods as you have a 100% chance of getting a legendary.,C,"Context:
""[header] How to get legendary cards in clash royale [title] Buy legendary king's chests in the shop. [step] It will cost 500 gems for a guaranteed legendary. This is one of the risk-free methods as you have a 100% chance of getting a legendary.""

Which of the following endings best completes the context?

Choices:
A. [substeps] Check for monsters named consecutively so you don't have to go through a dangerous encounter to get an legendary. [title] Go to the adventurers' guild.
B. The amount of gems of cost for a legendary is 75 gems and these are the gems that you will need if you want to get legendary cards. Of course, this won't really work-you have to find a lot more powerful and level-improving players in order to get an legendary.
C. If you save up enough gems, you can also buy it without having to spend money on it. [substeps] Legendary chests are best when you only have a few legendaries as you have a smaller chance of getting a repeat of one you already have.
D. [title] Buy "" monster chests "" that will also help you build legendary hands. [step] "" monster chests "" are hidden areas towards the bottom right corner of the shop.

Reply with exactly one uppercase letter out of A, B, C, or D.
",340
8872.0,Pets and Animals,"[header] How to spot rabies in a dog [title] Look for early signs of rabies infection. [step] This early stage can last anywhere from two to ten days. During this time, your dog will seem sick with general symptoms.",A,"Context:
""[header] How to spot rabies in a dog [title] Look for early signs of rabies infection. [step] This early stage can last anywhere from two to ten days. During this time, your dog will seem sick with general symptoms.""

Which of the following endings best completes the context?

Choices:
A. If you notice these symptoms, search your dog for any bite marks or signs of a recent fight (scabs, scratches, ruffled fur with dried saliva). If you find a bite mark or wound of any kind, take your dog to the vet immediately for evaluation.
B. Red or purple spots on the skin or eyes may appear externally, and then slowly disappear on their own. [substeps] Signs that a dog is injured, such as limping, a fever, or low blood sugar, also indicate rabies.
C. These symptoms include : [substeps] Light brown spots that spread away from their heads making your dog appear once more pale green in color vomiting. It may be a sign of dehydration in dogs if they have not eaten.
D. Symptoms can be preceded by normal body odor. [substeps] Other symptoms include blood loss, loss of appetite, weight loss, black eyes, loose bones, and urinating or defecating.

Reply with exactly one uppercase letter out of A, B, C, or D.
",333
6154.0,Relationships,"[header] How to deal with mixed signals [title] Decide if you're reading too much into the situation. [step] Sometimes, if you're just flirting with a person, you may read the situation as more flirtatious than it is. Studies have shown that men, especially, are guilty of this problem.",A,"Context:
""[header] How to deal with mixed signals [title] Decide if you're reading too much into the situation. [step] Sometimes, if you're just flirting with a person, you may read the situation as more flirtatious than it is. Studies have shown that men, especially, are guilty of this problem.""

Which of the following endings best completes the context?

Choices:
A. That is, men are more likely to read an innocent gesture as sexual or flirtatious than women. [substeps] It may be the person isn't giving you mixed signals at all.
B. [substeps] Try checking for the signs of attraction in others. If you've made some headway and have no indication that the message you're getting is just flirtation, that's a sign to be cautious.
C. Men so often make phone calls with their partners, even when they can't remember that they were texting with their girl, making plans to eat lunch after a long day. Talking too much about your girl's romantic partner can lead her to feel insecure, uncomfortable, and unloved.
D. A lot of people find this important and not only does this affect their relationships, but also your own mental health. Being too attracted to their appearance can be contributing to both your ptsd and the relationship you're concerned about so you can be more accepting of their affection.

Reply with exactly one uppercase letter out of A, B, C, or D.
",349
49127.0,Sports and Fitness,"[header] How to play hooker in rugby [title] Start with the scrum. [step] In the scrum the hooker is the middle of the front row. Usually if it is your teams ball, you will be able to signal, via your hand which should be visible to your scrum half, when the ball goes in, this way, you have the element of surprise.",B,"Context:
""[header] How to play hooker in rugby [title] Start with the scrum. [step] In the scrum the hooker is the middle of the front row. Usually if it is your teams ball, you will be able to signal, via your hand which should be visible to your scrum half, when the ball goes in, this way, you have the element of surprise.""

Which of the following endings best completes the context?

Choices:
A. [title] When the ball comes to you, throw it to the right of the receiver before he starts to cry out. [step] This can be a rock, bend, tight row, knuckle to rock or this can be a hedgehog fly ball.
B. Now that the ball rolls in, you want to sweep it back. The ball always (should) comes in from your left.
C. You will be able to take the ball over the shoulder when it gets mid play. All the fielding players (the defenders and the linemen) will look at you and you should signal that you want the ball.
D. However, if it is your ball, you will need to further familiarize yourself with the scrum. From there, once you know the players, put your best noses on them and observe them a bit more.

Reply with exactly one uppercase letter out of A, B, C, or D.
",313
44803.0,Finance and Business,[header] How to help end homelessness [title] Volunteer your time to a local homeless shelter. [step] Start small by volunteering weekly or monthly at a homeless shelter in your area. Sign up to volunteer to serve food to the homeless or to create care packages for the homeless.,B,"Context:
""[header] How to help end homelessness [title] Volunteer your time to a local homeless shelter. [step] Start small by volunteering weekly or monthly at a homeless shelter in your area. Sign up to volunteer to serve food to the homeless or to create care packages for the homeless.""

Which of the following endings best completes the context?

Choices:
A. [substeps] Volunteer care packages are usually filled with food, often in a discrete cup, feed, and water receptacle. [title] Donate to a local organization like soup kitchens, a food drive or homeless shelter.
B. [substeps] You may challenge yourself to volunteer for 2-4 hours a week or twice a month. Or you may devote time during the holidays to work at a homeless shelter.
C. This ensures your efforts are going and you provide the homeless with what they need in the short run. [substeps] Search online for homeless shelters by state as well as city or county.
D. The homeless will be going through a lot of stressors and need assistance to accomplish their activities. It's important to advocate before starting a new organization-a process which can be difficult at first, but your efforts will become more actionable as time and effort goes on.

Reply with exactly one uppercase letter out of A, B, C, or D.
",322
9856.0,Health,"[header] How to use midol [title] Familiarize yourself with the contents of midol complete caplets. [step] This medication is a combination of different drugs. It contains 500 mg of acetaminophen , 60 mg of caffeine, and 15 mg of pyrilamine maleate (an antihistamine).",A,"Context:
""[header] How to use midol [title] Familiarize yourself with the contents of midol complete caplets. [step] This medication is a combination of different drugs. It contains 500 mg of acetaminophen , 60 mg of caffeine, and 15 mg of pyrilamine maleate (an antihistamine).""

Which of the following endings best completes the context?

Choices:
A. It is used to alleviate various menstrual symptoms including headache, backache, abdominal cramps, and bloating. [substeps] Acetaminophen is a drug used in relieving pain.
B. [substeps] If you already have the prescription for midol full caplets, then you can skip this step. If not, skip to the next step.
C. To use midol complete caplets : [substeps] Brew 50 mg of honey. Combine 25 ml of honey with 50 ml of water in a cup.
D. All of these drugs induce insomnia as it provides an optimal night of sleep. There are no surcharges for aspirin since midol usually eliminates sleepiness in the days before surgery.

Reply with exactly one uppercase letter out of A, B, C, or D.
",316
4608.0,Family Life,[header] How to care for a premature baby [title] Speak to the professionals about the problems that your baby is facing. [step] It can be very overwhelming and difficult for parents to understand exactly what their baby is at risk of. The staff is aware of this and generally will explain things to you in a way that you will understand if you continue to have questions and concerns.,D,"Context:
""[header] How to care for a premature baby [title] Speak to the professionals about the problems that your baby is facing. [step] It can be very overwhelming and difficult for parents to understand exactly what their baby is at risk of. The staff is aware of this and generally will explain things to you in a way that you will understand if you continue to have questions and concerns.""

Which of the following endings best completes the context?

Choices:
A. [substeps] If you do not have professional advice, then educate your parents and work with an pediatrician to get your baby diagnosed. They should be able to provide you with some solid advice.
B. [substeps] Fill out all of the paperwork prior to or after your appointment. Request copies of the drug and alcohol tests or any other testing the office has before and after your appointment.
C. [substeps] Call the health and emergency services, drug and alcohol abuse hotline. If you feel wary about giving your baby anything, you can go a notch deeper and ask during a meeting for more information.
D. [title] Ask as many questions as you need to in order to completely understand the care that is being provided to your baby. [step] Strange machines, special lighting, monitors and tubes attached to your baby can be frightening.

Reply with exactly one uppercase letter out of A, B, C, or D.
",326
44483.0,Computers and Electronics,"[header] How to create a gothic poem [title] Consider your topic. [step] Gothic poems are usually about death, night, suffering, and mystery. While these topics may be present to some extent in any poem, they are dominant in gothic poetry.",C,"Context:
""[header] How to create a gothic poem [title] Consider your topic. [step] Gothic poems are usually about death, night, suffering, and mystery. While these topics may be present to some extent in any poem, they are dominant in gothic poetry.""

Which of the following endings best completes the context?

Choices:
A. Where's the climax? [step] Gothic poems revolve around various major characters, and describe them in the form of mystery, darkness, and horror. Try to pick a poet that specializes in horror, sadness, and/or death.
B. [substeps] Let me first provide some basic idea of what gothic poetry is about. And then let me start to identify your subject.
C. [substeps] If you're planning to write a happy love poem, you might want to reconsider whether the gothic poem is the best form for your topic. Gothic love poems are typically about unhappy love, whether it's unrequited, forbidden, taboo, or otherwise unfortunate.
D. Gothic poetry is told mostly about the mystery of death. Sometimes it is associated with crimes and murders.

Reply with exactly one uppercase letter out of A, B, C, or D.
",294
35185.0,Computers and Electronics,"[header] How to check your cat's ears for possible problems [title] Check for signs of a fight. [step] If your cat gets into a fight, this may lead to ear injuries. Gently look inside your cat's ear to check for any signs of a bite or scratch.",C,"Context:
""[header] How to check your cat's ears for possible problems [title] Check for signs of a fight. [step] If your cat gets into a fight, this may lead to ear injuries. Gently look inside your cat's ear to check for any signs of a bite or scratch.""

Which of the following endings best completes the context?

Choices:
A. There may be a sharp object wrapped in soft tissue that nips at your cat's ear. This might be another sign of a bite.
B. [substeps] A licking, biting, and rubbing problem occurs when a cat bites or scratches at a particular ear. This is very painful and damages a cat's ear canal.
C. If there is a scratch wound from a claw, it will be long and thin. Bite marks may look like tiny punctures or a scrape.
D. Symptoms of a bite include ear pain or stiffness in the ear canal. If your cat is in danger, take it to an animal hospital or animal shelter immediately.

Reply with exactly one uppercase letter out of A, B, C, or D.
",269
32676.0,Pets and Animals,"[header] How to diagnose respiratory problems in guinea pigs [title] Listen to your guinea pig breathe. [step] If your guinea pig has a respiratory infection, he may have trouble breathing. Sounds of troubled breathing include wheezing and clicking noises.",C,"Context:
""[header] How to diagnose respiratory problems in guinea pigs [title] Listen to your guinea pig breathe. [step] If your guinea pig has a respiratory infection, he may have trouble breathing. Sounds of troubled breathing include wheezing and clicking noises.""

Which of the following endings best completes the context?

Choices:
A. This might be because his respiratory system isn't working properly and he isn't breathing. [substeps] In the absence of any improvement, your guinea pig may: cough or splutter after sneezing; yelp, as in "" yelp, cough, yelp! ""; or begin to cough.
B. You may hear your guinea pig in a sliding or clipped tone as he breathes. [title] Look for signs of a sinus infection.
C. Normal breathing in a guinea pig should be easy and quiet. [substeps] If your guinea pig has allergies, he may breathe more loudly, but probably won't have trouble breathing.
D. [substeps] Your guinea pig may cough so you have to take him to the vet. Learn more about respiratory issues by visiting the guinea pig's veterinarian for a blood test.

Reply with exactly one uppercase letter out of A, B, C, or D.
",337
37292.0,Food and Entertaining,"[header] How to make golden snitch hanging decorations [title] Paint the top half of the polystyrene balls gold using the small brush. [step] Two thin coats are better than one thick, so it won't look great at first, don't panic! While they dry, find a circular hollow to rest them so they don't roll about. Leave to dry completely.",D,"Context:
""[header] How to make golden snitch hanging decorations [title] Paint the top half of the polystyrene balls gold using the small brush. [step] Two thin coats are better than one thick, so it won't look great at first, don't panic! While they dry, find a circular hollow to rest them so they don't roll about. Leave to dry completely.""

Which of the following endings best completes the context?

Choices:
A. [title] Paint two, brick-sized gold balls in the gold paint. [step] A light brown color may work best.
B. [title] Paint gold with a thin-formed circle at the top. [step] Add two balls of the same color at the top to make the holes for the bottles.
C. [title] Using a styptic lip pencil, create several tiny dots with the pencil brush with dark brown and white over the center of the balls, each side scuffed to resemble circles. [step] Their shape is entirely up to your imagination.
D. [title] When dry, paint the bottom halves and leave to dry again. [title] Repeat with a second coat so no white is showing through.

Reply with exactly one uppercase letter out of A, B, C, or D.
",306
47305.0,Computers and Electronics,"[header] How to create a cool email address [title] Consider the different types of "" cool "" email. [step] Some emails are cool because they're kooky and unique. Others are cool because they're simple, classy, and professional.",D,"Context:
""[header] How to create a cool email address [title] Consider the different types of "" cool "" email. [step] Some emails are cool because they're kooky and unique. Others are cool because they're simple, classy, and professional.""

Which of the following endings best completes the context?

Choices:
A. For most email addresses, whatever category they are assigned, it will come down to which one is best for your business. [substeps] You might be more impressed with something that's more easily identifiable and simple.
B. Whatever industry you're in, think carefully and design your email like it would be in a business setting. Here are some examples of cool mail addresses to start with : [substeps] "" dear jane.
C. You are also being creative, creative creativity! [title] Consider who you want to use the email for. [step] [step] Sometimes the "" cool "" email is just too well constructed.
D. Still others find an engaging and original way to express your interests. You'll need to decide what you want your email address to say about you.

Reply with exactly one uppercase letter out of A, B, C, or D.
",278
39372.0,Washing face,"The woman then applies water to her face, then pours contents from the little bottle onto her hands and she begins to rub it all over her face using her fingers. the woman",D,"Context:
""The woman then applies water to her face, then pours contents from the little bottle onto her hands and she begins to rub it all over her face using her fingers. the woman""

Which of the following endings best completes the context?

Choices:
A. then shows a blow dryer with a rod attached and she grabs a towel and starts drying her hair.
B. spreads the water all over her face and then she uses a toothbrush for the dry skin.
C. then departs the bathroom and opens her kitchen cabinet to take out some salad dressing and in the process adds some strawberries she has in her hands which she spreads yes and then pours on a pancake.
D. speaks and then rinses her face off and then dries her face with a towel.

Reply with exactly one uppercase letter out of A, B, C, or D.
",212
33857.0,Food and Entertaining,"[header] How to make sprinkle encrusted chocolate [title] Set up the double boiler for use. [step] Put out the silicone chocolate molds in readiness for adding the sprinkles and melted chocolate. Arrange them on a cookie sheet or similar, for ease of keeping together.",D,"Context:
""[header] How to make sprinkle encrusted chocolate [title] Set up the double boiler for use. [step] Put out the silicone chocolate molds in readiness for adding the sprinkles and melted chocolate. Arrange them on a cookie sheet or similar, for ease of keeping together.""

Which of the following endings best completes the context?

Choices:
A. [title] Cool the mixture in the refrigerator overnight. [step] Once cold, the sprinkles will thicken and melt.
B. [title] Add extra butter and syrup to the saucepan with the melted chocolate mixture. [step] Make sure that it reaches the temperature specified in this recipe, depending on whether it has already been set.
C. [title] Set a timer for about 10 minutes, until chocolate heats. [step] For a simpler approach, set it to an hour.
D. [title] Melt the chocolate in the double boiler. [step] Heat gently until it is soft, with no chunks, and take care not to burn it.

Reply with exactly one uppercase letter out of A, B, C, or D.
",289
3276.0,Computers and Electronics,"[header] How to print uber receipts [title] Check your email. [step] After each trip your take with uber, the summary and receipt is sent to the email address [title] Open the email receipt. [step] Click the email from uber that matches the trip you want to print a receipt for.",D,"Context:
""[header] How to print uber receipts [title] Check your email. [step] After each trip your take with uber, the summary and receipt is sent to the email address [title] Open the email receipt. [step] Click the email from uber that matches the trip you want to print a receipt for.""

Which of the following endings best completes the context?

Choices:
A. When you open the email, a pop-up window will appear saying: "" design pop-ups here. "" click "" open "" to view an overview of the various tab options.
B. This can be any email address that matches exactly what you want. [title] Return to your email in the text notes box.
C. Most incoming emails will send the receipt in the mail. [title] Go to the uber website in your web browser.
D. If you don't see the uber receipt in your email, check your spam or junk mail folder. [substeps] If you're having trouble locating the email, try searching for "" uber "" in your mail program to view all the emails you've received from uber.

Reply with exactly one uppercase letter out of A, B, C, or D.
",284
3162.0,Computers and Electronics,"[header] How to get the most out of the blackberry 8520 [title] Use voice dialing to do stuff by just saying it. [step] To use it go to "" applications "" and then click on voice dialing. It will ask you to say a command.",A,"Context:
""[header] How to get the most out of the blackberry 8520 [title] Use voice dialing to do stuff by just saying it. [step] To use it go to "" applications "" and then click on voice dialing. It will ask you to say a command.""

Which of the following endings best completes the context?

Choices:
A. You can say a name of someone on your contact list and then call them and check an item. [title] Use the password keeper to store passwords.
B. [title] Press the ask button and type in' 08520'. [title] Once you have added all the commands correctly let the voice call take effect.
C. When you first login go to "" name "" then click on voice. [title] Go to chat then go to "" notifications "" then "" enter word count [your name] "" and press ok code in right at the bottom of the screen.
D. Do this from there you can only do some things if you keep doing stuff with it. [title] Finally from the blackberry website, choose the correct format in the keypad on the right (8520).

Reply with exactly one uppercase letter out of A, B, C, or D.
",283
6561.0,Pets and Animals,"[header] How to castrate a horse [title] Get your horse assessed by a veterinarian. [step] Your vet will need to assess your horse before the procedure and talk to you about the options for castration surgery. Some horses will be able to be castrated under sedation while at home in his stall, while others will need to be castrated under full anesthesia in a clinical setting.",D,"Context:
""[header] How to castrate a horse [title] Get your horse assessed by a veterinarian. [step] Your vet will need to assess your horse before the procedure and talk to you about the options for castration surgery. Some horses will be able to be castrated under sedation while at home in his stall, while others will need to be castrated under full anesthesia in a clinical setting.""

Which of the following endings best completes the context?

Choices:
A. [substeps] If your horse has a medical condition that does not require treatment, he may not be given castration surgery. If the hoof was cut during the procedure, this may be more than relevant to your horse.
B. [substeps] For many horses, castration surgery is the safest option for a horse. If your horse is unaware of the possibility of anesthesia surgery, surgery will be the safest option for them at home.
C. Be aware that castration surgery can only be performed in certain conditions. [substeps] Like surgery, the process will require pressure on the horse's head and other internal organs to be numbed with gauze or a surgical bandage.
D. [substeps] If the horse is healthy with two scrotal testicles, then the veterinarian may opt to to sedate the horse and operate using local anesthesia. This may be done in the field or at the clinic.

Reply with exactly one uppercase letter out of A, B, C, or D.
",359
8858.0,Work World,"[header] How to sell items at a farmers market [title] Offer items that are in demand. [step] If you notice that people are asking if you have bagged, pre-washed lettuce leaves instead of whole heads, modify your selection to include more bagged lettuce. When you sell items at a farmers market, these items should reflect what the local community wants.",B,"Context:
""[header] How to sell items at a farmers market [title] Offer items that are in demand. [step] If you notice that people are asking if you have bagged, pre-washed lettuce leaves instead of whole heads, modify your selection to include more bagged lettuce. When you sell items at a farmers market, these items should reflect what the local community wants.""

Which of the following endings best completes the context?

Choices:
A. [substeps] Choose items that are in high demand, and offer specific discounts. For example, you might offer pre-steamed burgers for $200.
B. [title] Keep produce items fresh and on ice if necessary. [step] Nobody wants to purchase wilted produce.
C. [substeps] For example, you might encourage people to purchase bags of frozen veggies or low-calorie cheese. Then you should offer fruits and vegetables "" as a "" item.
D. Give people old, used, or damaged lettuce as prizes. [title] Compete with items in your potato-producing area.

Reply with exactly one uppercase letter out of A, B, C, or D.
",280
30055.0,Youth,[header] How to have a big time rush sleepover [title] Check with your parents first. [step] This is especially important if you are quite young. [title] Ask people in your class if they like big time rush.,A,"Context:
""[header] How to have a big time rush sleepover [title] Check with your parents first. [step] This is especially important if you are quite young. [title] Ask people in your class if they like big time rush.""

Which of the following endings best completes the context?

Choices:
A. [step] If they happen to be wearing a btr shirt, or talk about btr a lot, it could be a sign they like them. Write down names of the people who want to go.
B. [step] If they don't like big time rush you're too young and they have a good reason for asking. [title] Carefully consider making a plan for when you have to attend the sleepover.
C. [step] They will most probably tell you when and where to do it. They might also tell you you can't go when curfew is due.
D. [step] More involved in your life will be fun for you and the people in your class. [title] Decide what age group will be you (elementary and middle school age children; middle & high school boys and girls).

Reply with exactly one uppercase letter out of A, B, C, or D.
",280
42174.0,Finance and Business,"[header] How to clean an imac screen [title] Shutdown and unplug your imac. [step] Click the apple icon in the upper left corner of your imac screen. Then click "" shut down.",C,"Context:
""[header] How to clean an imac screen [title] Shutdown and unplug your imac. [step] Click the apple icon in the upper left corner of your imac screen. Then click "" shut down.""

Which of the following endings best completes the context?

Choices:
A. "" if you have an ios device older than the ios 6.7 os or bigger, this can be done by clicking "" apple device manager "" or clicking "" devices "" from your device's dock. [substeps] Turn off the device you're going to use the cleanest find-appropriate system cleaner.
B. "" turn off your apple screen (which you have accessible through your ios device). [substeps] If you don't have an ios device, you can plug one end of the usb cord into the port on the outside of your ios device.
C. "" unplug the power cord from the back of your imac. [substeps] Additionally, unplug any other devices that are connected to your imac like speakers and hdmi cords.
D. "" [title] Press and hold the power button. [step] Once it turns off, press and hold the power button until the apple logo appears.

Reply with exactly one uppercase letter out of A, B, C, or D.
",299
39569.0,Personal Care and Style,[header] How to dress like a lawyer [title] Think about where you live. [step] There are big differences in dress codes and expectations depending on where you live. Different regions of the united states have different expectations and dress codes.,C,"Context:
""[header] How to dress like a lawyer [title] Think about where you live. [step] There are big differences in dress codes and expectations depending on where you live. Different regions of the united states have different expectations and dress codes.""

Which of the following endings best completes the context?

Choices:
A. If the person who hired you has expectations of your ability to dress professionally, you need to find ways to enact that expectation. [substeps] A candidate shouldn't wear inappropriate clothes.
B. You will need to talk with an accountant or search online for some firsthand knowledge about the differences in culture and dress codes. [title] Make sure to wear skin care products and household products.
C. Before you go to work on day one, try to understand the norms where you are and follow them. If you are not sure, be cautious and dress formally and conservatively.
D. Pay special attention to which department you are being called to respect rules when it comes to changing into a suit. [substeps] Black and navy suits and white pleated shirts are the exceptions.

Reply with exactly one uppercase letter out of A, B, C, or D.
",278
9743.0,Health,"[header] How to make baking soda toothpaste [title] Start with baking soda. [step] Acidity in the foods we eat is the main culprit in damaging our teeth. Baking soda is one of the best defenses because it helps to neutralize acids, encouraging healthy bacteria and protecting your teeth's enamel.",C,"Context:
""[header] How to make baking soda toothpaste [title] Start with baking soda. [step] Acidity in the foods we eat is the main culprit in damaging our teeth. Baking soda is one of the best defenses because it helps to neutralize acids, encouraging healthy bacteria and protecting your teeth's enamel.""

Which of the following endings best completes the context?

Choices:
A. [substeps] For more accurate results, stir acidity from foods such as raw vegetables and dried fruit together with water in a 1:1:1 ratio. Then, base the ratios of how much you actually need with one part water and one part baking soda.
B. You can purchase premade baking soda at your local grocery store or at other junk food stores. [title] Put baking soda in the most accessible cup or container.
C. Further, it is also much less abrasive than many commercially available toothpastes, while still capable of providing enough abrasion to clean your teeth. , [substeps] Baking soda stimulates saliva and minerals, which helps the natural process of remineralization.
D. Yogurt, almond extract, rice flour, and cream of yogurt are all good sources of acidity in your mouth. [substeps] Saltier foods like bread and pasta should also be avoided.

Reply with exactly one uppercase letter out of A, B, C, or D.
",357
15287.0,Food and Entertaining,[header] How to make crispy honey chili potatoes [title] Cut the potatoes into thin fingers. [title] Sprinkle the potatoes with the salt and pepper. [step] Coat all of the potato slices evenly.,C,"Context:
""[header] How to make crispy honey chili potatoes [title] Cut the potatoes into thin fingers. [title] Sprinkle the potatoes with the salt and pepper. [step] Coat all of the potato slices evenly.""

Which of the following endings best completes the context?

Choices:
A. [title] Heat the coals in the deep fryer to 350 ° f (177 ° c). [title] ( optional) combine in 1 tbsp.
B. [title] Cook for 3 to 5 minutes or until the potatoes are cooked through and start to leave a little taste. [title] Add the corn and cook for one to two minutes to loosen the corn and promote deep simmer.
C. [title] Stir together the flour and the cornflour. [title] Coat the potato slices with the flour-cornflour mixture.
D. [title] Flip the potatoes over and put them on a cutting board. [step] Use a slow, vertical cutting motion.

Reply with exactly one uppercase letter out of A, B, C, or D.
",274
3813.0,Home and Garden,"[header] How to frame a dormer [title] Schedule your project considering that the roof will be wide open and the work may last an entire day. [title] Create a layout that incorporates the details of the project such as slope, headroom and exterior appearance. [title] Purchase your materials, including wood, windows and any other specialty items.",B,"Context:
""[header] How to frame a dormer [title] Schedule your project considering that the roof will be wide open and the work may last an entire day. [title] Create a layout that incorporates the details of the project such as slope, headroom and exterior appearance. [title] Purchase your materials, including wood, windows and any other specialty items.""

Which of the following endings best completes the context?

Choices:
A. [step] A master joist (standalone working kit) will do the job for you. [title] Mark the area where the client can be placed to get an idea of what you need.
B. [substeps] Arrange for delivery of the materials as well as an industrial trash receptacle for the scraps. [title] Acquire a heavy-duty tarp that is large enough to entirely cover the roof.
C. [step] These will act as framing materials and can be removed when the project is complete. [substeps] Mount studs in the roof and wall to serve as the roofing material and overlay.
D. [title] Rent the interior and exterior of the house with rental money. [title] Obtain your plan by doing a quick internet search to obtain details, such as the weather and how to get to the property.

Reply with exactly one uppercase letter out of A, B, C, or D.
",314
23731.0,Education and Communications,[header] How to teach consonsant blends [title] Start with 2 letter blends that begin words. [step] Explain to students that 2 consonants together in 1 word make up a blend. These blends typically make a distinct sound.,A,"Context:
""[header] How to teach consonsant blends [title] Start with 2 letter blends that begin words. [step] Explain to students that 2 consonants together in 1 word make up a blend. These blends typically make a distinct sound.""

Which of the following endings best completes the context?

Choices:
A. Choose several 2 letter blends to demonstrate what you're talking about, and show multiple examples for each blend. [substeps] On the board, write out several common blends and a word that goes along with them.
B. [substeps] For example, fritzer blends sound like "" s "" in english. Nitt blends are similar, but they can actually combine letters together.
C. [substeps] Common common blends use a combination of consonants without a real sound. For example, c & w stands for na, n.
D. [substeps] Insert each letter of the consonsant blend between the letters of the binaural inhibitor in order to have a single sound. For example, a single letter c, g, e, j, t, l, d, f, a, k, (etc.

Reply with exactly one uppercase letter out of A, B, C, or D.
",295
20215.0,Computers and Electronics,"[header] How to change age on youtube [title] Go to youtube.com. [title] Click on "" sign in. [step] "" it's the blue link in the upper right corner of the browser window.",B,"Context:
""[header] How to change age on youtube [title] Go to youtube.com. [title] Click on "" sign in. [step] "" it's the blue link in the upper right corner of the browser window.""

Which of the following endings best completes the context?

Choices:
A. [title] Type your username and password into the fields provided. [step] The link will be a box that shows up after you click on it.
B. [substeps] Your browser may automatically sign you into google +. If this is the case, click on your profile picture in the upper-right corner of the browser window.
C. [substeps] If prompted, enter your email address and password to sign in. [title] Select the age you want to remove.
D. The sign-in process will take you to a page where you will apply your age tag, and is usually located in the "" text "" box in the lower left corner of the page. [title] Click the "" change age tag "" drop-down menu.

Reply with exactly one uppercase letter out of A, B, C, or D.
",258
17696.0,Sports and Fitness,"[header] How to play badminton [title] Understand the object of the game. [step] Badminton, like tennis, is a racket sport that is played by either two players or two teams of two players each. The object is for you or your team to get to 21 points first.",C,"Context:
""[header] How to play badminton [title] Understand the object of the game. [step] Badminton, like tennis, is a racket sport that is played by either two players or two teams of two players each. The object is for you or your team to get to 21 points first.""

Which of the following endings best completes the context?

Choices:
A. You and your team each push the ball farther than the other one. As the other team reaches 21 points, you have to scoop the ball much further every time.
B. [substeps] The player with the cup is given a three-hit penalty, the player with home free serve, or the person who does not get a four-hit penalty. Each player has one opportunity to score one point.
C. You score a point whenever you successfully serve the shuttlecock and your opposing team commits a fault, which means that the team fails to appropriately return the shuttlecock. [substeps] To win each game, you must earn 21 points first, and win by two in the process.
D. The goal is for the players to pick a place where to be on the court when the team reaches 220 points on the start-up. This playing position will automatically tell you which match suits you most.

Reply with exactly one uppercase letter out of A, B, C, or D.
",318
40588.0,Sports and Fitness,"[header] How to roll a kayak [title] Practice learning to roll in calm, shallow water. [step] Have a friend spot you while you are learning how to roll. It's always a good idea to establish a distress signal, too, so you can communicate if you need help.",A,"Context:
""[header] How to roll a kayak [title] Practice learning to roll in calm, shallow water. [step] Have a friend spot you while you are learning how to roll. It's always a good idea to establish a distress signal, too, so you can communicate if you need help.""

Which of the following endings best completes the context?

Choices:
A. [substeps] Setting up to roll is important not only during practice but also during normal kayaking. It will help you roll over quickly and efficiently.
B. Try spinning around in the water with your friend and having them roll you if they are similar to you in size to avoid sending messages to each other. [substeps] You can also try demonstrating "" hand paddling "" that will help you really control your kayak.
C. [title] Be sure to get your gear wet beforehand. [step] The more time you spend on wet surfaces, the easier it will be to shake and roll.
D. [title] Understand push-ups, sit-ups, and chin-ups. [step] The most important goal is to get into the correct position.

Reply with exactly one uppercase letter out of A, B, C, or D.
",285
4701.0,Pets and Animals,"[header] How to treat chronic vomiting in cats [title] Determine if your cat is healthy aside from her chronic vomiting. [step] If your cat is healthy despite vomiting often, it means that there is most likely no underlying medical cause that needs to be treated. Instead, aspects of your cat's lifestyle might need to be changed.",C,"Context:
""[header] How to treat chronic vomiting in cats [title] Determine if your cat is healthy aside from her chronic vomiting. [step] If your cat is healthy despite vomiting often, it means that there is most likely no underlying medical cause that needs to be treated. Instead, aspects of your cat's lifestyle might need to be changed.""

Which of the following endings best completes the context?

Choices:
A. If your cat is less likely to vomit frequently, but her stomach is still full, it means that there is a serious medical issue that needs to be assessed. [title] Consider switching your cat's diet.
B. [title] Go to your veterinarian to begin treatment. [step] If your cat suffers from persistent chronic vomiting, call emergency veterinary office and ask if they can arrange for treatment.
C. Signs that this may be the case include : [substeps] Your cat is not losing weight. Your cat acts like she normally does, and seems generally healthy.
D. [substeps] Your cat might have ingested too much zoloft. Under normal circumstances your cat should be examined by a vet.

Reply with exactly one uppercase letter out of A, B, C, or D.
",296
48843.0,Home and Garden,[header] How to keep algae out of water fountains [title] Place your fountain in the shade. [step] Direct sunlight enables more rapid algae growth. Help minimize algae proliferation by keeping your fountain in a shady or covered area.,B,"Context:
""[header] How to keep algae out of water fountains [title] Place your fountain in the shade. [step] Direct sunlight enables more rapid algae growth. Help minimize algae proliferation by keeping your fountain in a shady or covered area.""

Which of the following endings best completes the context?

Choices:
A. [substeps] A good place to place your fountain is under a hooded garage door or on top of a raised platform. Do not place your fountain in direct sunlight, since this will disrupt the biological chemistry of your fountain and cause algae to develop in its water.
B. [substeps] If a completely shaded area is not available, a partially shaded area may still help slow algae growth. Also consider placing a cover such as an umbrella or awning in the area near your fountain to help provide shade if no natural shade is available.
C. [substeps] You should actually water the fountain about two to three times per day, since slow growth can attract water from other fountains. Do not place the fountain under any overhanging structures or near buildings.
D. [title] Put your fountain in a well lit location. [step] Muddy and/or wet, it will not be able to drain properly at this point, leading to algae poisoning.

Reply with exactly one uppercase letter out of A, B, C, or D.
",344
28430.0,Computers and Electronics,"[header] How to do a gis (geographic information systems) academic project [title] Write down what spatial questions you would like to ask a gis. [title] Your data must include geographic references such as street addresses or xy coordinates. [title] If not, begin collecting this information.",B,"Context:
""[header] How to do a gis (geographic information systems) academic project [title] Write down what spatial questions you would like to ask a gis. [title] Your data must include geographic references such as street addresses or xy coordinates. [title] If not, begin collecting this information.""

Which of the following endings best completes the context?

Choices:
A. [title] Do any other test questions you have. [title] Put all data into a spreadsheet folder in your work desk to be easily changed when complete.
B. [title] Ensure the integrity and consistency of your data. [title] Be cautious about the data as the accuracy and standardization of addresses and other variables will contribute to the overall ease or difficulty with which the data is integrated into a gis.
C. [title] Visit the gis website to access this basic lecture unit. [title] Schedule a time and place to discuss the subject with gis.
D. [step] It's less challenging but there is no limit to what you can collect. [title] Now look around and figure out the area where you are.

Reply with exactly one uppercase letter out of A, B, C, or D.
",279
19264.0,Baking cookies,"A woman is now slicing up chunks of chocolate with a large knife, then begins to mix various ingredients, as well as melting butter and chocolate on a double broiler, mixing wet ingredients with dry ingredients, then mixing the chocolate chunks into the mixture as instructions appear from time to time. the instructions on the screen",D,"Context:
""A woman is now slicing up chunks of chocolate with a large knife, then begins to mix various ingredients, as well as melting butter and chocolate on a double broiler, mixing wet ingredients with dry ingredients, then mixing the chocolate chunks into the mixture as instructions appear from time to time. the instructions on the screen""

Which of the following endings best completes the context?

Choices:
A. indicate that chocolate is using soap when mixed with melting butter.
B. all seem different, but her is the one that look the most perfect and she repeats them more often.
C. say her name is sandy matilda and needs to get caramel squeeze sticks to make caramel sprouts and also her number and acdc disc number.
D. now say "" drop 1-1 1/2 tablespoon portions 2-inches apart "" and the woman is shown spooning the cookie dough mixture onto a baking pan.

Reply with exactly one uppercase letter out of A, B, C, or D.
",259
35683.0,Computers and Electronics,"[header] How to remove an atx motherboard [title] Begin by shutting down your computer and removing all cables from the case. [title] Make sure you are in a static-free environment, with rubber-soled shoes on. [step] It is good practice to have an anti-static wrist-wrap attached and clipped on to something metal.",A,"Context:
""[header] How to remove an atx motherboard [title] Begin by shutting down your computer and removing all cables from the case. [title] Make sure you are in a static-free environment, with rubber-soled shoes on. [step] It is good practice to have an anti-static wrist-wrap attached and clipped on to something metal.""

Which of the following endings best completes the context?

Choices:
A. It is also frequently suggested to touch things metal, other than your computer, while working with sensitive computer parts. [title] Remove all screws holding the outer shell of your desktop or tower and slide off the metal casing.
B. Don't wear rubber gloves, and wear a long sleeved shirt for protection. [title] Ensure that any accessories, such as the power panel, circuit board and keyboard are secure.
C. [title] First, run any system hardware check (detailed in the manual). [step] The prompt for systems check will be on the left side of the file, near the front of the computer, and if they aren't, it says' notify'.
D. You will also want to leave a tool or something similar covering it so that you don't damage your coating while you are working on the computer. That way you can look over it later but do not wear it when working on your computer.

Reply with exactly one uppercase letter out of A, B, C, or D.
",333
33750.0,Finance and Business,"[header] How to handle criminal plea negotiations [title] Appreciate the importance of having a lawyer represent you. [step] Under almost all criminal proceedings, you are entitled to be represented by a lawyer (exceptions include civil forfeiture cases in municipal court, and in some jurisdictions, first offense dui cases). Criminal defense lawyers are experts in resolving cases as efficiently and favorably as possible.",A,"Context:
""[header] How to handle criminal plea negotiations [title] Appreciate the importance of having a lawyer represent you. [step] Under almost all criminal proceedings, you are entitled to be represented by a lawyer (exceptions include civil forfeiture cases in municipal court, and in some jurisdictions, first offense dui cases). Criminal defense lawyers are experts in resolving cases as efficiently and favorably as possible.""

Which of the following endings best completes the context?

Choices:
A. A criminal defense attorney will be experienced in plea negotiations, and will likely have a professional relationship with the prosecution and judge. A local defense attorney will also have a better understanding of how prosecutors in your area approach plea bargaining.
B. Even if you do not have a lawyer, you do have a good chance of getting a good deal. Accordingly, you should know that you will have to watch out for your lawyer in every case you handle.
C. They are also expert constitutional rights attorneys and have extensive knowledge of technical issues that can affect you in at least some way. [title] File a lawsuit and have a lawyer represent you.
D. You will ask family and friends for recommendations. Note the following, including : [substeps] The name of the lawyer you spoke to.

Reply with exactly one uppercase letter out of A, B, C, or D.
",320
16764.0,Cars & Other Vehicles,"[header] How to choose the perfect first car [title] Talk with your parents. [step] Let them know that you're serious about wanting a car and speak with them about options and finances. Are you going to inherit mom's old van, or are you going to get a new (or new to you) vehicle? [title] Create a plan.",B,"Context:
""[header] How to choose the perfect first car [title] Talk with your parents. [step] Let them know that you're serious about wanting a car and speak with them about options and finances. Are you going to inherit mom's old van, or are you going to get a new (or new to you) vehicle? [title] Create a plan.""

Which of the following endings best completes the context?

Choices:
A. [step] Get out a spreadsheet on all areas. Think about pricing, whether you'll get a check, and other important things.
B. [step] If your parents want you to pay for a portion of the car, insurance or gas, come up with a plan to cover these expenses. Some parents decide to meet their child halfway with the cost, so you'll need to figure out how much you need to pay.
C. [step] That way you'll know exactly what to do. Setting aside time every day to think about all the details.
D. [step] Detail your plan a bit if you need to. Be brief and be prepared to show how you plan to split fuel and gasoline costs.

Reply with exactly one uppercase letter out of A, B, C, or D.
",285
45905.0,Pets and Animals,"[header] How to choose fish for a freshwater aquarium [title] Choose fish that will fit in your aquarium. [step] If you already have an aquarium, you can use its size to help inform your decision regarding which fish to purchase. Do a little online research-or talk to knowledgeable sales staff at a pet store-to see how large specific species of fish will grow to be.",A,"Context:
""[header] How to choose fish for a freshwater aquarium [title] Choose fish that will fit in your aquarium. [step] If you already have an aquarium, you can use its size to help inform your decision regarding which fish to purchase. Do a little online research-or talk to knowledgeable sales staff at a pet store-to see how large specific species of fish will grow to be.""

Which of the following endings best completes the context?

Choices:
A. [substeps] Most of the breeds of freshwater fish that you find at a pet store will fit in a 15-gallon tank. Although juvenile fish you see in pet stores may be small, as they grow, many species will become quite large.
B. [substeps] Keeping your fish small and its size in mind can also help you plan out what tank to buy and getting your fish ready for buying. Treat your fish with the same care you do when purchasing fish from a store or natural food service.
C. [substeps] Remember that if you don't buy the right tank, you run the risk of having larger fish go extinct or staying out of water for a longer time. Perhaps fish that are worth purchasing will also grow the easiest and more cost-effective.
D. Then, consider buying more fish or switching to smaller species-fish that will thrive under only a few pounds of fish, though this does not guarantee a clean fish tank. [substeps] At the same time, try to be happy with each fish that you purchase.

Reply with exactly one uppercase letter out of A, B, C, or D.
",369
41781.0,Computers and Electronics,"[header] How to pick up a girl in a club [title] Shower and groom yourself. [step] You want to give the best first impression you can when meeting people, and that starts with your physical appearance. Luckily, looking good does not actually take a lot of work--clean off, brush your teeth, and wear clean, crisp clothes.",A,"Context:
""[header] How to pick up a girl in a club [title] Shower and groom yourself. [step] You want to give the best first impression you can when meeting people, and that starts with your physical appearance. Luckily, looking good does not actually take a lot of work--clean off, brush your teeth, and wear clean, crisp clothes.""

Which of the following endings best completes the context?

Choices:
A. [substeps] Wear deodorant and, if you are putting on cologne or other fragrance, be sure to use it in moderation. Imagine you are going out on a date.
B. Next, consider using mascara and a splash of body paint or lipstick that match your outfit. [substeps] If your hair is straight back, place it in a high ponytail just below your shoulder.
C. Don't forget to groom your hair too, but wear it in natural waves, braids, or cuts. Don't wash it first, but shampoo, condition, and style it whatever suits you.
D. Your body must also be clean! You should also wear a nice blouse and nice-looking skirt, for example. If possible, your skirt will fall perfectly at the nape of your back, and show off that beautiful cleavage under your shirt.

Reply with exactly one uppercase letter out of A, B, C, or D.
",331
8756.0,Food and Entertaining,[header] How to make an ice cream sundae grande [title] Get out a bowl. [step] The bowl should be a bit bigger than a normal sized bowl. [title] Warm some chocolate syrup in the microwave and pour it into the bottom of the bowl.,D,"Context:
""[header] How to make an ice cream sundae grande [title] Get out a bowl. [step] The bowl should be a bit bigger than a normal sized bowl. [title] Warm some chocolate syrup in the microwave and pour it into the bottom of the bowl.""

Which of the following endings best completes the context?

Choices:
A. [title] Once it's warm enough add the ice cream. [step] Use no more than 1/2 of a cup.
B. [title] Microwave 1/3 of the way on high, slowly drizzle the rest of the mixture over the ice cream and start to heat up. [title] Cook the mixture in the microwave for 30 seconds.
C. [title] Pour the snow cream in and mix everything and just heat for a minute or two or two. [title] Carefully pour the ice cream into the bowl.
D. [step] It should cover just the bottom of the bowl. [title] Scoop out your first choice of ice cream and put it on the bottom.

Reply with exactly one uppercase letter out of A, B, C, or D.
",283
35036.0,Home and Garden,"[header] How to decorate shelves in a bedroom [title] Pull out all the items you need to store on the shelves. [step] For example, you may have a huge collection of dvds or photo albums that definitely require shelf space. Your shelves can serve a purpose and look stylish at the same time, but giving objects that need a home priority can help guide your process.",C,"Context:
""[header] How to decorate shelves in a bedroom [title] Pull out all the items you need to store on the shelves. [step] For example, you may have a huge collection of dvds or photo albums that definitely require shelf space. Your shelves can serve a purpose and look stylish at the same time, but giving objects that need a home priority can help guide your process.""

Which of the following endings best completes the context?

Choices:
A. Make clear it's okay if furniture is out of keeping, and don't pry around. [substeps] You may want to move or find extra storage opportunities within your home.
B. [substeps] Before you start decorating, go through your closet and any used books/magazines you might have. Find what you want to accessorize, and use that space for display.
C. [title] Choose colors that complement the existing décor. [step] You want to try to match the colors or materials the bedroom already has.
D. [title] Wash shelves with warm soap and water. [step] This helps to remove dirt that may be drying on shelves, to improve your shelf texture.

Reply with exactly one uppercase letter out of A, B, C, or D.
",303
36535.0,Home and Garden,"[header] How to make a vinegar cleaning solution [title] Mix equal parts water and vinegar in a spray bottle. [step] Use distilled white vinegar and, if possible, distilled or filtered water. If you don't have those on hand, tap water will work fine.",D,"Context:
""[header] How to make a vinegar cleaning solution [title] Mix equal parts water and vinegar in a spray bottle. [step] Use distilled white vinegar and, if possible, distilled or filtered water. If you don't have those on hand, tap water will work fine.""

Which of the following endings best completes the context?

Choices:
A. Be aware that white vinegar can interact poorly with the oils in vinegar, so dilute it with distilled water first in a spray bottle so that it doesn't ruin the sour vinegar smell. You can also try using apple cider vinegar instead.
B. [substeps] An airtight container will be ideal. [title] Add the liquid soap or ammonia, then slowly add a little bit more liquid soap or water to counteract the cleaning agents.
C. Add 2 tbsp (30 ml) of the cleaning solution to a 1 quart (91.4 ml) glass of water. [substeps] For best results, use distilled or filtered water, but be sure to test the mixture before you use it.
D. Put them in an empty spray bottle, attach the nozzle and shake briefly to combine them. [substeps] Spray this mixture on kitchen and bathroom countertops, stovetops, backsplashes, toilet surfaces, tile, flooring and almost any smooth surface you wish.

Reply with exactly one uppercase letter out of A, B, C, or D.
",363
15953.0,Family Life,"[header] How to buy sunglasses for toddlers [title] Purchase sunglasses that offer ultraviolet (uv) ray protection. [step] Uv ray exposure is responsible for nearly all skin cancers, and also has negative effects on the lens and inner structure of your child's eyes. Any sunglasses your toddler wears should offer protection against both types of uv rays: uva and uvb.",B,"Context:
""[header] How to buy sunglasses for toddlers [title] Purchase sunglasses that offer ultraviolet (uv) ray protection. [step] Uv ray exposure is responsible for nearly all skin cancers, and also has negative effects on the lens and inner structure of your child's eyes. Any sunglasses your toddler wears should offer protection against both types of uv rays: uva and uvb.""

Which of the following endings best completes the context?

Choices:
A. [substeps] If your toddler is younger, make sure the sunglasses they wear offer ultraviolet protection for and prevent uvb rays from penetrating the eyes. Make sure the frames are biodegradable and are uva-resistant.
B. Only purchase sunglasses that have a clear label on the frame or lens stating that they protect against uv rays. Look for glasses that block 99-100% of these harmful rays.
C. [title] Purchase glasses from your child's specialist. [step] Before you buy a pair of contact lenses for your toddler, your specialist will likely select the one they would like for your child (s) and recommend the correct lens size for your child.
D. [substeps] If you need protection, go for sunglasses with a uva-uvb spectrum. Tap your finger against the outside of your wrist as you place the sunglasses on.

Reply with exactly one uppercase letter out of A, B, C, or D.
",370
44610.0,Home and Garden,"[header] How to buy a lawn tractor [title] Determine what your needs are. [step] How much grass do you have to cut? Purchasing a lawn tractor is a good choice if you have a large size yard with more than a 1/2 acre (21 , 780 sq. Ft, or 2 , 024 m �) of grass to mow.",B,"Context:
""[header] How to buy a lawn tractor [title] Determine what your needs are. [step] How much grass do you have to cut? Purchasing a lawn tractor is a good choice if you have a large size yard with more than a 1/2 acre (21 , 780 sq. Ft, or 2 , 024 m �) of grass to mow.""

Which of the following endings best completes the context?

Choices:
A. You will need a complete formula on how much you need to mow per week. This formula will differ depending on the type of lawn tractor you have.
B. [title] Assess the type of terrain that you will be using a lawn tractor for. [step] Do you have a fairly level yard or does the terrain present a more challenging hilly landscape? [title] Consider a lawn tractor with a more powerful engine to efficiently tackle bigger loads.
C. [title] Learn the general pruning guidelines for the region where you plan to live. [step] Knowing the general pruning guidelines will make it easier for you to make precise cuts.
D. Before making a purchase, always keep a running log of daily times when you mow. From midnight to 4:00 p.m.

Reply with exactly one uppercase letter out of A, B, C, or D.
",326
11534.0,Food and Entertaining,"[header] How to make candy melts covered popcorn [title] Place the pack of candy melts in the microwave. [step] Cook for 1 minute, stirring in between regular intervals. [title] Pop the corn if it isn't already made.",B,"Context:
""[header] How to make candy melts covered popcorn [title] Place the pack of candy melts in the microwave. [step] Cook for 1 minute, stirring in between regular intervals. [title] Pop the corn if it isn't already made.""

Which of the following endings best completes the context?

Choices:
A. [step] Flip it over and cook on five more minutes for a different effect. [substeps] Corn chips don't turn out very crispy.
B. [step] Add the popped corn to the serving bowl. [substeps] If preferred, you could just put in store-bought pre-made popcorn.
C. [step] By popping the corn, it will pop and melt in a cup, bowl or other area of your kitchen. [substeps] Follow the packaging instructions for your corn.
D. [step] The popcorn will melt very quickly in the microwave when it's added. If you have that removed, there isn't much store-bought popcorn to make just yet.

Reply with exactly one uppercase letter out of A, B, C, or D.
",278
1262.0,Pets and Animals,[header] How to teach your dog basic commands [title] Begin training by teaching your dog how to sit on command. [step] Sitting is the dog form of politeness. It is a natural action.,A,"Context:
""[header] How to teach your dog basic commands [title] Begin training by teaching your dog how to sit on command. [step] Sitting is the dog form of politeness. It is a natural action.""

Which of the following endings best completes the context?

Choices:
A. It shows that a dog is not aggressive and that she or he is willing to wait. [substeps] As you enforce the' sit' command, the dog will learn that when it wants something, or you are busy, sitting and waiting is the right thing to do.
B. Your dog's first instinct as a dog owner is to pee on you. This behavior will diminish even further if you teach it to sit.
C. To teach your dog proper sit-ins, you need to start with sitting right on command. This enables your dog to use the proper position of sitting to obey commands and to gain control of interactions with others.
D. There is no shame in using your murano teaching system for new commands. Begin by holding the whip in your hand, while holding your dog's hand.

Reply with exactly one uppercase letter out of A, B, C, or D.
",267
37082.0,Computers and Electronics,"[header] How to set, reset, remove and recover the password of excel files [title] Click on the office button, select prepare, and then choose encrypt document [title] Enter a password in the password box and then press ok. [title] Re-enter the previous password to confirm and then press ok. [title] Save the password and the ms excel 2007 document.",C,"Context:
""[header] How to set, reset, remove and recover the password of excel files [title] Click on the office button, select prepare, and then choose encrypt document [title] Enter a password in the password box and then press ok. [title] Re-enter the previous password to confirm and then press ok. [title] Save the password and the ms excel 2007 document.""

Which of the following endings best completes the context?

Choices:
A. [title] Open the presentation icon in the list of message folders, you should see that the cursor is blue and marks. [title] Press o and press ctrl + c.
B. [title] You can open the document for the new password. [title] Open the document within microsoft outlook & 2007, and create the new password in the "" add account "" bar.
C. [step] ( note: as microsoft advises, you must not forget the password or you will not be able to get into the document. If forget, you have to turn to third-party software like excel password rescuer for help.
D. [title] Click on create new ip address in the web page to create a new ip address for irs (irs). [title] Enter a password for un-icmonitor windows [title] Select the address from the home field and click on settings then all settings.

Reply with exactly one uppercase letter out of A, B, C, or D.
",328
47.0,Youth,[header] How to be a smart fourth grader [title] Don't fall behind with your schoolwork. [step] Do your homework first before watching tv or playing on the computer. When you start your homework early you have time to ask for help from your parents or siblings.,D,"Context:
""[header] How to be a smart fourth grader [title] Don't fall behind with your schoolwork. [step] Do your homework first before watching tv or playing on the computer. When you start your homework early you have time to ask for help from your parents or siblings.""

Which of the following endings best completes the context?

Choices:
A. If you have an old french dictionary with you or a flashcard, put it in a book or flashcard book. When your parents come in, get help.
B. [title] Be smart by joining a cool club or class. [step] You can join a well known social club such as chess club, the occult society or the cross country club.
C. You may find it easier to stay behind and quietly watch tv all day because this is your teacher's office. This will be hard if you are already doing schoolwork like maths.
D. Waiting until it's late before starting homework can cause you stress, especially if you discover that there's a lot of work to do or if there is no one awake to help you out if you get stuck. Also, keep in mind that most teachers have heard all the excuses and usually won't believe your dog ate your homework.

Reply with exactly one uppercase letter out of A, B, C, or D.
",307
4532.0,Holidays and Traditions,"[header] How to wish someone good luck [title] Keep it simple-say' good luck! [step] "" one of the best and simplest ways to wish someone luck is use that very phrase. "" good luck! "" is straightforward, heartfelt, and almost impossible to get wrong. [substeps] Make sure that you sound sincere.",A,"Context:
""[header] How to wish someone good luck [title] Keep it simple-say' good luck! [step] "" one of the best and simplest ways to wish someone luck is use that very phrase. "" good luck! "" is straightforward, heartfelt, and almost impossible to get wrong. [substeps] Make sure that you sound sincere.""

Which of the following endings best completes the context?

Choices:
A. If said in the wrong tone, this phrase can be interpreted as sarcasm. So make sure that the person understands your sincerity when you express the sentiment.
B. There is nothing romantic or taboo about wishing someone well. When in doubt, it's best to let it be unanswered; get it out there, and let your words stand for a while.
C. Most people will trust your sincerity without any prompting. Unfortunately, the best way to communicate is through an verbal affirmation.
D. It is wise to rely on those words to get the "" good luck "" or "" happy birthday "" mixed up, or it will seem too bland or something like a cliché. [substeps] Keep the word simple-very simple.

Reply with exactly one uppercase letter out of A, B, C, or D.
",290
27983.0,Sports and Fitness,[header] How to adjust a compound bow [title] Locate the limb bolts. [step] Look for the limb bolts near the center of your compound bow. The limb bolts lie in large circular knobs that attach the bow's arms to the riser.,B,"Context:
""[header] How to adjust a compound bow [title] Locate the limb bolts. [step] Look for the limb bolts near the center of your compound bow. The limb bolts lie in large circular knobs that attach the bow's arms to the riser.""

Which of the following endings best completes the context?

Choices:
A. Look to the left and right of the limb bolts. You should find them in the middle of the arm bolt, located in the middle of the body.
B. These bolts must be manipulated to tweak the draw weight, or the amount of tension that is placed on the bow string as it is pulled. [substeps] The riser is the central part of the bow that connects to the limbs and other mechanical components.
C. Identify the limb bolts by touching the bottom of your piece of glass of top-mounted board. [substeps] If you are still unsure of how to determine whether these limb bolts are oriented or not, follow these instructions for color combinations.
D. Slide your wrist and using a centimeter finder setting down the notch each stitch should connect them to the limb bolts. [substeps] Use a lower-range compound bow if possible or a lower-range compound bow if possible.

Reply with exactly one uppercase letter out of A, B, C, or D.
",325
44669.0,Personal Care and Style,[header] How to apply individual eyelashes [title] Pick out your individual lashes. [step] Individual lashes can be purchased at most drug stores or makeup counters at department stores. Individual lashes from the drug store sometimes come in kits with a pair of tweezers and eyelash glue.,C,"Context:
""[header] How to apply individual eyelashes [title] Pick out your individual lashes. [step] Individual lashes can be purchased at most drug stores or makeup counters at department stores. Individual lashes from the drug store sometimes come in kits with a pair of tweezers and eyelash glue.""

Which of the following endings best completes the context?

Choices:
A. If your individual lashes were just bought, your eyelash glue-the liquid between the eyelashes-might have come with the kit or item you're selling, so you'll need to bring your own. [substeps] Don't break your eyelashes off.
B. These kits often come in a variety of colors and can be purchased at beauty supply stores and online. [substeps] An individual lash color kit uses the same shades of eyeliner as individual lashes.
C. Kits can be helpful for packaging all the needed materials together. [substeps] If you decide to only purchase a package of individual lashes, be sure to also buy eyelash glue.
D. As possible, ask the salesperson if you can borrow any of those tweezers for use. [substeps] Some stores may even offer a "" beginner eyelashes "" mascara kit as a backup if you want to choose a basic kit.

Reply with exactly one uppercase letter out of A, B, C, or D.
",352
37367.0,Travel,"[header] How to travel safely around peru [title] Prepare yourself for entering into a land where over 90% of the population speaks only spanish. [step] Basic spanish classes are recommended for a full, more confident experience in peru. Travelers can get by without spanish while within their tour groups, but one does miss a lot of the overall experience.",A,"Context:
""[header] How to travel safely around peru [title] Prepare yourself for entering into a land where over 90% of the population speaks only spanish. [step] Basic spanish classes are recommended for a full, more confident experience in peru. Travelers can get by without spanish while within their tour groups, but one does miss a lot of the overall experience.""

Which of the following endings best completes the context?

Choices:
A. Learning spanish in groups or as a family can be really fun, and putting it into practice in spanish-speaking countries can be really satisfying. [title] Research the destinations in peru that you plan to see.
B. [substeps] Learning to play a trombone is good for your musical vocal abilities. Spanish lessons are a simple commitment to take but may take as long as two years or even longer.
C. [substeps] Used buses in peru may be used anywhere, but speaking english can be extremely helpful if you're in any country. If you're in a country, consider researching local tour groups in that region, as that can give you a good idea of what to expect ahead of time.
D. [substeps] Make sure you are equipped to do so, whether that means traveling on foot or by car. You will also need decent immigration insurance (olrder if you don't already have it).

Reply with exactly one uppercase letter out of A, B, C, or D.
",342
47603.0,Personal Care and Style,"[header] How to clean your longchamp le pliage bag [title] Don't wash it in the washing machine. [step] The nylon material of the le pliage tends to "" bubble "" when handled improperly. Do not put them in the washing machine! They need to be hand-washed, gently.",A,"Context:
""[header] How to clean your longchamp le pliage bag [title] Don't wash it in the washing machine. [step] The nylon material of the le pliage tends to "" bubble "" when handled improperly. Do not put them in the washing machine! They need to be hand-washed, gently.""

Which of the following endings best completes the context?

Choices:
A. [title] Lay the bag on the clean surface. [step] Wet both sides and the inside of the bag with water.
B. Dry off the bag thoroughly with a soft dry cloth. [title] If you do notice that the nylon material is touching the strap when holding it in place or you're worried that it might fall off, take it out of the washing machine.
C. Always hand wash one bag at a time with the exception of the synthetic inner bag, which is waterless. Wash your bag in the washing machine, not on it's surface.
D. [substeps] Setting the temperature to "" soft cycle "" is more likely to be effective than washing the water or cleaning the bag as usual. [title] Make sure you wash it at the proper temperature.

Reply with exactly one uppercase letter out of A, B, C, or D.
",307
17059.0,Home and Garden,"[header] How to remove blood stains from silk fabric [title] Lay the stained silk item on a flat surface. [title] Blot the excess blood with a cloth or paper towel. [step] Do not rub, just blot so as not to spread the blood stain.",C,"Context:
""[header] How to remove blood stains from silk fabric [title] Lay the stained silk item on a flat surface. [title] Blot the excess blood with a cloth or paper towel. [step] Do not rub, just blot so as not to spread the blood stain.""

Which of the following endings best completes the context?

Choices:
A. Give the garment a few seconds to soak up any lingering stain. [substeps] Use a napkin to take extra care, to keep the length as close to the stain as possible.
B. [title] Blot the stained fabric with the napkin. [step] Hold the napkin by the elbow and pull the material against the stains with your other hand, to remove any excess blood.
C. Repeat the blotting process until you cannot get anymore of the blood. Make sure to change the cloth when needed.
D. Do not rub at the stain, blotting too hard. Do not apply direct pressure as this can clog pores.

Reply with exactly one uppercase letter out of A, B, C, or D.
",262
8982.0,Trimming branches or hedges,A gardener is shown trimming very tall bushes with a gas powered trimmer that he plugs in and gets ready. He turns a few dials and gets to cutting some more of the surrounding bushes. he,B,"Context:
""A gardener is shown trimming very tall bushes with a gas powered trimmer that he plugs in and gets ready. He turns a few dials and gets to cutting some more of the surrounding bushes. he""

Which of the following endings best completes the context?

Choices:
A. appears very happy with his efforts watching up close while clipping the very tall hedges that has a special effect.
B. trims up and down the length of them with precision and accuracy.
C. goes back and forth with the trimmer while still cutting the hydro leaves, trimming them with a hand cutting tool, cutting the bushes, and trimming them with a stone powered trimmer.
D. cuts straight through the beginning raking the leaves and an older man walks in and takes a look at the clipping.

Reply with exactly one uppercase letter out of A, B, C, or D.
",211
9524.0,Pets and Animals,"[header] How to diagnose feline skin problems [title] Look for wounds. [step] Wounds might be painful, moist, oozing, or discharging. Alternately, they might already by scarred over, and you might find only spots or scabs left behind by a nasty feline skin problem.",A,"Context:
""[header] How to diagnose feline skin problems [title] Look for wounds. [step] Wounds might be painful, moist, oozing, or discharging. Alternately, they might already by scarred over, and you might find only spots or scabs left behind by a nasty feline skin problem.""

Which of the following endings best completes the context?

Choices:
A. [substeps] When you detect a wound on your cat, monitor it regularly. If it changes color or begins to ooze, stink, or discharge, the wound is infected.
B. Slits (black or blue pus leaking from the wounds) may also be dangerous. [substeps] If you suspect your cat may have ingrown hairs on his face, head or body, have it checked out by a vet.
C. [title] Keep an eye out for juvenile skin irritation. [step] A cat with a juvenile skin condition might display burns, blisters, bumps, hives, puffiness, or lumps, as well as weskin irritation.
D. Look for angry red patters or skin splits on your cat's skin, which might indicate pain or irritation. However, if your cat appears mildly irritated, it likely has not already been treated.

Reply with exactly one uppercase letter out of A, B, C, or D.
",334
22582.0,Finance and Business,"[header] How to sell sunglasses [title] Write down all the details about your sunglasses. [step] In order to sell your sunglasses, you need to have a good sense of what you are selling. Compile as much info as you can about the sunglasses.",D,"Context:
""[header] How to sell sunglasses [title] Write down all the details about your sunglasses. [step] In order to sell your sunglasses, you need to have a good sense of what you are selling. Compile as much info as you can about the sunglasses.""

Which of the following endings best completes the context?

Choices:
A. [substeps] As part of your research, write down how your items sell. When, how, why, how many times and how quickly.
B. Consider the reasons for what you are selling : [substeps] If you are selling a vintage-style pair of sunglasses for less money you will want to set aside $25 or more dollars to put into a new pair. If you are selling vintage sunglasses for a discounted trend for a subtle vintage look you will want to set aside $200 or more dollars to put into a brand new pair.
C. Take notes of any warranties, obvious fixes, or defects you notice. Also, pick out a picture for yourself and take it to the optometrist.
D. Look for any labels, read over any paperwork, and do your best to evaluate the glasses objectively. Be sure to include : [substeps] The brand and model.

Reply with exactly one uppercase letter out of A, B, C, or D.
",327
29945.0,Food and Entertaining,"[header] How to chill a drink quickly [title] Fill a thick glass bowl with water and ice. [step] The thicker and more insulated the bowl, the better. It should be able to trap the cold water and ice mixture.",D,"Context:
""[header] How to chill a drink quickly [title] Fill a thick glass bowl with water and ice. [step] The thicker and more insulated the bowl, the better. It should be able to trap the cold water and ice mixture.""

Which of the following endings best completes the context?

Choices:
A. While you are drinking, you can take out anything stuck or bunched up or some other stuck thing that may be weighing down the liquid. The best time to chill a drink is in the morning.
B. [title] Cut any ice topping off with a knife. [step] You don't have to use a regular cutter but this will enable you to get it off quickly.
C. [title] Strain the water through a strainer. [step] You do not want water or ice over the strainer, rather, you want the water to reach the same temperature as the ice.
D. Add as much ice to the water as you can, but not so much that it prevents the entire beverage container from being submerged into the water. A 50/50 mix of ice and water is a good rule of thumb.

Reply with exactly one uppercase letter out of A, B, C, or D.
",290
22766.0,Travel,"[header] How to check out of a hotel [title] Leave a credit card with the front desk when necessary. [step] Debit cards left with the front desk during check in are a high risk for fraud. In many cases, money illegally withdrawn from your debit account cannot be returned.",A,"Context:
""[header] How to check out of a hotel [title] Leave a credit card with the front desk when necessary. [step] Debit cards left with the front desk during check in are a high risk for fraud. In many cases, money illegally withdrawn from your debit account cannot be returned.""

Which of the following endings best completes the context?

Choices:
A. Fraudulent transactions made on credit cards, however, can generally be contested for a full refund. [substeps] If you don't have a credit card when checking in, see if you can substitute a driver's license or a similar item for a credit or debit card.
B. Requiring that the purchases be withdrawn shortly afterwards can reduce risk of theft. [substeps] Knock on the front door before you enter the hotel room if you do not have your card ready to use.
C. [title] Verify that no emergency room is nearby. [step] This does not necessarily mean no thief would be able to enter your room.
D. Transaction of non-stop debit cards can be linked to fraudulent travel papers. Make sure you leave another credit card for when you go behind locked doors or when you request credit.

Reply with exactly one uppercase letter out of A, B, C, or D.
",308
40412.0,Pets and Animals,"[header] How to tell if your cat is depressed [title] Get your cat examined by your veterinarian. [step] If you notice behavioral changes in your cat, make an appointment with your veterinarian. You want to make sure there isn't an underlying medical issue causing your cat's depression that might require specific treatment.",A,"Context:
""[header] How to tell if your cat is depressed [title] Get your cat examined by your veterinarian. [step] If you notice behavioral changes in your cat, make an appointment with your veterinarian. You want to make sure there isn't an underlying medical issue causing your cat's depression that might require specific treatment.""

Which of the following endings best completes the context?

Choices:
A. [substeps] Tell your vet about any changes you've noticed in your cat, such as changes in appetite, sleeping habits, and personality. Your veterinarian will perform a routine physical exam, listening to your cat's heart beat, examining her eyes and ears, and taking her temperature.
B. Talk to your veterinarian about what treatment for depression may be best for your cat. [substeps] If you see something abnormal that you suspect does not always change, talk to your veterinarian.
C. If you observe any behavior of your cat, ask about its treatment options. [substeps] Treatment options can vary depending on the underlying issue as well as the severity of the depression, however.
D. These behavioral changes can include : [substeps] Discomfort or other problems restricting activity or eating medication decreased appetite inability to sleep or exercising poor physical activity decreased appetite night long periods of the day [title] Monitor how your cat responds to approaches from strangers. [step] A change in your cat's behavior may indicate other underlying problems.

Reply with exactly one uppercase letter out of A, B, C, or D.
",373
45701.0,Youth,"[header] How to handle a teacher who yells a lot [title] Talk to your parents. [step] If your teacher has been yelling at you on a regular basis, the first step is to talk to your parents. It can be very difficult to address the situation on your own.",B,"Context:
""[header] How to handle a teacher who yells a lot [title] Talk to your parents. [step] If your teacher has been yelling at you on a regular basis, the first step is to talk to your parents. It can be very difficult to address the situation on your own.""

Which of the following endings best completes the context?

Choices:
A. However, if you are able to raise your concerns, it will help you set the tone for this conversation. Your parents might be happy to talk to you, but your teacher might just get off your back about a more serious matter.
B. Your parents want you to have a positive learning experience and will want to help you find a solution to the problem. [substeps] Express your concerns to your parents soon after a problem occurs.
C. Talk to them first to make sure they understand why your teacher is yelling a lot. While not saying anything is necessary to offer your parents an understanding, if they understand why their yelling is so intense they may be much more willing to let you help.
D. However, parents are the first ones to intervene when you are being yelled at and when your parents are around and can get involved. Make sure you provide them with a reason why you need help.

Reply with exactly one uppercase letter out of A, B, C, or D.
",301
7602.0,Finance and Business,"[header] How to sue for false advertising [title] Know the definition of false advertising. [step] False advertising is any advertisement by a store that is likely to mislead the consumer. Each state and the federal government has its own laws about false advertising, but in most cases : [substeps] An advertisement does not have to be intentionally misleading to be false advertising.",D,"Context:
""[header] How to sue for false advertising [title] Know the definition of false advertising. [step] False advertising is any advertisement by a store that is likely to mislead the consumer. Each state and the federal government has its own laws about false advertising, but in most cases : [substeps] An advertisement does not have to be intentionally misleading to be false advertising.""

Which of the following endings best completes the context?

Choices:
A. If the store said you have a tasty fem, it probably was false advertising. A false advertisement is a work of action, not fact that can be proven beyond a reasonable doubt.
B. The advertisement must be intentional, in order to clearly convince a consumer of the seriousness and commerciity of your product or service. Have you ever thought the advertisement was inappropriate for your company? Human beings often have faulty ideas about what is acceptable or what is not.
C. Look for letters, postcards, and flyers signed under the title "" false advertising on boycotting companies. "" find the words "" false advertising "" at the end of any sentence.
D. An advertisement does not have to actually mislead anyone to be false advertising. An advertisement can be technically true and still be false advertising if the overall circumstances are potentially misleading.

Reply with exactly one uppercase letter out of A, B, C, or D.
",335
23712.0,Health,"[header] How to choose foods to improve digestion [title] Eat more fiber. [step] One of the best ingredients in food that will help with digestion is fiber. If you are running from a low level of fiber, start slowly.",A,"Context:
""[header] How to choose foods to improve digestion [title] Eat more fiber. [step] One of the best ingredients in food that will help with digestion is fiber. If you are running from a low level of fiber, start slowly.""

Which of the following endings best completes the context?

Choices:
A. Start by increasing your daily intake of fiber by about 10% every week until you hit the recommended goal. This is 25 to 38 grams (0.88 to 1.3 oz) of fiber a day, depending on your age and gender.
B. Eat some of the following food groups every day to lower the intake of fiber, slowly increasing the amount or frequency of fiber: fruits, vegetables, grains, oats, nuts, or (sometimes) a combination of foods. [substeps] Beans, brown rice, beans, soybeans, and wheat are all great source of fiber, particularly compared to refined grains.
C. Then you can work up to adding up how much fiber you are consuming as a small percentage of that fiber can be absorbed in food. [substeps] Try eating low fiber versions of whole grains, leafy vegetables, or fresh fruit.
D. You'll find that the lower-carb and sugar content of fruits and vegetables, the longer they last. [substeps] The average amount of fiber is measured in milligrams/grams.

Reply with exactly one uppercase letter out of A, B, C, or D.
",370
19364.0,Food and Entertaining,"[header] How to hunt rabbit [title] Get a hunting license. [step] Rabbit hunters need to be licensed with the state in which they're hunting. Usually, this can be done by applying online with the department of wildlife, or the department of fish and game.",D,"Context:
""[header] How to hunt rabbit [title] Get a hunting license. [step] Rabbit hunters need to be licensed with the state in which they're hunting. Usually, this can be done by applying online with the department of wildlife, or the department of fish and game.""

Which of the following endings best completes the context?

Choices:
A. [substeps] In some cases, you can search by year or specific animal resources agency (sba) or by city or town or by province, rather than just by state. For example, in new hampshire you may be able to find a hunting license for your state by contacting a local sba.
B. You must have at least 70 hours' time in which to hunt rabbit. Often, hunting licenses are updated upon changes in regulations within the region, and offices in the area may update their local regulations.
C. You should also consider getting a motor vehicle license if you plan to hunt rabbits. Most states have banned this option if you are under 18 years old.
D. In some areas, you might need to pass a hunting safety or a gun safety course or a quiz before being awarded a license to hunt rabbits. [substeps] Update your license before every new hunting season to make sure that you're up-to-date and legal.

Reply with exactly one uppercase letter out of A, B, C, or D.
",329
8600.0,Food and Entertaining,"[header] How to support someone stuck in a controlling relationship [title] Set up a time to talk in person. [step] Choose a private, safe location. Avoid having the conversation over text or email, as the person's partner may have access to their computer and phone.",C,"Context:
""[header] How to support someone stuck in a controlling relationship [title] Set up a time to talk in person. [step] Choose a private, safe location. Avoid having the conversation over text or email, as the person's partner may have access to their computer and phone.""

Which of the following endings best completes the context?

Choices:
A. [substeps] This will allow you to talk to the person face-to-face, without the threat of being rushed through an email or phone. If you have to, arrange for a time when you can have an uninterrupted conversation face-to-face.
B. Skype is a good first choice, as they speak calmly and empathetically to someone. A sit down conversation is generally a good idea as they will not bring up the issue in a direct way.
C. [substeps] Avoid making a big deal of this conversation beforehand, or your friend (or their partner) may be suspicious of your motives. Just say something like, "" hey, i miss you.
D. [title] Make an effort to be in control of your relationship. [step] Let the person know how difficult it is for you to stay in control of your relationship.

Reply with exactly one uppercase letter out of A, B, C, or D.
",300
25862.0,Home and Garden,[header] How to germinate and care for basil seedlings [title] Get a big container with a lid that can fill smaller pots and poke air holes in it (unless it already has holes already). [title] Fill your designated container with moist soil. [step] You can use newspaper cups.,D,"Context:
""[header] How to germinate and care for basil seedlings [title] Get a big container with a lid that can fill smaller pots and poke air holes in it (unless it already has holes already). [title] Fill your designated container with moist soil. [step] You can use newspaper cups.""

Which of the following endings best completes the context?

Choices:
A. [title] Choose light and/or dark soil, not dry and damp. [step] Basil plants thrive in a dry environment and can, in healthy conditions, rot if the container is kept too wet.
B. [substeps] Approximately 1 foot of space is needed per peat pot so it is too cramped for a full grown basil plant. Basil plants can't stand the extra space, and they also thrive in soil not easily aerated.
C. [title] You will have to dig into the soil a bit to get an air hole. [step] The soil can be slightly bigger than the pot it comes in (usually 5 inches to 9 inches), though if you add more soil you can make the handle more tall.
D. Spray it with water to make the soil moist to the touch. [title] Place 1-5 seeds on top of the soil.

Reply with exactly one uppercase letter out of A, B, C, or D.
",319
32178.0,Food and Entertaining,"[header] How to grill turkey [title] If you are using a charcoal grill, fill a chimney starter to the rim with charcoal and burn the coals until they are lightly covered with ash. [step] Spread the coals in a half circle on one side of the charcoal grate. [title] Place a large, disposable drip pan in the center of the charcoal grate and fill it about halfway with warm water.",D,"Context:
""[header] How to grill turkey [title] If you are using a charcoal grill, fill a chimney starter to the rim with charcoal and burn the coals until they are lightly covered with ash. [step] Spread the coals in a half circle on one side of the charcoal grate. [title] Place a large, disposable drip pan in the center of the charcoal grate and fill it about halfway with warm water.""

Which of the following endings best completes the context?

Choices:
A. [step] Water will activate the catalyzing hormone that stabilizes the roasting process. [substeps] If you can smoke at all before cooking the turkey, do so.
B. [step] Turn the pan to let the water come to a boil. [title] Under the level of the flames, insert a small piece of cooked turkey.
C. [step] Set the pan aside to keep the charcoal and water from running out of the burner. [title] Place two cups of olive oil in a wok.
D. [step] This maintains the temperature of the fire. [title] Put the cooking grate in place, close the lid, and let the coals burn down to low heat.

Reply with exactly one uppercase letter out of A, B, C, or D.
",321
37417.0,Health,"[header] How to evaluate for head injuries during first aid [title] Make sure the person is conscious. [step] While the person may still be awake, there can be other concerns. You'll want to check him quickly to see if he is alert and responsive.",C,"Context:
""[header] How to evaluate for head injuries during first aid [title] Make sure the person is conscious. [step] While the person may still be awake, there can be other concerns. You'll want to check him quickly to see if he is alert and responsive.""

Which of the following endings best completes the context?

Choices:
A. Injuries that develop slowly from a broken or broken bone are difficult to assess. [substeps] See if there is an injury that caused a head injury.
B. If he turns to wakefulness and motions towards you, that could mean something else. [substeps] Fluids and solids should not be put under the eyes.
C. One good way to check is using the avpu responsiveness scale : [substeps] Alert: look to see if he is alert, with eyes open. Does he respond to questions? Verbal: ask simple questions, and see if he is able to answer them.
D. He could be in shock, laying still and not moving, or he could have an autoimmune disorder. [title] Place a dressing on the person and check for a pulse.

Reply with exactly one uppercase letter out of A, B, C, or D.
",285
15873.0,Personal Care and Style,[header] How to crochet a coin purse [title] Coin purse-with g6 hook and medium pink color make 2 ch [title] Row 1 : [step] 10 sc into 2nd chain from hook. Do not join. 10 sts.,B,"Context:
""[header] How to crochet a coin purse [title] Coin purse-with g6 hook and medium pink color make 2 ch [title] Row 1 : [step] 10 sc into 2nd chain from hook. Do not join. 10 sts.""

Which of the following endings best completes the context?

Choices:
A. Repeat row 1: to join back, shift to 2nd or last chain, chain with die. [title] Row 2 : [step] Twenty sc stitches into 1st chain from hook to back and with friendship hook and hobby hook.
B. [title] Row 2 : [step] 2 sc into each sc to end. 20 sts [title] Row 3 : [step] Place marker so you will know where is the beginning of your row.
C. [title] Row 2 : [step] 20 sc "" total row "" [title] Row 3 : [step] 20 sc. Work 1 sc bead into first chain from hook.
D. [title] Row 3 : [step] Single crochet into 1st chain. Chain as nuts will sprout though.

Reply with exactly one uppercase letter out of A, B, C, or D.
",304
6820.0,Health,"[header] How to cure puffy eyes [title] Drink several glasses of water. [step] Eyes tend to get puffy due to water retention, which is caused by a high concentration of salt in the area around the eyes. If you ate a very salty dinner or cried before bed you might notice increased puffiness in the morning.",C,"Context:
""[header] How to cure puffy eyes [title] Drink several glasses of water. [step] Eyes tend to get puffy due to water retention, which is caused by a high concentration of salt in the area around the eyes. If you ate a very salty dinner or cried before bed you might notice increased puffiness in the morning.""

Which of the following endings best completes the context?

Choices:
A. [substeps] Dehydration can also cause puffy eyes, so be sure to keep an eye on drinking three glasses of water before sleeping so you can properly hydrate. [title] Try a saline or neosporin solution.
B. Drinking sparkling water makes you feel refreshed and your puffy eyes will benefit from a hydrating drink as well. [substeps] One study suggested that children consumed three cups of water a day before sleeping.
C. Drinking plenty of water flushes the area and causes the swelling to go down. [substeps] Avoid substances that tend to dehydrate you, like caffeine and alcohol.
D. Since puffy eye's typically resolve on their own, do not try to fix the problem yourself. Do either in moderation or consume fluids directly from the water bottle for heavy, wet eyes.

Reply with exactly one uppercase letter out of A, B, C, or D.
",328
29866.0,Youth,[header] How to lose 100 lbs or more as a teen [title] Talk to your doctor. [step] Anytime you're interested in losing large quantities of weight (more than 25 or 30 pounds) you should always consult your physician first. It's important to get a parent or guardian to help make your doctor's appointment and ask what's safe if there are additional resources and support.,B,"Context:
""[header] How to lose 100 lbs or more as a teen [title] Talk to your doctor. [step] Anytime you're interested in losing large quantities of weight (more than 25 or 30 pounds) you should always consult your physician first. It's important to get a parent or guardian to help make your doctor's appointment and ask what's safe if there are additional resources and support.""

Which of the following endings best completes the context?

Choices:
A. [substeps] Your doctor can provide you information regarding eating habits, bmr levels, taking medications, or weight loss preventative strategies. The doctor can also help you identify alternative methods of gaining weight if you think you have difficulty managing these aspects.
B. [substeps] Make an appointment with your doctor or pediatrician if you still see one. Talk to them about your desired amount of weight loss and ask how you can go about weight loss safely and appropriately.
C. [substeps] If it's a parent you know, talk to them openly and honestly. Let them know what's at stake when you lose your weight.
D. [substeps] Consult your doctor if you're a teenager or just trying to gain weight. Don't count on a doctor to provide you with medical advice without having talked with your teen.

Reply with exactly one uppercase letter out of A, B, C, or D.
",338
37013.0,Home and Garden,"[header] How to make metal rust [title] Ensure that the metal you are working with will rust. [step] Only metals containing iron will rust, and some iron alloys will rust slowly or not at all. Stainless steel, an alloy of iron and chromium, will be very difficult to rust.",C,"Context:
""[header] How to make metal rust [title] Ensure that the metal you are working with will rust. [step] Only metals containing iron will rust, and some iron alloys will rust slowly or not at all. Stainless steel, an alloy of iron and chromium, will be very difficult to rust.""

Which of the following endings best completes the context?

Choices:
A. Check the rust conditions in your surface to make sure that it is not deteriorating. Also, be sure that the metal you are working with is one that can be cured, reoiled, sanded, burnt, or roasted.
B. Plan to work with stainless steel, unless you have any special requirements. [title] Purchase a heavy-duty welding spanner.
C. Cast iron or wrought iron will rust most easily. [title] Measure some hydrochloric acid into a plastic bottle.
D. [title] Put oil or wd40 on the rust. [step] Degrease it to get out.

Reply with exactly one uppercase letter out of A, B, C, or D.
",266
4422.0,Food and Entertaining,[header] How to make healthy mashed potatoes [title] Wash and cut the potatoes. [step] Wash 1 1/4 pounds (567 g) of your potatoes. You can also use a mix of potatoes and root vegetables for a variety of nutrients.,B,"Context:
""[header] How to make healthy mashed potatoes [title] Wash and cut the potatoes. [step] Wash 1 1/4 pounds (567 g) of your potatoes. You can also use a mix of potatoes and root vegetables for a variety of nutrients.""

Which of the following endings best completes the context?

Choices:
A. You can discard the peels, pits, and skins to make only healthy mashed potatoes. [substeps] The mashed potatoes will have a mildly sour texture after this step.
B. Leave the skin on the vegetables and cut them into 1-inch (2.5 cm) pieces. [substeps] Ensure that the pieces are the same size, so they cook evenly.
C. Wash the potatoes out of a colander and rinse them under clean running water. Then rinse each potato under cool, running water for about 5 seconds to remove dirt.
D. Wash the potatoes under hot tap water so they're soft and ready to eat. [substeps] Fresh or frozen mashed potatoes will last 7 to 10 months.

Reply with exactly one uppercase letter out of A, B, C, or D.
",297
14396.0,Family Life,"[header] How to raise a well behaved toddler [title] Maintain your self-control in order to re-establish your child's. [substeps] Hitting or spanking your toddler, especially combined with an outburst of anger toward your child, teaches that hitting is a way to solve problems. Try to take advantage of breaks from your child so that you are able to relax and get a fresh perspective.",B,"Context:
""[header] How to raise a well behaved toddler [title] Maintain your self-control in order to re-establish your child's. [substeps] Hitting or spanking your toddler, especially combined with an outburst of anger toward your child, teaches that hitting is a way to solve problems. Try to take advantage of breaks from your child so that you are able to relax and get a fresh perspective.""

Which of the following endings best completes the context?

Choices:
A. [title] Praise, soothe, and reassure your child. [step] Parents are highly reliant on their children to maintain control of their lives.
B. Taking care of a toddler can be exhausting. Find a parent group or ask a relative or friend to fill in occasionally.
C. Using some cool air and a bubble bath helps calm the anger and frustration that will only continue to build up. Make a habit of engaging in some calming time during your quiet times.
D. Your child should be able to interact with you in a good way. [title] Give your child petting or attention when a problem arises.

Reply with exactly one uppercase letter out of A, B, C, or D.
",288
1976.0,Food and Entertaining,"[header] How to bake lobster tails [title] Check your supermarket for frozen lobster tails. [step] The tails should be frozen, rather than re-frozen after sitting in the fresh fish section. [title] Look for a use by date.",D,"Context:
""[header] How to bake lobster tails [title] Check your supermarket for frozen lobster tails. [step] The tails should be frozen, rather than re-frozen after sitting in the fresh fish section. [title] Look for a use by date.""

Which of the following endings best completes the context?

Choices:
A. [step] The frozen lobster tails may be frozen or pre-frozen. In either case, check the fridge to see if the frozen lobster tails are fresh and then transfer them to a freezer-safe container with a lid.
B. [step] In the shape of lobster tails, they are often frozen for a wide variety of purposes. The dish may seem like it is going to last you a few months, but it is still been known to be well done and delicious.
C. [step] Lobster tails should be thrown out if they dry out too quickly or if they get caught in wire. Check for a use by date sticker on the front of the lobster, and check to see if you can find such signs.
D. [step] Choose tails that have not yet expired. [title] Check the label for added sodium triphosphate.

Reply with exactly one uppercase letter out of A, B, C, or D.
",317
10672.0,Pets and Animals,"[header] How to create a feeding routine for your dog [title] Feed your dog in the same place each day. [step] This will make your dog feel safe and secure. Pick a spot that's easy to clean, like a kitchen floor or plastic mat in the corner of the room.",A,"Context:
""[header] How to create a feeding routine for your dog [title] Feed your dog in the same place each day. [step] This will make your dog feel safe and secure. Pick a spot that's easy to clean, like a kitchen floor or plastic mat in the corner of the room.""

Which of the following endings best completes the context?

Choices:
A. Make sure that it's away from your dining table. [substeps] If your dog is new to you, consider starting by feeding them out of your hand so that they will directly recognize you as the provider of food.
B. This will help to keep your dog happy and feel safe. When your dog walks on the floor, put food in it so that it doesn't get bored chasing after his food.
C. Don't use it as the litter box spot but as some underside of the bathtub or toilet. Begin by feeding your dog once a day.
D. Start feeding your dog from a standing position, with one knee slightly closer to the floor than the other. About 8 to 12 minutes should be enough time to show your dog that he is done eating the food and you are done feeding him.

Reply with exactly one uppercase letter out of A, B, C, or D.
",302
38036.0,Youth,"[header] How to change from a tomboy to a girly girl [title] Trade t-shirts for dresses and skirts. [step] The easiest way to start looking more girly is to wear a dress or skirt. The loose, flowing silhouette will give you an instantly fresh look and you'll be comfortable as well as stylish.",D,"Context:
""[header] How to change from a tomboy to a girly girl [title] Trade t-shirts for dresses and skirts. [step] The easiest way to start looking more girly is to wear a dress or skirt. The loose, flowing silhouette will give you an instantly fresh look and you'll be comfortable as well as stylish.""

Which of the following endings best completes the context?

Choices:
A. However, dress up a bit, as tomboys are all bullies, who want to give into their androgynous tendencies, showing off the body they've got. [substeps] If you want to look tomboy and girly, going classy is a great idea.
B. If you want to look girly, then dresses and skirts are the best places to start. If you don't want to wear skirts in a variety of colors, then skirts are also a great way to start.
C. [title] Make sure that you feel happy and confident when trying on clothes. [step] The moment you start looking girly, ask yourself why.
D. There are many different cuts and shapes so you can find a style that fits you best. [substeps] You don't need to wear a dress or skirt every single day, but at least once or twice a week will help you look and feel more feminine.

Reply with exactly one uppercase letter out of A, B, C, or D.
",338
14166.0,Computers and Electronics,"[header] How to split cells in google docs spreadsheet [title] Enter the information you want to split. [step] In your first column, enter your data. You can quickly split entire lists of data as long as the split point is the same.",A,"Context:
""[header] How to split cells in google docs spreadsheet [title] Enter the information you want to split. [step] In your first column, enter your data. You can quickly split entire lists of data as long as the split point is the same.""

Which of the following endings best completes the context?

Choices:
A. A split point is a character that can be identified in each entry. This can be a space "" "", a period "".
B. [substeps] For example, if you have three columns: equal sum, variable sum and decimal sum. Add 3 together, that represents the total number of data in each column.
C. Create a new sheet by dragging an empty cell on the left column. [title] Place data from each row in the new cell.
D. The sum of your split columns will be the cell number. If you're using excel, you will be able to enter each cell number individually.

Reply with exactly one uppercase letter out of A, B, C, or D.
",231
22432.0,Youth,"[header] How to avoid getting detentions [title] Get to class on time. [step] Whether you're late getting to school in the morning or are caught lingering in the halls, your teacher won't be happy. Remember that you'd never skip an appointment, work, or a family trip.",A,"Context:
""[header] How to avoid getting detentions [title] Get to class on time. [step] Whether you're late getting to school in the morning or are caught lingering in the halls, your teacher won't be happy. Remember that you'd never skip an appointment, work, or a family trip.""

Which of the following endings best completes the context?

Choices:
A. Even if you don't want to go, getting through it now is the right thing to do. [substeps] Detention costs you time during lunch or after school.
B. Make a habit of getting to class at least 30 minutes early each day so you can be prepared. [substeps] Make sure to inform the teacher of any transportation beforehand so you know where you will be going.
C. [substeps] Go to the labs, gym, or dinner with your friends. They'll pack up enough for a short lunch, or they're easier to manage if you have a few extra minutes to spare.
D. You won't get into trouble or get suspended if you're late! [title] Leave early and take breaks. [step] When making a schedule, always be polite to your teachers.

Reply with exactly one uppercase letter out of A, B, C, or D.
",301
32392.0,Fun sliding down,"A smiling young boy slides down a red slide that has netting on each side and a brand name, website, email and telephone appear on the screen when he reaches the bottom. Then two other children behind him that are little girls slide down. just",B,"Context:
""A smiling young boy slides down a red slide that has netting on each side and a brand name, website, email and telephone appear on the screen when he reaches the bottom. Then two other children behind him that are little girls slide down. just""

Which of the following endings best completes the context?

Choices:
A. then, the boy falling, is shown again with his face plastered to the bottom of a slide while the other is floating on kids and getting bounced across on adult's backs.
B. as the girls are reaching the bottom of the slide boy gets up and leaves the slide and the girls follow right behind him.
C. an exercise is done and the go down the slide doing it flawlessly and getting very swallowed by makeup kids.
D. then, the boy in black climbs because he is the only.

Reply with exactly one uppercase letter out of A, B, C, or D.
",218
1176.0,Health,"[header] How to lower liver enzymes [title] Learn what the liver does for your body. [step] The liver aids both in glandular function and with other organ systems. It protects the body by detoxifying hormones, drugs, and any biological molecules not produced in the human body.",B,"Context:
""[header] How to lower liver enzymes [title] Learn what the liver does for your body. [step] The liver aids both in glandular function and with other organ systems. It protects the body by detoxifying hormones, drugs, and any biological molecules not produced in the human body.""

Which of the following endings best completes the context?

Choices:
A. [substeps] The liver further regulates your metabolism and helps your body metabolize and retain nutrients, while negating any toxins that may still be stored in the liver. However, you do not need to eat or exercise or try to alter your diet completely to use liver enzymes.
B. The liver also synthesizes cholesterol and proteins that might otherwise lead to clotting and inflammation. It stores vitamins, minerals, and sugar while removing bacteria.
C. It is thought to help cleanse the body of toxins. These toxins are secreted from the chemical ids needed for many sexual processes like photosynthesis and biochemical maturation, which involves the body releasing toxins after the synthesis of a new hormone.
D. [substeps] Another crucial component to developing the liver is the production of blood. Blood stores collect sugar in the body in the amino acids in our cells, which channel the proteins that produce the blood.

Reply with exactly one uppercase letter out of A, B, C, or D.
",356
33820.0,Philosophy and Religion,[header] How to use rituals and ceremonies to overcome grief [title] Do what feels comfortable. [step] There is no right or wrong way to grieve. There is also no right or wrong type of ritual or ceremony to have to help you overcome your grief.,D,"Context:
""[header] How to use rituals and ceremonies to overcome grief [title] Do what feels comfortable. [step] There is no right or wrong way to grieve. There is also no right or wrong type of ritual or ceremony to have to help you overcome your grief.""

Which of the following endings best completes the context?

Choices:
A. You can be as inclusive as everyone else, sharing a ritual of remembrance, or as neutral as everyone else. Prayer, meditation, reading a book, or listening to peace music can help you to make it through your mourning period and seek peace.
B. It is important to keep your feelings inside; trying to force them out will make you feel psychologically and emotionally used. You might even become angry by any negative reaction.
C. Often, the right ritual or ceremony will be preferred for someone feeling more than grief. However, rituals and ceremonies may not feel right for someone who is over-reacting to the loss, or who's sad, defeated, or angry about the death.
D. Doing what feels comfortable to you will feel more authentic and help you work through your loss. [substeps] Don't let anyone tell you what type of ceremony or ritual you should have to overcome your grief.

Reply with exactly one uppercase letter out of A, B, C, or D.
",318
41253.0,Food and Entertaining,"[header] How to make apple fries [title] Heat the oil until it reaches the right temperature. [step] Add vegetable oil to medium saucepan until it reaches a depth of 2-inches (5-cm). Place a deep fry thermometer in the pan, and heat the oil on medium-high until it reaches 375 degrees fahrenheit (190 degrees celsius).",B,"Context:
""[header] How to make apple fries [title] Heat the oil until it reaches the right temperature. [step] Add vegetable oil to medium saucepan until it reaches a depth of 2-inches (5-cm). Place a deep fry thermometer in the pan, and heat the oil on medium-high until it reaches 375 degrees fahrenheit (190 degrees celsius).""

Which of the following endings best completes the context?

Choices:
A. When the oil reaches "" 97.25 degrees fahrenheit, "" it's ready for dough. [title] Mix the apples and radishes.
B. [substeps] You can substitute canola or peanut oil for the vegetable if you prefer. You can also use a candy thermometer to monitor the oil's temperature.
C. [substeps] A deep fry thermometer will give you an accurate reading of the oil's temperature. If you are deep frying, you can use an extra deep fry thermometer.
D. [substeps] Use a wooden spoon to tilt your thermometer as you stir fry the fries. Moving the thermometer is not necessary, however, because the oil is spreading out on the pan at a very slow pace.

Reply with exactly one uppercase letter out of A, B, C, or D.
",317
6696.0,Computers and Electronics,[header] How to deal with squatters in your neighborhood [title] Talk to your neighbors. [step] Other people might have seen something. Visit your neighbors and ask if they know anything about the situation.,B,"Context:
""[header] How to deal with squatters in your neighborhood [title] Talk to your neighbors. [step] Other people might have seen something. Visit your neighbors and ask if they know anything about the situation.""

Which of the following endings best completes the context?

Choices:
A. [substeps] You can say, "" have you noticed anything suspicious in our neighborhood? What's going on with the neighbors? "" [title] Avoid the hoppers. [step] Nobody knows who owns property, especially not the hoppers, at the time.
B. Check whether they know where the owner is and how to contact them. [substeps] By talking to your neighbors, you also spread the word that someone might be in the house illegally.
C. See if they are near squatters and ask about how they were affected. [substeps] For example, you might have noticed that a few of them were struck by lightning.
D. Wait for a chance to speak to them, and then ask if they'd like to talk to you one-on-one. [substeps] Alternately, find a friend who lives near your house and ask to meet him or her in a casual setting.

Reply with exactly one uppercase letter out of A, B, C, or D.
",300
21413.0,Health,"[header] How to lose weight at home [title] Eat at home instead of out at restaurants. [step] Studies have shown that when people eat out, they consume more food, more fat, more salt and less nutritious food. Some people call this the incidental diet, where changes in where and how you consume food has as much effect as what you consume.",B,"Context:
""[header] How to lose weight at home [title] Eat at home instead of out at restaurants. [step] Studies have shown that when people eat out, they consume more food, more fat, more salt and less nutritious food. Some people call this the incidental diet, where changes in where and how you consume food has as much effect as what you consume.""

Which of the following endings best completes the context?

Choices:
A. Make changing your eating habits more of a priority for you. Eating out is less likely to lead to weight gain at a restaurant than it is at your home.
B. [title] Throw away junk food in the home and in your desk. [step] Get rid of the temptation and you won't be able to snack on unhealthy, caloric foods.
C. So if you eat out at a restaurant, look for ways to make changes to your diet. [substeps] Ask a server what you could eat there.
D. In other words, eating out in a crowded restaurant puts you more at risk for weight gain later on. [substeps] Know the difference between eating out and being "" on your own.

Reply with exactly one uppercase letter out of A, B, C, or D.
",296
40418.0,Computers and Electronics,"[header] How to get the most out of owning an ipad [title] Make sure it has a sim card and get a data plan for it. [step] Otherwise, you can only use it at home or in areas with available wi-fi. [title] Check out free apps.",C,"Context:
""[header] How to get the most out of owning an ipad [title] Make sure it has a sim card and get a data plan for it. [step] Otherwise, you can only use it at home or in areas with available wi-fi. [title] Check out free apps.""

Which of the following endings best completes the context?

Choices:
A. [step] Many apps will allow you to connect to the wi-fi without a data plan, such as tristation. These applications are more eco-friendly than other applications and offering numerous features.
B. [step] Get a real-world apple camera, and get one for free or for a fraction of the price. [title] Make sure the camera is double-sided.
C. [step] There are apps that you can get for traveling, shopping, weather apps (in case looking out the window isn't helpful enough). Usually, your options are somewhat limited when you have the free version, but you can at least tell if you will be able to use the app.
D. [step] There are lots of different apps out there. [substeps] Check out dance star, the ios app, and pogo pro-by placing a magnet in the app so that you can get all the free apps.

Reply with exactly one uppercase letter out of A, B, C, or D.
",311
7315.0,Food and Entertaining,[header] How to find your cat's preferred play style [title] Move toys along the ground if your cat enjoys ground play. [step] Some cats prefer hunting on the ground and as a result enjoy playing with ground toys. This may be because the cat feels it can remain hidden while playing on the ground and stalking toys.,A,"Context:
""[header] How to find your cat's preferred play style [title] Move toys along the ground if your cat enjoys ground play. [step] Some cats prefer hunting on the ground and as a result enjoy playing with ground toys. This may be because the cat feels it can remain hidden while playing on the ground and stalking toys.""

Which of the following endings best completes the context?

Choices:
A. Alternatively, it could be due to physical restraints. An overweight cat will not be able to jump through the air chasing after toys.
B. However, it may also be because your cat is searching or waits until its prey is out in the open. [substeps] Making sure you remain camouflaged is important when you choose to move toys along the ground.
C. If your cat enjoys ground play, move toys along the ground so they do not distract the cat. [substeps] Keep in mind that cats generally prefer to play using play toys along the ground when they are hunting.
D. This type of play may also be used in outdoor hunting, which a cat may prefer during the day. A result of this type of play is that the cat may hunt on top of ground toys and have fun chasing small birds.

Reply with exactly one uppercase letter out of A, B, C, or D.
",313
24713.0,Computers and Electronics,"[header] How to choose a dog suitable for a single adult [title] Choose a dog that matches your physical activity level. [step] Regardless of the type of dog you get, it's important to recognize that caring for a dog requires a significant commitment, particularly in terms of active time you'll need to spend together. Of course, different types of dogs will require different levels of attention and activity every day.",A,"Context:
""[header] How to choose a dog suitable for a single adult [title] Choose a dog that matches your physical activity level. [step] Regardless of the type of dog you get, it's important to recognize that caring for a dog requires a significant commitment, particularly in terms of active time you'll need to spend together. Of course, different types of dogs will require different levels of attention and activity every day.""

Which of the following endings best completes the context?

Choices:
A. [substeps] For instance, a young american husky will require large amounts of physical activity every day, while an aging beagle may be content with one or two daily walks. [title] Choose a dog based on the attention they require.
B. A large part of how worry-heavy breeds like bulldogs and labradors are generally more important to share than a small part of a neighborhood dog may be. [title] Choose a dog that's a slow eater.
C. Make sure you're comfortable and are willing to sacrifice time with your young pup to make sure your puppy is getting your full attention and attention. [title] Make a commitment to balance out the demands of the home.
D. [substeps] Observe your dog as you train him and make sure he's at your level. If you want an active dog, he may require a bit of extra muscle strength.

Reply with exactly one uppercase letter out of A, B, C, or D.
",341
36092.0,Computers and Electronics,"[header] How to protect plants from the cold [title] Bring potted plants indoors. [step] The first and easiest solution to the cold is to simply remove your plants from the low temperatures. If you have any potted plants or hanging baskets outdoors, bring them inside your home.",D,"Context:
""[header] How to protect plants from the cold [title] Bring potted plants indoors. [step] The first and easiest solution to the cold is to simply remove your plants from the low temperatures. If you have any potted plants or hanging baskets outdoors, bring them inside your home.""

Which of the following endings best completes the context?

Choices:
A. If someone else is applying a cold treatment indoors, you'll choose the appropriate container or basket for them. Just make sure they won't be knocked over.
B. [substeps] If you can't bring your plants indoors, you should cut the roots off of the plants. Leaving them outside in rows or a group can reduce the risk of disease from all of the plants.
C. Wrap them in a sheet or a length of muslin, and place them in a cool, dark space to cool down. [substeps] You should also place a heat line around your house to keep plants cool.
D. Even a move to the garage or a sun room will be beneficial, as this will still increase the temperature by at least + 10ºf (+ 5.5ºc). If you're able to, the best solution is to place your plants around the interior of your home as decoration.

Reply with exactly one uppercase letter out of A, B, C, or D.
",319
14926.0,Work World,"[header] How to further your journalism career [title] Take college or university journalism courses. [step] Examples of courses you can take in addition to journalism are english, communication, and media studies. [substeps] Meet with a counselor or representative from the college to determine an appropriate course of studies, or speak directly to your employer for course recommendations that can help you get promoted.",B,"Context:
""[header] How to further your journalism career [title] Take college or university journalism courses. [step] Examples of courses you can take in addition to journalism are english, communication, and media studies. [substeps] Meet with a counselor or representative from the college to determine an appropriate course of studies, or speak directly to your employer for course recommendations that can help you get promoted.""

Which of the following endings best completes the context?

Choices:
A. Keep in mind university journalism is respected for its writing and communication skills. Graduate students will be expected to live a highly active lifestyle, and you will help building strong connections in the literary community.
B. [title] Attend events or conferences with journalism as the subject. [step] Conferences, seminars, and groups that focus on journalism can teach you helpful tips you can apply toward furthering your career.
C. Getting college or university journalism experience and applying for a position can help you connect with potential employers and wminate on your career in the future. Internships or free fellowships can make for excellent journalism careers.
D. Ask your professors if they know someone who needs the distraction they provide in journalism. These professors usually know someone who can provide inspiration in your writing, while still keeping you inspired to write good writing.

Reply with exactly one uppercase letter out of A, B, C, or D.
",327
50129.0,Health,[header] How to do yoga for leaner legs [title] Start in downward-facing dog. [step] Downward-facing dog is a good place to start for working your legs because you can move into a number of leg-working poses from it. Get on your hands and knees and stack your shoulders over your wrists and your hips over your knees.,B,"Context:
""[header] How to do yoga for leaner legs [title] Start in downward-facing dog. [step] Downward-facing dog is a good place to start for working your legs because you can move into a number of leg-working poses from it. Get on your hands and knees and stack your shoulders over your wrists and your hips over your knees.""

Which of the following endings best completes the context?

Choices:
A. [substeps] Clasp your hands together above your head at a 90 degree angle. Slowly bend your knees and straighten them forward.
B. Press your hands down into the mat and engage your shoulders to stay in the shoulder joint. [substeps] Slightly tuck your back toes under and begin to lift your hips up and back.
C. You can either sit on the floor with your legs straight in front of you or you can stand and straighten yourself with one leg. [substeps] If you prefer as you are in downward dog, keep your back straight rather than rigid.
D. Lower your heels as far as you can to below your hips, until your back is straight and you're able to keep your hips centered over your shoulders. Do 10 to 15 repetitions of downward-facing dog.

Reply with exactly one uppercase letter out of A, B, C, or D.
",324
12559.0,Sports and Fitness,[header] How to do a scissors twist with an exercise ball [title] Put your exercise ball in an open space. [step] Make sure there's nothing nearby that could distract or hurt you as you exercise. [title] Lie down on your back with one of your legs on top of the ball and the other right next to it on the ground.,C,"Context:
""[header] How to do a scissors twist with an exercise ball [title] Put your exercise ball in an open space. [step] Make sure there's nothing nearby that could distract or hurt you as you exercise. [title] Lie down on your back with one of your legs on top of the ball and the other right next to it on the ground.""

Which of the following endings best completes the context?

Choices:
A. [title] Put your right arm over your head, or do an oval figure 8. [title] Put some more exercise ball in the yard.
B. [step] Your leg should be slightly bent to give you a more stable grip that allows you to grab on to the ball and hold it steady while you do the exercise. [title] Place your hips hip-width apart to start a straight twist.
C. [step] Prop yourself up slightly on your elbows so that you're looking at the ball, with your hands pressed palm-down to the ground. [title] Squeeze the ball between your lower legs/ankles and lift it up from the ground.
D. [title] Bend your left knee to reach your partner's left knee. [title] With your left leg on top of the ball, bend your left knee so that the flat part of your foot is touching your partner's knee.

Reply with exactly one uppercase letter out of A, B, C, or D.
",336
5773.0,Food and Entertaining,"[header] How to freeze bone broth [title] Fill an ice cube tray with your bone broth. [step] If you have a lot of broth, you may need to use more than one ice cube tray. Carefully pour the broth from a bowl into the tray.",A,"Context:
""[header] How to freeze bone broth [title] Fill an ice cube tray with your bone broth. [step] If you have a lot of broth, you may need to use more than one ice cube tray. Carefully pour the broth from a bowl into the tray.""

Which of the following endings best completes the context?

Choices:
A. You can also use a ladle to scoop the broth into the tray. Fill up each cell in the tray, but don't go too high or the cells may overflow.
B. [title] Add your thawed buds, ice water, broth, and cilantro. [step] Add 1/2 inch (1.3 cm) of chicken stock into the bowl with your thawed buds.
C. [substeps] If you prefer, you can skip this step and just use frozen veggies instead. [title] Place the chilled bones into the ice cube tray.
D. In some cases, you may need to fill two trays or small dishes with more broth. [substeps] Be careful if pouring the broth into an ice cube tray is going to affect your temperature.

Reply with exactly one uppercase letter out of A, B, C, or D.
",308
46420.0,Rock-paper-scissors,"These two men are talking to each other and one of the men is the world champion of paper, scissors, rock. the champion himself",A,"Context:
""These two men are talking to each other and one of the men is the world champion of paper, scissors, rock. the champion himself""

Which of the following endings best completes the context?

Choices:
A. explains how to win every game just by having mind control and looking at the opponent's hand to see what they put up.
B. gets a tattoo on his upper arm and a tattoo artist draws a logo towards the bottom of the tattoo.
C. has written the name up on the inside cover of the newspaper.
D. is doing the string whacks with his mallet in his right hand and put the string around the front of the pin and squeeze the rod pushed back with the mallet to gain pressure and power which he does by tightening his right arm forward as if he's preparing his entire arm length apart.

Reply with exactly one uppercase letter out of A, B, C, or D.
",222
46099.0,Personal Care and Style,[header] How to safely clean a diamond ring [title] Make a soap and water mixture. [step] Squirt a little dish soap into a bowl. Fill the bowl with warm water.,B,"Context:
""[header] How to safely clean a diamond ring [title] Make a soap and water mixture. [step] Squirt a little dish soap into a bowl. Fill the bowl with warm water.""

Which of the following endings best completes the context?

Choices:
A. Use approximately one part soap and six parts water. [substeps] You can begin pouring water into the bowl at any time of day.
B. Swish it around a bit to produce some suds. [substeps] Use a gentle dish soap, preferably one made with natural ingredients, to avoid harming your ring with chemicals.
C. Put your ring in the water and let it soak for as long as you like , 5 minutes. This is the soap solution for cleaning a diamond.
D. Then, stir in a few drops of dish soap. [title] Dip your ring into the soapy solution.

Reply with exactly one uppercase letter out of A, B, C, or D.
",237
45372.0,Home and Garden,"[header] How to fit a bed headboard [title] Measure between screw holes before buying. [step] Divan beds are designed as backless, but they often include screw holes for headboards to be added later. Before purchasing a new headboard, check how far apart its struts need to be in order to fit your bed.",C,"Context:
""[header] How to fit a bed headboard [title] Measure between screw holes before buying. [step] Divan beds are designed as backless, but they often include screw holes for headboards to be added later. Before purchasing a new headboard, check how far apart its struts need to be in order to fit your bed.""

Which of the following endings best completes the context?

Choices:
A. [substeps] The pin holes are usually indented where rollers come into play. When determining exact distance between head holes, use a tape measure and a pencil to find the distance between straight three out of four holes.
B. Allow enough clearance above the backless area to insert your head through the backless space. [title] Prop up a small board on the wall.
C. Check the back of your bed for bolts or screw holes on either side and measure the distance between them. [substeps] Larger beds may have more than one hole in a vertical line, but measuring these aren't necessary.
D. [title] Measure the wall before purchasing a headboard. [step] Before buying a bed frame, wrap a length of silk or wallpaper paper around the wall and pull it taut.

Reply with exactly one uppercase letter out of A, B, C, or D.
",308
4672.0,Food and Entertaining,[header] How to make pierogi casserole [title] Preheat the oven and prepare the pan. [step] Turn the oven on to 400 degrees f (200 c). Get out a 9 x 13 (23 x 33 cm) baking pan and coat it with cooking spray.,B,"Context:
""[header] How to make pierogi casserole [title] Preheat the oven and prepare the pan. [step] Turn the oven on to 400 degrees f (200 c). Get out a 9 x 13 (23 x 33 cm) baking pan and coat it with cooking spray.""

Which of the following endings best completes the context?

Choices:
A. Next, put the baking sheet into the oven. [substeps] You can also use a pizza box instead of a 9 x 13 (23 x 33 cm) baking pan.
B. This will keep your casserole from sticking to the pan. [title] Melt the cream cheese in chicken broth.
C. Make sure it is large enough so that it can hold all of the ingredients that you will use. [substeps] If you want to make only sautéed peppers, you can also make a dip.
D. Season the top with baking soda so the top of the pan stays moist during cooking. [substeps] You can substitute egg, clarified butter, or olive oil instead of the cooking spray if you prefer.

Reply with exactly one uppercase letter out of A, B, C, or D.
",309
32550.0,Personal Care and Style,[header] How to accessorize with jewelry [title] Accessorize for the occasion. [step] Your jewelry should be appropriate for where you are going. Are you wearing jewelry to work? This is time to be more conservative with your accessorizing.,D,"Context:
""[header] How to accessorize with jewelry [title] Accessorize for the occasion. [step] Your jewelry should be appropriate for where you are going. Are you wearing jewelry to work? This is time to be more conservative with your accessorizing.""

Which of the following endings best completes the context?

Choices:
A. Then you can look your best and have a quick spare outfit or two in your closet to dress up. [substeps] If you are going to a concert or a wedding, you will want to wear a nice pair of earrings.
B. Do not put on jewelry to impress clients and other interested people. The rest of your evening will be spent on reflective or statement jewelry.
C. No makeup for work? No jewelry! Try hair or makeup tutorials! Keep it classy. [substeps] Wearing clothes that show off your best features so that you don't seem too sexy or too trashy is great.
D. Are you at a formal event? If so, consider wearing more fine jewelry and gemstones. Are you hanging out with friends or going to a party? Then be playful, fun and more daring with your look.

Reply with exactly one uppercase letter out of A, B, C, or D.
",316
47953.0,Health,"[header] How to recognize and prevent rubella (german measles ) [title] Look for a pinkish skin rash. [step] The signs and symptoms of a rubella infection tend to be very mild and difficult to notice. However, its most distinctive characteristic is a fine, pink-colored rash that begins on the face and quickly spreads to the neck, trunk and then the limbs.",C,"Context:
""[header] How to recognize and prevent rubella (german measles ) [title] Look for a pinkish skin rash. [step] The signs and symptoms of a rubella infection tend to be very mild and difficult to notice. However, its most distinctive characteristic is a fine, pink-colored rash that begins on the face and quickly spreads to the neck, trunk and then the limbs.""

Which of the following endings best completes the context?

Choices:
A. The rash usually looks bright yellow and will look reddish in color. The rash will gently flake off and in a few days it is quite obvious that it is a rubella rash.
B. [substeps] If you suspect that someone may have rubella, see a doctor or consult with a doctor. [title] Check for redness from your eyes.
C. The rash typically lasts for between 1-3 days, then disappears in the same sequence that it appeared (face-] trunk-] limbs). [substeps] The distinctive skin rash only occurs in 50-80% of cases of rubella.
D. It usually gets worse as the infection spreads into the eyes. [title] Look for symptoms of itchiness.

Reply with exactly one uppercase letter out of A, B, C, or D.
",315
20889.0,Education and Communications,"[header] How to develop your son's self esteem [title] Give boys an emotional vocabulary, as they are not generally encouraged to talk or think about feelings as girls are. [step] They often simply lack the words to express emotion. ( a classic example is when children complain of tummy aches when just miserable.",D,"Context:
""[header] How to develop your son's self esteem [title] Give boys an emotional vocabulary, as they are not generally encouraged to talk or think about feelings as girls are. [step] They often simply lack the words to express emotion. ( a classic example is when children complain of tummy aches when just miserable.""

Which of the following endings best completes the context?

Choices:
A. ) boys also may not be able to name name syllables. This may demonstrate how they lack complete self-knowledge.
B. ) your child is not expected to use intelligence, good judgement, and words to judge, criticize or tell others how they think, say, or look. They are never expected to increase their self-esteem that way, as they are not typically encouraged to do so.
C. ) boys can build up their sense of self esteem by using the words "" macho "" and "" girly-girl, "" and this may make adolescents feel better. [substeps] When boys define self esteem by pairing it with something positive, boys react differently to it, and many boys begin developing self esteem as an indicator.
D. ) so teaching him to say when he feels angry, frustrated, sad, happy or lonely may appear odd but it is vital that these channels of communication are opened. Your son must know that it's ok and healthy to have and talk about these feelings.

Reply with exactly one uppercase letter out of A, B, C, or D.
",350
31770.0,Personal Care and Style,[header] How to wear jeans with sneakers [title] Go with slim fit jeans. [step] Slim fit jeans with a straight leg work best with high tops. Avoid super skinny jean styles and aim for a more tailored look.,D,"Context:
""[header] How to wear jeans with sneakers [title] Go with slim fit jeans. [step] Slim fit jeans with a straight leg work best with high tops. Avoid super skinny jean styles and aim for a more tailored look.""

Which of the following endings best completes the context?

Choices:
A. When possible, fit skinny jeans with higher tops. Go for jeans that are no shorter than one foot to accentuate your figure.
B. [substeps] Straight fit jeans are also better for cooler weather weather with a cooler skirt or leggings. Slim fit jeans tend to have tapered legs, whereas skinny fit jean styles suggest fatness for your legs.
C. Tank tops are also great for pairing with high tops, as their flattering form will draw attention away from your chest. [substeps] Go for loose fitting and strappy tops over baggy tight tops that wrinkle easily.
D. The jeans should provide a slim but comfortable fit. If you're having a tough time finding the right fit, getting your jeans tailored is always an option.

Reply with exactly one uppercase letter out of A, B, C, or D.
",295
23112.0,Food and Entertaining,"[header] How to make a suicide shot (a mixed drink ) [title] Fill a tumbler with your tequila, rum, cognac, and vodka. [step] You can use any types or brands you prefer, but consider 1800 tequila, puerto rican or jamaican rum, rémy martin or hennessy cognac, and russian vodka. [title] Add 2 to 3 drops of tabasco sauce.",C,"Context:
""[header] How to make a suicide shot (a mixed drink ) [title] Fill a tumbler with your tequila, rum, cognac, and vodka. [step] You can use any types or brands you prefer, but consider 1800 tequila, puerto rican or jamaican rum, rémy martin or hennessy cognac, and russian vodka. [title] Add 2 to 3 drops of tabasco sauce.""

Which of the following endings best completes the context?

Choices:
A. [step] To preserve the sweet citrus flavor of the tequila, mix up the following details before you pour the tequila into the tumbler : [substeps] Put 1 oz. ( 30 ml) of water into the tumbler for every 4 oz.
B. [step] Pour it from the shaker into the individual shot cups. [substeps] Only add the sauce if you have not filled the shot cups with ice.
C. [step] If you can't find any, you can use any other type of hot sauce. [substeps] Instead of hot sauce, you could use ginger beer.
D. [step] Be sure not to add these to your drink after you have finished making it, it could make its way out of the shaker. [title] Add 4 to 5 ounces (59 ml) of wine to the shaker and shake tightly.

Reply with exactly one uppercase letter out of A, B, C, or D.
",374
40983.0,Personal Care and Style,"[header] How to present yourself and business powerfully [title] Show your confidence in yourself. [step] When you make a presentation, whether to one person when you attend networking events or to 100 people when you make a formal presentation, project competence and authority, regardless of your position, to move ahead in your career or move your business to the next level. First impressions are crucial.",D,"Context:
""[header] How to present yourself and business powerfully [title] Show your confidence in yourself. [step] When you make a presentation, whether to one person when you attend networking events or to 100 people when you make a formal presentation, project competence and authority, regardless of your position, to move ahead in your career or move your business to the next level. First impressions are crucial.""

Which of the following endings best completes the context?

Choices:
A. Try to address people, not just yourself, through your act of speaking. [substeps] Be nice when approaching each person, including your boss, co-workers, or business associates.
B. Use good manners and greeting to point people toward your own strengths. [substeps] Avoid impolite and unprofessional comments, which can come across as wrong.
C. Make sure your statements are concise, not rhetorical. This shows you respect the values of others and is an asset for you as a business person.
D. Often, the first impression you make is when you shake someone's hand in greeting. Your handshake communicates critical information.

Reply with exactly one uppercase letter out of A, B, C, or D.
",285
4109.0,Home and Garden,"[header] How to choose a commercial roofer [title] Interview potential roofers in person. [substeps] Proposals from different roofing businesses will vary greatly in price. This doesn't necessarily mean, though, that roofers submitting low bids will not complete the project as well as roofers submitting high bids.",C,"Context:
""[header] How to choose a commercial roofer [title] Interview potential roofers in person. [substeps] Proposals from different roofing businesses will vary greatly in price. This doesn't necessarily mean, though, that roofers submitting low bids will not complete the project as well as roofers submitting high bids.""

Which of the following endings best completes the context?

Choices:
A. You should interview several roofers in your area and see which ones are more qualified than others. Call them up one more time and ask how much they charge.
B. [title] Consult a sales team in any event that calls for an estimate, while also discussing costs with the project head. [substeps] Get quotes from at least several potential roofers you know.
C. You will need to discuss the project in person with each roofer. For about an hour, discuss the project and ask questions.
D. Instead, it may mean a shorter or longer time frame that should be considered before making your final decision. [title] Contact any local realtors and offer a deal.

Reply with exactly one uppercase letter out of A, B, C, or D.
",269
2837.0,Food and Entertaining,"[header] How to place an order with orderahead [title] Go to the orderahead homepage. [step] Click "" order from desktop. "" [title] Sign up for orderahead if you haven't already.",C,"Context:
""[header] How to place an order with orderahead [title] Go to the orderahead homepage. [step] Click "" order from desktop. "" [title] Sign up for orderahead if you haven't already.""

Which of the following endings best completes the context?

Choices:
A. [step] Select "" order in office "" from the upper-right corner. [title] Type in your order details and click on "" register to "" under the "" order from desktop.
B. [step] On the login page, enter your apple id and password. Click on "" sign in "" when prompted to proceed.
C. [step] Although you can browse the site as much as you want without signing in, you'll need to be signed in to order. You can wait for checkout to create an account, or you can just create one before you start ordering.
D. [step] If you don't, a link to. "" order from ebay or youblogger "" or "" order from whom.

Reply with exactly one uppercase letter out of A, B, C, or D.
",253
24271.0,Getting a tattoo,He shows how he shaves the client's arm with a razor and rubs some alcohol on it to prep the skin. Then he places a stencil on the client's arm to lay down the outline of the tattoo. then he,D,"Context:
""He shows how he shaves the client's arm with a razor and rubs some alcohol on it to prep the skin. Then he places a stencil on the client's arm to lay down the outline of the tattoo. then he""

Which of the following endings best completes the context?

Choices:
A. puts a butterfly tattoo on the client's biceps and hair, and then reads from a title screen before putting a cover painting to completes the tattoo.
B. goes back to being right where he started and proceeds to do some finger marking down the outside of the tattoo.
C. pasta him some sausage and ends by something on the table.
D. applies some cream over the skin to minimize bleeding.

Reply with exactly one uppercase letter out of A, B, C, or D.
",205
28531.0,Pets and Animals,"[header] How to safely keep multiple hamsters [title] Know your species. [step] Only certain hamsters should be kept in a cage together. Dwarf hamsters, which include russian, chinese, and djungarian hamsters, are very social and enjoy the company of a friend.",C,"Context:
""[header] How to safely keep multiple hamsters [title] Know your species. [step] Only certain hamsters should be kept in a cage together. Dwarf hamsters, which include russian, chinese, and djungarian hamsters, are very social and enjoy the company of a friend.""

Which of the following endings best completes the context?

Choices:
A. Dwarf hamsters love interacting with people and usually claim to be "" litter babies "" when cared for. [title] Put your hamster's cage in a location with a good heat source.
B. You might consider picking a dwarf hamster specifically for a relaxing and friendly environment and not a playful one. However, if you suspect that one of your hamsters is a dwarf hamster, consider bringing him into the cage with you to ensure a safe environment.
C. Syrian hamsters and other large breeds, though, prefer to live alone. [substeps] Most pet stores sell dwarf hamsters.
D. Chinchillas and various other exotic breeds may not be allowed in a small cage. [title] Choose the right space for your hamster.

Reply with exactly one uppercase letter out of A, B, C, or D.
",295
9447.0,Pets and Animals,"[header] How to care for a caterpillar [title] Choose the right time of year. [step] The best time to go caterpillar hunting is during the spring and summer, as this is when the majority of moths and butterflies will lay their eggs. However, some species-such as the woolly bear caterpillar-emerge in autumn.",B,"Context:
""[header] How to care for a caterpillar [title] Choose the right time of year. [step] The best time to go caterpillar hunting is during the spring and summer, as this is when the majority of moths and butterflies will lay their eggs. However, some species-such as the woolly bear caterpillar-emerge in autumn.""

Which of the following endings best completes the context?

Choices:
A. Pick a time of year when the insects are in good spirits, such as early summer or early fall. [title] Draw your caterpillar to health.
B. Winter is the only time of year when caterpillars cannot be found. [substeps] In the wild, caterpillar typically have a 2% survival rate, which means that for every 100 eggs a female butterfly or moth lays, only two will survive to maturity.
C. Do not wait until spring to harvest the caterpillar. [substeps] A major threat to fly with a caterpillar is the possibility of flies directly into your eye.
D. This specific time of year is a good one because the caterpillar cannot produce eggs for a while. Find a time when your caterpillar is still hungry and cool.

Reply with exactly one uppercase letter out of A, B, C, or D.
",333
35851.0,Personal Care and Style,"[header] How to dye your hair with eyeshadow [title] Find suitable eyeshadow. [step] Choose old eyeshadow or some from the dollar store. It's probably best to not use your good quality, expensive makeup.",B,"Context:
""[header] How to dye your hair with eyeshadow [title] Find suitable eyeshadow. [step] Choose old eyeshadow or some from the dollar store. It's probably best to not use your good quality, expensive makeup.""

Which of the following endings best completes the context?

Choices:
A. Use one that matches your skin tone and that suits your coloring. [title] Fill your eyeshadow container with the eyeshadow you want.
B. [title] Crush the eyeshadow into a fine powder. [step] Use a fork, end of a butter knife, or similar to help you mash it up in a bowl.
C. If it gets ruined at some point, your outfit won't be worth squinting at. [substeps] Don't use black eyeshadow because it is more intense and illuminates.
D. However, you can use some eye shadow in natural shades like dark green or deep cranberry. Just make sure it's muted so you can find it later.

Reply with exactly one uppercase letter out of A, B, C, or D.
",271
32098.0,Food and Entertaining,"[header] How to slice meat [title] Place a large cut of meat, like a tenderloin or a roast, on your cutting board. [title] Locate the grain of your meat. [step] The grain is the set of lines created by layers of muscle fiber.",C,"Context:
""[header] How to slice meat [title] Place a large cut of meat, like a tenderloin or a roast, on your cutting board. [title] Locate the grain of your meat. [step] The grain is the set of lines created by layers of muscle fiber.""

Which of the following endings best completes the context?

Choices:
A. These lines are known as their bones or bone, as they are the main part of the meat, rather than the body. Bearing in mind that the grain of your meat runs parallel to each bone, that means the pattern of grain links the bones to its fat.
B. You can find grain couers that specify that a piece of meat should be between 45 to 70% grain. [title] Place medium sized cuts of meat on your cutting board.
C. [title] Position the meat so that the grain is parallel to your cutting board. [title] Place the blade of your knife at a 45-degree angle against the side of the meat furthest from you.
D. Cattle will turn easily or cause digestive problems if they have a higher percentage of muscle fibers than beef. [title] Listen carefully for slight shifting in crust or texture when turning away from the grain of your meat.

Reply with exactly one uppercase letter out of A, B, C, or D.
",328
9666.0,Home and Garden,"[header] How to clean your room for your boyfriend [title] Take all the trash you have in your room and make a pile. [step] Then, using the divide and conquer method, create separate piles. One pile could be drinking glasses and plates, and/or food, another could be paper trash.",B,"Context:
""[header] How to clean your room for your boyfriend [title] Take all the trash you have in your room and make a pile. [step] Then, using the divide and conquer method, create separate piles. One pile could be drinking glasses and plates, and/or food, another could be paper trash.""

Which of the following endings best completes the context?

Choices:
A. [substeps] You can also make piles with paper towels, toilet paper, empty paper, paper cups or anything that looks like it could be a work surface. [title] Put everything back where it was supposed to be.
B. Decide what category everything belongs in, and then bring them to the correct room. [substeps] Place dirty dishes in the dishwasher or kitchen sink.
C. Organizing into categories is useful, as you can easily see what can and cannot be left behind. You can, for example, put things like school supplies in another pile.
D. Make them into piles your boyfriend can find easily. Anything else he can throw away or put in his bag in his room is fine.

Reply with exactly one uppercase letter out of A, B, C, or D.
",286
26496.0,Relationships,"[header] How to prepare before your boyfriend comes over [title] Give yourself plenty of time to get ready, this avoids having to rush around at the last minute and gives you time to relax before he arrives. [title] [step] The most important thing is to be clean! Every guy can appreciate a woman with good hygiene. [substeps] Wash your hair and use a good conditioner, studies show guys are more attracted to women with healthy-looking hair.",C,"Context:
""[header] How to prepare before your boyfriend comes over [title] Give yourself plenty of time to get ready, this avoids having to rush around at the last minute and gives you time to relax before he arrives. [title] [step] The most important thing is to be clean! Every guy can appreciate a woman with good hygiene. [substeps] Wash your hair and use a good conditioner, studies show guys are more attracted to women with healthy-looking hair.""

Which of the following endings best completes the context?

Choices:
A. Brush your teeth before you go to sleep, especially if you've had bad breath recently. Avoid all body odor! [title] Prepare for him as early as possible.
B. [title] Wear the clothes he's going to be wearing too, but not too baggy. [step] Make sure they are well-fitting and not too casual.
C. Give your whole body a good pass with some good-smelling soap, and rinse thoroughly. Don't forget to get those feet clean! Shave your legs and armpits.
D. Get your nails done, and brush your teeth. Look in the mirror and remember to clean your nose and lips.

Reply with exactly one uppercase letter out of A, B, C, or D.
",308
31738.0,Polishing forniture,"Clips of the shop exterior and interior are shown and it includes a person in an office, people in the shop working on the wood pieces, people being interviewed, wood supplies, and the finished wood pieces themselves. the outro",B,"Context:
""Clips of the shop exterior and interior are shown and it includes a person in an office, people in the shop working on the wood pieces, people being interviewed, wood supplies, and the finished wood pieces themselves. the outro""

Which of the following endings best completes the context?

Choices:
A. for christmas presentation appears and it shows it's photos of children doing a successful day at the coffee shop and as someone in the shop appears to have scratched the wood.
B. appears and it's the video clip of the workers working on the wood pieces, and text appear on the screen that include the shops address, email, website and phone number, the exterior shop is shown again.
C. news is shown and detailed.
D. appears on screen with more details followed by various the pretend newscast techniques required for monkey business.

Reply with exactly one uppercase letter out of A, B, C, or D.
",215
13287.0,Youth,"[header] How to be grunge in middle school [title] Listen to grunge music. [step] If you want to be grunge, spend some time familiarizing yourself with various grunge bands. You should listen to well-known grunge bands that started the grunge movement in the early' 90s.",D,"Context:
""[header] How to be grunge in middle school [title] Listen to grunge music. [step] If you want to be grunge, spend some time familiarizing yourself with various grunge bands. You should listen to well-known grunge bands that started the grunge movement in the early' 90s.""

Which of the following endings best completes the context?

Choices:
A. [substeps] Punk bands include updos and goth, pop, and techno--all of which celebrate grunge culture while still being hippop. Listen to rock punk music, like pidgin rock and roll, country metal, or country pop rock bands (e.g.
B. Follow along with slow music when hanging out with friends. Have fun and learn your musical style, or you can help your rock group ride out your hipster friends' hipsters.
C. If you're really committed, listen to classical music, like jazz or jazz. Hang out in these venues of music where lots of people want to dance and eat, and rap, and dance.
D. You can listen to grunge music on accounts like spotify, or buy grunge albums off itunes. [substeps] Nirvana, pearl jam, alice in chains, sound garden, stone temple pilots, and others are all iconic grunge bands.

Reply with exactly one uppercase letter out of A, B, C, or D.
",328
3217.0,Sports and Fitness,"[header] How to improve your 2 mile run time [title] Run every other day. [step] Doing this will establish running as a habit in your life. This simple step will improve your heart rate, lower your weight, increase your endurance, and relieve all of the stress built up inside of you.",D,"Context:
""[header] How to improve your 2 mile run time [title] Run every other day. [step] Doing this will establish running as a habit in your life. This simple step will improve your heart rate, lower your weight, increase your endurance, and relieve all of the stress built up inside of you.""

Which of the following endings best completes the context?

Choices:
A. [substeps] Write down which miles you run every day in a notebook. Spend a little time each day writing down where you run from, what it is like to run from home, and where your favorite song is.
B. [substeps] While not everyone can jog all day long, it is beneficial to start running about once a day. Even when you aren't jogging, taking one day off a week should count as a period to help your body reap its benefits.
C. Tell a reliable exercise book or guide that you're willing to put into practice. [substeps] Take the book with you, and add 1 mile for every month you run on the treadmill.
D. Running every other day also gives your muscles time to heal. [title] Buy running shoes designed for your feet and bone structure.

Reply with exactly one uppercase letter out of A, B, C, or D.
",300
22779.0,Computers and Electronics,"[header] How to tip your uber driver [title] Determine how happy you are with your ride. [step] Uber now has a way to send tips right through the app, and they advise using it. [substeps] Rate your ride on the uber app you have on your phone.",C,"Context:
""[header] How to tip your uber driver [title] Determine how happy you are with your ride. [step] Uber now has a way to send tips right through the app, and they advise using it. [substeps] Rate your ride on the uber app you have on your phone.""

Which of the following endings best completes the context?

Choices:
A. If your ride is lighter around the ride times, you may not be able to tip it much. Riders may try to tip the uber driver via place-calling only, tapping the dial, clicking on the call button or trying to access their personal e-mail list.
B. Your train routes will be marked "" primary "" as your train time, and the train schedule will be marked "" main "" as your ride time. Indicate which stops you would like your driver to be scheduling ahead of time, and then change the schedule to a time that feels convenient to you.
C. Look for the "" add a tip for (name) "" section underneath the button for "" give a compliment "". Tap the dollar amount you'd like to apply as a tip to the driver or tap the "" enter custom amount.
D. The normal rate on the uber app is 20 , 000 +. Low-total tips on the app can get a bit misleading.

Reply with exactly one uppercase letter out of A, B, C, or D.
",328
17672.0,Finance and Business,"[header] How to document your invention [title] Buy a bound notebook. [step] Despite technological advances, the best way to document your invention remains hand-writing details regarding your idea, descriptions, and tests on paper in a bound notebook. [substeps] Look for something with a hard cover, and pages that are sewn in.",B,"Context:
""[header] How to document your invention [title] Buy a bound notebook. [step] Despite technological advances, the best way to document your invention remains hand-writing details regarding your idea, descriptions, and tests on paper in a bound notebook. [substeps] Look for something with a hard cover, and pages that are sewn in.""

Which of the following endings best completes the context?

Choices:
A. A bound notebook may not have slats, which may slow down recording or compromise color or quality production. The sheet of paper that the notebook contains must also have a cover, and be sturdy enough that it holds all of your writing.
B. This makes it more difficult for a later challenger to argue that you added something after the fact. Some of these books have blank pages, while others include lines or grids.
C. If the cover is made of a stronger material, like leather or other paper, take into account the texture. Rigid pages will be difficult to break into or to roll.
D. The paper you purchase should have a high, flat edge and thick pages. Only put electronic papers in a notebook, since they should be bound to plastic.

Reply with exactly one uppercase letter out of A, B, C, or D.
",295
1012.0,Food and Entertaining,"[header] How to pack a bike to ship [title] Acquire a bicycle-specific box from your local bike shop. [step] If the shop is not able to provide you with a free used box, you can usually purchase a brand new box for a small fee. [substeps] Remove, or cover, any existing shipping labels on pre-used boxes.",A,"Context:
""[header] How to pack a bike to ship [title] Acquire a bicycle-specific box from your local bike shop. [step] If the shop is not able to provide you with a free used box, you can usually purchase a brand new box for a small fee. [substeps] Remove, or cover, any existing shipping labels on pre-used boxes.""

Which of the following endings best completes the context?

Choices:
A. [title] Remove the bike's handlebar, pedals, seat post and front wheel. [step] Most of these parts can be removed by hand, although you may need to employ a small wrench in order to remove the pedals.
B. If you will be shipping a bike to a city or county construction site, it is a good idea to bring any pre-existing shipping labels you have no need to design. [title] Use cans and lids to pack the bike.
C. These will make it easier to ship your bike to save time. [title] Walk around your bike several times a day for optimal results.
D. [title] Freeze an unused bike-specific package, sealed case, or short case in the freezer. [step] Freeze the packages overnight before mailing them or to save money.

Reply with exactly one uppercase letter out of A, B, C, or D.
",319
31217.0,Health,[header] How to lose weight on the volumetrics diet [title] Focus on what you can eat instead of what you can't eat. [step] You will learn how to incorporate even your favorite foods in moderation. [title] Follow widely accepted nutritional advice.,B,"Context:
""[header] How to lose weight on the volumetrics diet [title] Focus on what you can eat instead of what you can't eat. [step] You will learn how to incorporate even your favorite foods in moderation. [title] Follow widely accepted nutritional advice.""

Which of the following endings best completes the context?

Choices:
A. [title] Include yogurt in your diet as well. [title] Try not to wait to be on the weight loss pill.
B. [step] You won't find any low-carb requirements or other gimmicks with volumetrics. The only proven way to lose weight is to eat fewer calories than your body uses as fuel.
C. [step] It should be required, and if available from your doctor or pharmacist, be sure to follow it. If it doesn't teach you anything, try google nutritionist or some other online source.
D. [step] Under the leadership of the dietetic diet, many experts suggest that women should eat both leafy and lean meat. Whole food should encourage proper digestion, which promotes the body's ability to process and digest light foods.

Reply with exactly one uppercase letter out of A, B, C, or D.
",300
20536.0,Youth,"[header] How to convince your parents to let you get a haircut [title] Look up different hairstyles and cuts. [step] Before you talk to your parents, it's best to have an idea in mind. Look through magazines, books, and style websites to find ideas.",A,"Context:
""[header] How to convince your parents to let you get a haircut [title] Look up different hairstyles and cuts. [step] Before you talk to your parents, it's best to have an idea in mind. Look through magazines, books, and style websites to find ideas.""

Which of the following endings best completes the context?

Choices:
A. Do your research on what styles look good for your hair and face type so you can explain to your parents why the hairstyle you want is a good idea. [substeps] Get advice from a stylist and friends as well to help you make a decision since they might know what will look best on you.
B. Get a makeover in your head before your talk with your parents. [substeps] Do not get a haircut you are not passionate about just yet.
C. [substeps] Read magazines and fashion journals to get ideas for new hairstyles. Go grocery shopping to get the latest look, for example.
D. There's a lot of information about hairstyles, colors, and cuts out there, so get inspiration from all of these articles. [title] Talk to your parents or school to see if you need to get a haircut.

Reply with exactly one uppercase letter out of A, B, C, or D.
",310
15000.0,Youth,"[header] How to get over a crush [title] Find people who know what you're feeling. [step] It's hard to see the light at the end of the tunnel when you're in the middle of a crush, but plenty of other people have been down this path before you. Finding out how they got through it can kick-start your own inspiration to move on.",B,"Context:
""[header] How to get over a crush [title] Find people who know what you're feeling. [step] It's hard to see the light at the end of the tunnel when you're in the middle of a crush, but plenty of other people have been down this path before you. Finding out how they got through it can kick-start your own inspiration to move on.""

Which of the following endings best completes the context?

Choices:
A. These friends will definitely give you inspiration-after all, nobody has had this experience before. [substeps] Find a friend with whom you know you can share your thoughts together.
B. [substeps] Ask a friend or family member for help. Most people can sympathize with love on some level, and they might be able to tell you about their own experiences overcoming a crush.
C. [substeps] Feeling rejected can come across as inconsiderate. Find a friend and ask them how they got through it.
D. [substeps] Find people who have shared similar experiences with you before. It may feel weird at first, but there are many people out there who have not had the same success as you.

Reply with exactly one uppercase letter out of A, B, C, or D.
",288
44278.0,Computers and Electronics,[header] How to add text over video in final cut pro [title] Open the final cut pro application on your computer. [title] Open the project library by clicking on the icon of a film reel located in the bottom-left corner of final cut pro. [title] Open the project you want to add text to by double-clicking on the project's name.,C,"Context:
""[header] How to add text over video in final cut pro [title] Open the final cut pro application on your computer. [title] Open the project library by clicking on the icon of a film reel located in the bottom-left corner of final cut pro. [title] Open the project you want to add text to by double-clicking on the project's name.""

Which of the following endings best completes the context?

Choices:
A. [title] After this you'll be prompted to enter the html code you used to create the screenshot. [step] Make sure the code you enter matches the format that you're going to film your screenshot in.
B. [title] Select format project from the thumbnail tool (move to file] format). [step] Choose what you want to add a text from.
C. [title] Click on the "" effects "" tab in your project's bin. [substeps] The bin is a square area shaded in gray, located in the upper-left corner of your final cut pro session.
D. [title] Now, you will see the timeline, amount of text, format options and a sidebar that shows you the titles and settings. [step] Hit "" create "" again to continue.

Reply with exactly one uppercase letter out of A, B, C, or D.
",302
50354.0,Health,"[header] How to eat like a skinny person [title] Eat mindfully. [step] When it's time to eat, make sure that you're away from distractions. Studies have shown that people who were distracted while eating felt less full, satisfied, and consumed more food than people who practiced mindful eating.",C,"Context:
""[header] How to eat like a skinny person [title] Eat mindfully. [step] When it's time to eat, make sure that you're away from distractions. Studies have shown that people who were distracted while eating felt less full, satisfied, and consumed more food than people who practiced mindful eating.""

Which of the following endings best completes the context?

Choices:
A. Eating mindfully will also help with breathing. Slow, deep breaths will stimulate endorphins.
B. [substeps] Eat 3 or 4 small meals a day, then add in your snacks as well. It can take some getting used to, so don't make it a daily habit to have a leisurely lunch on the weekends and 3 or 4 nap days.
C. People who have healthy weights enjoy their meals and snacks to the fullest and have limited distractions while they eat. Remember, skinny people may not be the same.
D. [substeps] Similarly, if you snack instead of going for coffee or pizza, try only for a few seconds every hour or two to allow you to relax and reflect. For example, if you're a beaner, try to eat only for a few seconds every hour instead of another.

Reply with exactly one uppercase letter out of A, B, C, or D.
",323
11245.0,Personal Care and Style,[header] How to straighten hair with a roller brush [title] Towel dry hair to remove the majority of moisture. [step] Hair will need to be damp to straighten. [title] Comb hair to remove tangles and excess moisture.,B,"Context:
""[header] How to straighten hair with a roller brush [title] Towel dry hair to remove the majority of moisture. [step] Hair will need to be damp to straighten. [title] Comb hair to remove tangles and excess moisture.""

Which of the following endings best completes the context?

Choices:
A. [step] Gently do this with a fine toothed comb or in the shower. [title] You can also use hot rollers.
B. [step] Hair should remain damp and tangle free. [title] Apply straightening product or serum to hair.
C. [step] Brush hair until all of the tangles are gone. Comb hair again as needed and then towel dry as needed.
D. [title] Straighten hair at the crown to be straight. [step] Rollers become a hair tool and so do curlers and hair clips.

Reply with exactly one uppercase letter out of A, B, C, or D.
",240
19820.0,Health,"[header] How to prepare for an angiogram [title] Talk to your doctor about your medical history. [step] Ask your doctor if you are supposed to take your usual morning medications. If you have diabetes, ask if you can take insulin or oral blood sugar medications before the test.",D,"Context:
""[header] How to prepare for an angiogram [title] Talk to your doctor about your medical history. [step] Ask your doctor if you are supposed to take your usual morning medications. If you have diabetes, ask if you can take insulin or oral blood sugar medications before the test.""

Which of the following endings best completes the context?

Choices:
A. [title] Be aware of any allergies to dogs. [step] Some medications for dogs can cause symptoms of canine meningitis, spread from person to person.
B. [substeps] If your doctor says that you should take these medications before the test, feel free to ask her if you can take them at the pharmacies. [title] Request a biopsy if your doctor allows it.
C. Ask your doctor to confirm that you're already taking these medications. You should also contact a doctor who will decide your treatment and contact you if anything has changed since the last time you tested for insulin.
D. [substeps] Tell your doctor if you have a history of asthma, kidney or bleeding problems. Special precautions may be needed if you have one of these conditions.

Reply with exactly one uppercase letter out of A, B, C, or D.
",296
297.0,Health,[header] How to handle a negative review [title] Stay calm. [step] A negative review can be tough to swallow and you may start to feel angry or defensive. You may also react emotionally if you were not expecting the review to be so poor.,A,"Context:
""[header] How to handle a negative review [title] Stay calm. [step] A negative review can be tough to swallow and you may start to feel angry or defensive. You may also react emotionally if you were not expecting the review to be so poor.""

Which of the following endings best completes the context?

Choices:
A. Resist the urge to get upset, yell, or shout. Instead, try to stay calm and collected.
B. Remember that your treatment outcomes have little to do with you personally. It's your response to a negative review, not someone else's.
C. [substeps] Blaming and criticizing employees can cause to stress in the workplace. Even if the criticism you received wasn't very bad, be ready to prevent yourself from losing your cool and reacting negatively.
D. [substeps] Take a deep breath and remind yourself that you were not expecting the review. You can say, "" i was not expecting to be on this committee.

Reply with exactly one uppercase letter out of A, B, C, or D.
",253
3054.0,Relationships,"[header] How to resolve livestock collision disputes [title] Check that you are covered with insurance. [step] If you are the driver, then you probably have auto insurance. However, you should check whether you have collision coverage.",B,"Context:
""[header] How to resolve livestock collision disputes [title] Check that you are covered with insurance. [step] If you are the driver, then you probably have auto insurance. However, you should check whether you have collision coverage.""

Which of the following endings best completes the context?

Choices:
A. If you do not, then report the violation as an accident. [substeps] If you are the driver, then then you have liability to pay for.
B. This type of coverage will pay to repair your car after the crash. [substeps] If you are the livestock owner, then you should check whether you have general farm insurance coverage.
C. Under this article, you can't be covered. Nevertheless, you should feel you are covered.
D. Including this information in your claim can speed the process and make it easier to resolve your dispute. [substeps] You can search the vehicle's manual or check it online.

Reply with exactly one uppercase letter out of A, B, C, or D.
",241
8845.0,Family Life,[header] How to talk so teens will listen [title] Remove distractions to make listening easier. [step] Getting your teen to listen is much easier when you aren't competing with their cell phone or the television. Eliminate these distractions and your message is more likely to actually be heard.,C,"Context:
""[header] How to talk so teens will listen [title] Remove distractions to make listening easier. [step] Getting your teen to listen is much easier when you aren't competing with their cell phone or the television. Eliminate these distractions and your message is more likely to actually be heard.""

Which of the following endings best completes the context?

Choices:
A. [substeps] If you're in a class, ask a teacher to remind your teen to turn off all phones during class. You can still provide them with distractions if they just want to take their mind off of school.
B. [substeps] Decide which (or all) distractions will help your teen hear more clearly. Let your teen hear the message from another part of the house, from a windowsill outside, or in rooms that are quiet.
C. [substeps] When you're planning to talk, turn off the tv and ask your teen to silence their phone or leave it in another room. If your teen is the type to feel intimidated by face-to-face discussions, try chatting with them during tv commercials.
D. [substeps] Research shows that some teens prefer to be ignored or...without a distraction. Keeping the screen fairly up will help correct that.

Reply with exactly one uppercase letter out of A, B, C, or D.
",324
25727.0,Holidays and Traditions,"[header] How to create holiday snowmen out of socks [title] Choose a white tube sock. [step] You are welcome to use other colors, but white works best for snowmen. [substeps] Avoid using ankle socks, they won't work.",D,"Context:
""[header] How to create holiday snowmen out of socks [title] Choose a white tube sock. [step] You are welcome to use other colors, but white works best for snowmen. [substeps] Avoid using ankle socks, they won't work.""

Which of the following endings best completes the context?

Choices:
A. Also, white socks often create the wrong feeling on hands, and are not the image a sophisticated consumer would want. [title] Choose a color that will compliment your snow-men.
B. [title] Make your foot dipped with the sock. [step] You can soak your foot with warm water, but they don't sit well with socks.
C. [title] Find a white sock with a short cuff for maximum warmth. [step] You can use two socks at once, or you can rearrange them depending on your theme.
D. [title] Fill the bottom of the sock with dry beans or rice until it is about 3/4 filled to the heel. [step] You may need to adjust this later.

Reply with exactly one uppercase letter out of A, B, C, or D.
",285
37986.0,Relationships,"[header] How to embrace rejection [title] Think about what rejection really means. [step] The first step to getting over your fear of rejection is to consider the concept clearly and thoroughly. Ask yourself: what does it say about me when i get rejected? What feeling causes me the most discomfort when it happens? Once you've identified and sorted through your feelings about rejection, you can start to overcome it.",B,"Context:
""[header] How to embrace rejection [title] Think about what rejection really means. [step] The first step to getting over your fear of rejection is to consider the concept clearly and thoroughly. Ask yourself: what does it say about me when i get rejected? What feeling causes me the most discomfort when it happens? Once you've identified and sorted through your feelings about rejection, you can start to overcome it.""

Which of the following endings best completes the context?

Choices:
A. [title] Treat rejection as one part of healing. [step] In order to heal, have patience, instead of dwelling on the initial hurt feelings and what happened, try to admit everything as you go.
B. [substeps] It can help to write about your feelings in order to organize your thoughts. If you already keep a journal or a blog, devote an entry to your reflection about rejection.
C. [substeps] If you think you are weak in any way, then you know what you have to do to fight it. There are no "" defenses "" (yours or someone else's) to overcome fear of rejection.
D. [substeps] Try to analyze the situation as accurately as possible. You want to give yourself a clear picture of what it means to be rejected.

Reply with exactly one uppercase letter out of A, B, C, or D.
",318
30392.0,Computers and Electronics,"[header] How to use the roto brush in adobe ae [title] Import your footage into ae. [step] Make sure that the preview resolution is set to "" full "" so that you can clearly make out the details of your subject, which will ensure the accuracy of your rotobrushing. [title] Select the rotobrush tool.",C,"Context:
""[header] How to use the roto brush in adobe ae [title] Import your footage into ae. [step] Make sure that the preview resolution is set to "" full "" so that you can clearly make out the details of your subject, which will ensure the accuracy of your rotobrushing. [title] Select the rotobrush tool.""

Which of the following endings best completes the context?

Choices:
A. [step] This tool has three-dimensional bars that can be used to create shadows and highlight on solid-colored surfaces. It has volume control that will allow you to make small horizontal transitions instead of zooming.
B. [step] The rotobrush tool allows you to select any parts of the object that you want to rotobrush. This tool may be any third toggle bar or disable bar.
C. [step] Double-click your footage to open the layer panel. At the top of the layer panel is the roto brush icon.
D. [step] Once your image is in the rotobrush tool window, you'll see a list of auto-save and re-saving rights available. First, click "" import "" from this list.

Reply with exactly one uppercase letter out of A, B, C, or D.
",295
21166.0,Home and Garden,[header] How to make quick easy cupcakes [title] Measure out your ingredients. [step] Having everything ready before you start mixing will keep you from forgetting an important ingredient. [title] Preheat the oven to 375 ° fahrenheit (190 ° celsius).,C,"Context:
""[header] How to make quick easy cupcakes [title] Measure out your ingredients. [step] Having everything ready before you start mixing will keep you from forgetting an important ingredient. [title] Preheat the oven to 375 ° fahrenheit (190 ° celsius).""

Which of the following endings best completes the context?

Choices:
A. [title] Combine the other ingredients in a medium mixing bowl. [step] Make sure you use a non-stick thermometer to ensure you get exact measurements.
B. [title] Spray a glass or plastic cupcake case with non-stick spray. [title] In a separate bowl, combine the dry ingredients, cinnamon, sugar, and vanilla.
C. [title] Place 12 cupcake liners into a cupcake pan. [step] If you don't have liners, just grease each cup with vegetable oil or butter to keep the cupcakes from sticking.
D. [title] Line a small cupcake dish with foil. [step] Wear oven mitts to make it easier to use your hands.

Reply with exactly one uppercase letter out of A, B, C, or D.
",303
13890.0,Food and Entertaining,"[header] How to use a graphic flight computer to find ground speed and true heading [title] Align the wind direction under the "" true index "" mark by rotating the azimuth plate. [step] If the winds are from 330 ° at 20 knots, align 330 under the true index. [title] Align the grid so the center grommet is over one of the heavy lines.",B,"Context:
""[header] How to use a graphic flight computer to find ground speed and true heading [title] Align the wind direction under the "" true index "" mark by rotating the azimuth plate. [step] If the winds are from 330 ° at 20 knots, align 330 under the true index. [title] Align the grid so the center grommet is over one of the heavy lines.""

Which of the following endings best completes the context?

Choices:
A. [step] Only if you are flying with the reverse rotor or with the stick, the grid should be perpendicular to the ground. [title] Align the grid so it is above one of the strong lines, connected to the main mast.
B. [step] It doesn't matter which line is used at this point. [title] Mark the wind speed by counting up from the center grommet.
C. [step] The grid turns when the wind is consistently southeast away from the ground. [title] Position a heavy line going in the direction of the ground.
D. [step] If the wind is coming from east then do not align the grid. [title] Locate the "" left terminal "" mark on the ground and press it with the tire iron (that is, a large metal tube that sticks out from the ground).

Reply with exactly one uppercase letter out of A, B, C, or D.
",328
49650.0,Computers and Electronics,"[header] How to do cheetah print nails [title] Look for black, brown, and beige nail polish. [step] To create the full cheetah print effect on your nails, you will need to get nail polish that is black, brown, and beige. These three colors together will create a fun cheetah print.",D,"Context:
""[header] How to do cheetah print nails [title] Look for black, brown, and beige nail polish. [step] To create the full cheetah print effect on your nails, you will need to get nail polish that is black, brown, and beige. These three colors together will create a fun cheetah print.""

Which of the following endings best completes the context?

Choices:
A. If you really want the cheetah print to be a permanent thing, you will need to get nail polish that is specifically made for this color scheme. [substeps] You can find nail polish products that are similar to the colors of your nails online or at your local hardware store.
B. For best results you should go for black, brown, and beige. [substeps] For example, if you have black nail polish, your dominant nail polish color for this project should be black, brown, and beige.
C. [substeps] Create the upper edge of each nail by using your hands to create a two-dimensional layer of polish on each nail. As you do so, periodically swipe the polish in upward strokes on each nail, as well as along each nail's edge.
D. [substeps] You can substitute the beige for a gold or cream color, based on your preference. If you would like a more colorful cheetah print, you could use a bright color like pink or blue instead of the beige.

Reply with exactly one uppercase letter out of A, B, C, or D.
",367
24845.0,Food and Entertaining,"[header] How to boil wort [title] Purchase an appropriate kettle or pot. [step] Depending on the scale you want to boil wort and the amount of money you have, you'll have to pick an appropriate kettle. While many different types of kettles are good for boiling wort, some are much more efficient and will produce a better-quality product.",A,"Context:
""[header] How to boil wort [title] Purchase an appropriate kettle or pot. [step] Depending on the scale you want to boil wort and the amount of money you have, you'll have to pick an appropriate kettle. While many different types of kettles are good for boiling wort, some are much more efficient and will produce a better-quality product.""

Which of the following endings best completes the context?

Choices:
A. Some kettles include : [substeps] Traditional copper kettles. While this type of kettle isn't the most efficient, it is relatively cheap and easy to use.
B. [substeps] Kettles come in glass or ceramic models with holes drilled into them for ventilation, or with valves that allow the water to flow through the spout. You may not need to have a kettle handy when boiling wort.
C. Check the ingredients labels to choose the correct kettle for your particular brewing venture. The quantity of water required will also vary, depending on your personal judgement.
D. [substeps] For a table, you might boil the wort until it resembles a fine powder in the center. A more traditional kettle will produce a richer, cleaner boil.

Reply with exactly one uppercase letter out of A, B, C, or D.
",326
40341.0,Food and Entertaining,"[header] How to make your room a hangout spot (teen girls ) [title] Pick a theme for your room. [step] All good rooms have a theme-it ties the room together. There are so many different possibilities when it comes to themes, so you're sure to find one that you like.",A,"Context:
""[header] How to make your room a hangout spot (teen girls ) [title] Pick a theme for your room. [step] All good rooms have a theme-it ties the room together. There are so many different possibilities when it comes to themes, so you're sure to find one that you like.""

Which of the following endings best completes the context?

Choices:
A. Some ideas for themes are : [substeps] Retro plaid your favorite color your favorite band paris (or another city) japan (or another country) music your favorite movie (harry potter, etc. ) animals your favorite book (percy jackson, etc.
B. Theme: if your room did not currently have a theme, you could always make one. [substeps] If you did have a theme, however, you should get started.
C. Choose a theme that matches your mood-bedroom smells and feelings are the foundation of choosing your decor. Also, don't go all out and choose too many keyboards or nothing at all.
D. Always start the theme with something fun and cool, without anything crazy. [title] Hang pictures and posters around the walls.

Reply with exactly one uppercase letter out of A, B, C, or D.
",294
